# Blender 5.1.1
# www.blender.org
o Body
v -0.034684 1.042852 -0.091893
v 0.115337 1.045400 -0.070033
v 0.058243 1.148302 -0.110074
v 0.053662 1.246015 -0.136641
v 0.014463 1.355307 -0.142599
v 0.155582 1.067491 -0.002408
v 0.147587 1.104424 -0.040823
v 0.177262 1.270379 -0.053453
v 0.175968 1.299637 -0.090732
v 0.170390 1.239040 -0.062747
v 0.119508 1.259073 -0.133957
v 0.196179 1.390703 -0.097996
v 0.150939 1.341093 -0.120998
v 0.085044 1.326494 -0.145607
v 0.158757 1.463354 -0.038244
v 0.167094 1.455432 -0.057479
v 0.066753 1.510799 -0.039649
v 0.084579 1.494852 -0.057539
v -0.026734 1.503162 -0.061863
v 0.080146 1.443445 -0.110658
v 0.038220 1.362026 -0.140237
v -0.045811 1.236927 -0.132984
v -0.136726 1.044813 -0.049403
v -0.136932 1.180087 -0.079841
v -0.142911 1.070225 -0.044943
v -0.161491 1.044764 0.023817
v -0.162262 1.163628 0.001867
v -0.163631 1.199688 -0.047506
v -0.176622 1.270830 -0.062098
v -0.108783 1.271853 -0.144343
v -0.136237 1.272734 -0.126262
v -0.180653 1.363663 -0.105702
v -0.181811 1.408951 -0.097631
v -0.193635 1.440556 -0.057533
v -0.058931 1.350224 -0.144241
v -0.071293 1.427952 -0.120174
v -0.083140 1.502197 -0.032828
v -0.181486 1.449569 0.004698
v -0.103052 1.488368 -0.056010
v 0.003550 1.494371 0.088343
v -0.065693 1.517438 0.050815
v -0.054047 1.551764 -0.039075
v -0.055180 1.541446 -0.007372
v 0.048399 1.549960 -0.038603
v -0.071839 1.519800 -0.021536
v -0.062607 1.460222 0.054049
v -0.052372 1.479700 0.056280
v 0.028593 1.447218 0.071571
v 0.073838 1.464076 0.033879
v 0.036017 1.387568 0.107927
v 0.000375 1.330175 0.132067
v 0.062870 1.302198 0.140829
v 0.127099 1.446036 0.029138
v 0.179774 1.423117 0.042714
v 0.176002 1.319602 0.059100
v 0.087955 1.344051 0.118470
v 0.156619 1.338314 0.084463
v 0.170253 1.277798 0.006280
v 0.111237 1.251931 0.117680
v 0.169520 1.213554 -0.000279
v 0.161214 1.091570 0.030090
v 0.142697 1.029422 0.075796
v 0.144918 1.050990 0.076639
v 0.072832 1.013027 0.135207
v -0.036618 0.998485 0.145687
v 0.059311 1.071336 0.141662
v 0.125051 1.136060 0.103559
v 0.062714 1.520743 0.044399
v 0.049886 1.541662 -0.007611
v 0.058696 1.524439 -0.030270
v 0.072814 1.503155 -0.004122
v 0.052268 1.474284 0.059505
v 0.000585 0.785695 -0.012057
v -0.046526 0.551939 -0.010995
v 0.001612 0.809936 0.127975
v -0.053325 0.788526 0.129089
v -0.065645 0.728383 0.129531
v -0.000038 0.765985 0.061843
v -0.036510 0.550923 0.026650
v -0.043337 0.546899 0.048126
v -0.069881 0.377730 -0.037181
v -0.091483 0.151963 -0.029861
v -0.056135 0.312796 -0.001815
v -0.058059 0.444434 0.011064
v -0.068446 0.297102 0.028765
v -0.082271 0.403520 0.050902
v -0.089857 0.182085 0.004558
v -0.098713 0.130508 0.001187
v -0.123350 0.171513 0.047333
v -0.120633 0.063652 0.046407
v -0.132105 0.110218 0.049331
v -0.157791 0.066399 0.047030
v -0.164269 0.066613 0.039289
v -0.168441 0.066818 0.024223
v -0.171640 0.066015 -0.008774
v -0.175747 0.083402 0.000494
v -0.150814 0.064049 -0.039879
v -0.119935 0.061470 -0.054216
v -0.161277 0.108428 -0.045539
v -0.163323 0.148752 0.039793
v -0.149621 0.126725 -0.056874
v -0.113126 0.099955 -0.048263
v -0.178844 0.136542 -0.004894
v -0.186944 0.251485 0.015815
v -0.126682 0.262269 0.058160
v -0.114715 0.472490 0.087392
v -0.064585 0.580667 0.108408
v -0.171684 0.690262 0.108937
v -0.124917 0.706059 0.137118
v -0.109679 0.960706 0.113614
v -0.042139 0.949872 0.141714
v -0.125730 1.020278 0.097845
v -0.138332 0.993436 0.088012
v -0.159767 0.987520 0.031520
v -0.140099 0.974335 -0.054418
v -0.188498 0.783103 0.057796
v -0.026008 0.899064 -0.121612
v -0.000177 0.926975 -0.119505
v -0.102314 0.961569 -0.104039
v -0.000446 0.845797 -0.089795
v -0.101378 0.837567 -0.106779
v -0.009986 0.806343 -0.051543
v -0.062013 0.780429 -0.080319
v -0.164229 0.796162 -0.036778
v -0.109835 0.792091 -0.087066
v -0.049579 0.637681 -0.051291
v -0.085235 0.556182 -0.050014
v -0.066333 0.498157 -0.034755
v -0.159355 0.498648 -0.037167
v -0.121688 0.506601 -0.054766
v -0.073849 0.324222 -0.057892
v -0.113967 0.364972 -0.087560
v -0.174736 0.333536 -0.078778
v -0.154436 0.535715 0.076123
v -0.172662 0.460588 0.022107
v -0.175811 0.548577 -0.017986
v 0.000933 0.767111 0.074792
v 0.014410 0.802770 0.127222
v 0.037554 0.545195 0.013640
v 0.026061 0.916616 0.135545
v 0.060300 0.424713 0.017140
v 0.067209 0.414888 -0.009479
v 0.097255 0.385906 0.062421
v 0.067188 0.275337 -0.025068
v 0.121056 0.433912 0.079463
v 0.065729 0.601697 0.112338
v 0.100157 0.763275 0.136541
v 0.151929 0.501299 0.071072
v 0.181805 0.534057 0.034434
v 0.065454 0.305494 0.026933
v 0.105356 0.060015 0.004585
v 0.098741 0.144295 0.016571
v 0.117716 0.063080 0.031783
v 0.145858 0.066468 0.050419
v 0.136859 0.106461 0.046569
v 0.169591 0.081958 0.023587
v 0.169929 0.062573 -0.021379
v 0.176935 0.103785 -0.017834
v 0.147046 0.109437 -0.053263
v 0.120688 0.056566 -0.051730
v 0.110323 0.083063 -0.046789
v 0.086498 0.248689 -0.057401
v 0.065808 0.324495 -0.040035
v 0.111133 0.367963 -0.083965
v 0.059669 0.490775 -0.024986
v 0.004336 0.772610 -0.017395
v 0.019479 0.802844 -0.061770
v 0.055866 0.860714 -0.117973
v 0.047051 0.586312 -0.037269
v 0.067519 0.789088 -0.083797
v 0.108573 0.548999 -0.053646
v 0.075274 0.701705 -0.081406
v 0.152417 0.474474 -0.048913
v 0.190773 0.652090 0.042506
v 0.162529 0.577590 -0.037862
v 0.125545 0.813623 -0.078032
v 0.011137 0.883953 -0.116748
v 0.065920 0.973680 -0.109547
v 0.122405 0.923454 -0.096423
v 0.137185 1.010838 -0.051564
v 0.158638 0.997116 0.023314
v 0.119862 0.893121 0.122195
v 0.117939 0.976579 0.112624
v 0.028447 0.988311 0.150547
v 0.154343 0.917230 0.092009
v 0.140216 0.709606 0.128479
v 0.168723 0.619955 0.098811
v 0.117614 0.629418 0.127215
v 0.186384 0.813720 0.030271
v 0.181322 0.398223 -0.032962
v 0.166455 0.343427 -0.085021
v 0.145563 0.195892 -0.068320
v 0.181536 0.137685 -0.015284
v 0.187927 0.207013 -0.023427
v 0.170931 0.415474 0.034580
v 0.132829 0.150021 0.048192
v 0.161333 0.162088 0.035161
v 0.144681 0.065160 0.029787
v 0.441507 0.978071 0.085981
v 0.439830 0.973804 0.081306
v 0.422019 0.968573 0.088874
v 0.415478 0.973811 0.101983
v 0.411378 0.993462 0.133561
v 0.417196 0.981875 0.112060
v 0.458404 0.995875 0.097340
v 0.440676 1.005314 0.125653
v 0.436676 1.010005 0.135775
v -0.412864 0.999538 0.135613
v -0.457239 1.013116 0.119729
v -0.422568 0.968522 0.082755
v 0.143435 0.065735 0.041575
v -0.104163 -0.001458 -0.058434
v -0.115423 0.027771 -0.075249
v -0.092766 0.012019 -0.050618
v -0.106271 0.083770 -0.048645
v -0.105495 0.064997 0.001323
v -0.146113 -0.005276 0.127989
v -0.130049 0.095496 0.051227
v -0.137072 0.067588 0.088692
v -0.132279 0.002144 0.086551
v -0.174393 0.095345 0.037289
v -0.138324 0.023748 0.153691
v -0.212042 0.011516 0.204995
v -0.156124 0.010585 0.194155
v -0.147641 0.034065 0.174069
v -0.208977 0.041507 0.199323
v -0.201121 0.033276 0.212102
v -0.224454 -0.004953 0.099538
v -0.232541 0.010746 0.124151
v -0.171303 0.009600 -0.042197
v -0.139622 0.010782 -0.075031
v -0.155647 0.073171 -0.045401
v -0.179863 0.080929 0.062068
v -0.214231 0.026253 0.062736
v -0.181050 0.066896 0.114648
v -0.180969 -0.005183 0.137216
v -0.162925 0.068238 0.043046
v -0.161176 0.055659 -0.014590
v -0.120002 0.059426 -0.034893
v -0.131016 0.064456 0.041414
v 0.115752 0.009867 -0.076496
v 0.107863 -0.002558 -0.040690
v 0.094325 0.007101 -0.055375
v 0.103674 0.082795 -0.047669
v 0.109751 0.066883 0.016650
v 0.141444 0.103469 0.055003
v 0.129706 0.004851 0.052669
v 0.151568 -0.000525 0.175454
v 0.139822 0.073862 0.086384
v 0.154225 0.013762 0.184809
v 0.114388 0.036557 0.043748
v 0.209444 0.014233 0.209285
v 0.220639 0.027384 0.193955
v 0.188154 0.039132 0.199369
v 0.233324 -0.004986 0.118097
v 0.147703 0.002640 -0.063749
v 0.231667 0.009851 0.097498
v 0.134106 0.034021 0.138686
v 0.181359 0.074690 0.074711
v 0.174448 0.086931 0.027283
v 0.158514 0.069242 -0.043844
v 0.156513 0.018600 -0.064070
v 0.143621 0.046913 -0.070167
v 0.179073 -0.006283 0.128880
v 0.123737 0.001532 -0.055152
v 0.165800 0.066394 0.037185
v 0.130209 0.059693 -0.039225
v 0.131002 0.064452 0.041422
v 0.385335 1.008680 0.092619
v 0.401505 1.027862 0.120510
v 0.289069 1.092192 0.002318
v 0.321961 1.082326 0.054492
v 0.289846 1.093632 0.007771
v 0.267357 1.150509 0.003054
v 0.257555 1.153799 -0.028375
v 0.425937 1.054204 0.099844
v 0.440640 1.031422 0.053946
v 0.432731 0.982918 0.068479
v 0.400772 0.987880 0.074082
v 0.298116 1.088018 -0.027164
v 0.372333 1.037347 -0.011442
v 0.331519 1.131334 -0.085357
v 0.395772 1.094449 -0.022071
v 0.361632 1.187572 0.000316
v 0.284771 1.144671 0.011468
v 0.231590 1.220278 0.033680
v 0.174988 1.283853 0.017515
v 0.183256 1.341616 0.058661
v 0.195616 1.314104 0.045367
v 0.305425 1.179344 0.024954
v 0.318325 1.204465 0.007717
v 0.267680 1.259599 0.033583
v 0.318119 1.233018 -0.070140
v 0.207757 1.386115 0.048672
v 0.267300 1.342561 -0.013773
v 0.204037 1.443391 -0.003073
v 0.214929 1.418402 -0.062636
v 0.262207 1.338750 -0.045506
v 0.207951 1.337239 -0.091557
v 0.179329 1.295093 -0.085785
v 0.210010 1.221764 -0.076830
v 0.237969 1.186676 -0.055621
v 0.243802 1.228705 -0.096293
v -0.446666 1.009668 0.077374
v -0.385635 1.011370 0.033704
v -0.290410 1.092822 -0.002884
v -0.369692 1.061065 -0.034008
v -0.392514 1.141063 -0.002583
v -0.361220 1.148857 -0.068526
v -0.316885 1.122957 -0.081411
v -0.197321 1.238641 -0.073613
v -0.215079 1.248394 -0.093773
v -0.178810 1.288882 -0.081682
v -0.204792 1.325230 -0.095381
v -0.221257 1.384796 -0.084193
v -0.184369 1.387933 0.056107
v -0.209165 1.404207 0.034989
v -0.168915 1.307531 0.059517
v -0.183069 1.329451 0.053479
v -0.253355 1.305718 0.017930
v -0.197256 1.233837 -0.013705
v -0.174973 1.284645 0.019888
v -0.286267 1.098075 -0.000850
v -0.273075 1.143721 -0.006472
v -0.384286 1.033189 0.101307
v -0.415233 1.039665 0.117835
v -0.297134 1.126123 0.030796
v -0.285494 1.209691 -0.090212
v -0.280980 1.120462 -0.050713
v -0.332298 1.211092 -0.062955
v -0.347834 1.154039 0.048441
v -0.288736 1.200434 0.031040
v -0.277613 1.162732 0.018155
v -0.188381 1.304453 0.038075
v -0.255192 1.362005 -0.007426
v -0.220919 1.427310 -0.044909
v -0.266287 1.321000 -0.059983
v -0.329796 1.207035 0.002142
v -0.121438 1.459293 0.008332
v -0.179961 1.445358 0.022488
v -0.152131 1.417127 0.047536
v -0.142732 1.389133 0.071600
v -0.044417 1.424867 0.084418
v -0.065215 1.305374 0.141396
v -0.116835 1.242513 0.112514
v -0.139213 1.307584 0.106564
v -0.153520 1.290257 0.087864
v -0.165668 1.204217 0.020244
v -0.137700 1.144077 0.088906
v -0.161592 1.103969 0.015721
v -0.138557 1.046779 0.087808
v -0.051162 1.065420 0.146296
v 0.408429 0.991522 0.069461
v 0.370081 1.039478 0.066339
v 0.425207 0.980155 0.075944
v 0.417746 0.974876 0.121859
v 0.382821 1.016727 0.066627
v 0.413757 1.032435 0.107882
v 0.392186 1.085349 0.070401
v 0.419706 1.036941 0.112393
v 0.435048 1.012538 0.062688
v 0.407122 1.063570 0.088961
v 0.431535 1.014017 0.057858
v 0.420500 0.987575 0.147376
v 0.428860 0.995582 0.163937
v 0.468972 0.964311 0.241408
v 0.444051 1.004928 0.131744
v 0.444943 0.980027 0.086349
v 0.478032 0.921660 0.102703
v 0.454714 0.966119 0.182976
v 0.460182 0.967926 0.186328
v 0.476071 0.962557 0.237392
v 0.479977 0.969564 0.232836
v 0.464217 0.968122 0.178382
v 0.473668 0.957851 0.173036
v 0.531125 0.934936 0.205638
v 0.550129 0.906202 0.208141
v 0.506693 0.948384 0.160437
v 0.520560 0.933894 0.191159
v 0.487092 0.950663 0.174239
v 0.501090 0.942333 0.167035
v 0.564697 0.893841 0.182419
v 0.566701 0.888672 0.169142
v 0.511213 0.932692 0.140484
v 0.558549 0.890577 0.173825
v 0.508644 0.929526 0.142788
v 0.562226 0.891553 0.147288
v 0.566390 0.881825 0.136810
v 0.558429 0.884182 0.142791
v 0.496556 0.926248 0.118476
v 0.495939 0.924795 0.119846
v 0.537849 0.876291 0.095914
v 0.530056 0.877215 0.095298
v 0.424656 0.965275 0.103819
v 0.448373 0.959472 0.182461
v 0.494981 0.917473 0.094722
v 0.539318 0.879735 0.092384
v 0.502341 0.941657 0.120534
v 0.569012 0.887884 0.136192
v 0.569671 0.894319 0.178028
v 0.490210 0.974615 0.125753
v 0.554453 0.911861 0.209213
v 0.550890 0.918309 0.214304
v 0.520386 0.954521 0.175547
v 0.460457 0.986374 0.184000
v 0.472401 0.974469 0.239514
v 0.450970 0.969973 0.215891
v 0.492949 0.975909 0.166486
v 0.506090 0.953855 0.159702
v -0.392763 1.009241 0.057903
v -0.409024 1.017109 0.045360
v -0.404077 0.991528 0.081039
v -0.414000 1.017956 0.125444
v -0.377091 1.050605 0.079613
v -0.420382 1.063959 0.050464
v -0.446952 1.012858 0.086463
v -0.405949 1.067725 0.084488
v -0.418512 1.024873 0.043151
v -0.408442 1.069200 0.035354
v -0.428030 0.963155 0.157986
v -0.418915 0.980782 0.136562
v -0.471952 0.959309 0.232576
v -0.422216 0.998026 0.141215
v -0.430032 1.015064 0.127278
v -0.445866 0.989833 0.193348
v -0.432734 0.978381 0.188648
v -0.473766 0.970102 0.242564
v -0.471038 0.973243 0.244000
v -0.468608 0.970436 0.174948
v -0.548137 0.914610 0.217313
v -0.472757 0.976040 0.178560
v -0.494606 0.975125 0.147670
v -0.447901 0.995869 0.096831
v -0.431455 0.966972 0.090886
v -0.478545 0.922880 0.099080
v -0.456775 0.972272 0.088691
v -0.510914 0.933213 0.140383
v -0.563474 0.885614 0.143487
v -0.570788 0.891471 0.176058
v -0.571674 0.892008 0.175542
v -0.523967 0.938727 0.163729
v -0.540476 0.929193 0.157185
v -0.509221 0.948177 0.165893
v -0.505916 0.948988 0.161415
v -0.550131 0.909864 0.202672
v -0.533051 0.943073 0.192656
v -0.553178 0.913656 0.210620
v -0.508184 0.939888 0.127372
v -0.496100 0.928728 0.118369
v -0.538019 0.876882 0.096901
v -0.495890 0.935464 0.110391
v -0.491963 0.955813 0.111174
v -0.495876 0.924207 0.119030
v -0.528830 0.876419 0.093219
v -0.528319 0.884417 0.089361
v -0.539039 0.879721 0.092704
v -0.554323 0.889577 0.140793
v -0.511772 0.928576 0.147247
v -0.560122 0.890491 0.175425
v -0.564647 0.892604 0.137650
v -0.458268 0.968094 0.186582
v -0.472562 0.958249 0.230277
v -0.443536 0.958836 0.169364
v -0.483404 0.940752 0.140063
v -0.483677 0.950723 0.169768
v -0.543429 0.908436 0.205782
v -0.031959 1.745760 0.107255
v -0.057056 1.746947 0.020155
v -0.001493 1.657725 -0.088152
v -0.093116 1.714771 0.005560
v -0.091170 1.680644 0.046363
v -0.088413 1.680387 -0.029172
v -0.083284 1.705858 0.062104
v -0.090099 1.694880 0.047876
v -0.086421 1.711136 0.044978
v -0.086007 1.648306 0.069017
v -0.077938 1.643592 0.078211
v -0.070986 1.634439 0.085948
v -0.069778 1.689462 0.083200
v -0.096498 1.658685 0.016490
v -0.092163 1.637589 0.041864
v -0.084061 1.632205 0.069341
v -0.094458 1.661365 -0.010395
v -0.092244 1.634853 -0.006746
v -0.052484 1.562739 -0.031668
v 0.073057 1.621847 -0.042470
v 0.067211 1.594346 -0.038787
v 0.069062 1.614444 -0.050234
v 0.049498 1.598604 -0.055693
v 0.041158 1.583485 -0.054411
v 0.026209 1.592216 -0.063895
v 0.060930 1.573620 -0.028193
v 0.049248 1.546311 -0.026882
v 0.035583 1.555545 -0.042324
v -0.035089 1.538233 -0.031697
v 0.041487 1.543102 -0.029052
v 0.015814 1.551395 -0.046092
v -0.001805 1.550048 -0.049808
v -0.035858 1.563435 -0.045760
v -0.025707 1.552586 -0.044990
v 0.006085 1.551428 -0.048861
v -0.027163 1.585919 -0.062036
v -0.002167 1.564477 -0.056880
v -0.057178 1.613365 -0.058272
v -0.051122 1.596586 -0.054321
v -0.050822 1.583167 -0.047933
v -0.059376 1.579411 -0.037502
v -0.039852 1.587184 -0.057122
v -0.028250 1.567206 -0.052037
v 0.013838 1.604673 -0.072340
v 0.013779 1.586163 -0.066036
v 0.024538 1.610774 -0.071728
v -0.002990 1.627714 -0.083504
v 0.050250 1.635097 -0.069977
v 0.055115 1.624541 -0.063193
v -0.075796 1.655824 -0.065470
v -0.078779 1.640160 -0.051920
v 0.079595 1.739901 0.049729
v 0.088742 1.693719 0.041879
v 0.075350 1.727772 -0.026344
v 0.070067 1.742414 -0.000325
v -0.025313 1.677519 -0.083159
v -0.037927 1.714140 -0.064141
v 0.040931 1.666606 -0.076916
v -0.045723 1.651076 -0.082390
v -0.081064 1.683826 -0.054010
v -0.055195 1.671965 -0.076081
v 0.013552 1.697373 -0.083096
v 0.079013 1.702868 -0.043561
v 0.093963 1.690699 0.016620
v 0.094957 1.681411 0.021452
v 0.093073 1.693616 0.025235
v 0.088208 1.717042 -0.001997
v 0.083676 1.678984 -0.028557
v 0.070561 1.631661 0.078151
v 0.078070 1.629250 0.048144
v 0.078849 1.632565 0.057382
v 0.069585 1.628756 0.078243
v 0.021231 1.769283 -0.002250
v 0.013931 1.771842 0.011610
v 0.049616 1.758750 -0.017900
v -0.032442 1.770256 0.069713
v -0.057160 1.743084 0.084712
v -0.059592 1.748083 0.080057
v 0.072894 1.705185 0.095889
v 0.063991 1.713033 0.102972
v 0.068610 1.686753 0.100472
v 0.010841 1.772552 0.114906
v -0.015593 1.744892 0.121425
v 0.029239 1.742553 0.125009
v 0.040484 1.749399 0.117472
v 0.039241 1.765154 0.111114
v 0.044187 1.748176 0.115141
v -0.027364 1.763389 0.095728
v -0.026816 1.773530 0.072222
v -0.003092 1.780901 0.081451
v 0.005319 1.781713 0.063904
v 0.030347 1.777292 0.074654
v -0.031972 1.771808 0.057192
v -0.012310 1.768083 0.017517
v -0.043876 1.727478 -0.053724
v -0.003575 1.753640 -0.058146
v -0.049613 1.747807 -0.026452
v -0.041200 1.729822 -0.053668
v -0.003915 1.704874 -0.079564
v -0.051752 1.728557 -0.048276
v -0.030469 1.748503 -0.044169
v 0.073362 1.740975 0.074957
v 0.076273 1.730549 0.075045
v -0.003105 1.685277 -0.084381
v -0.024702 1.715067 -0.070027
v 0.041408 1.716607 -0.077336
v 0.037248 1.702902 -0.082256
v 0.007944 1.730098 -0.074562
v 0.068973 1.664672 -0.065649
v 0.048693 1.714472 -0.072035
v 0.045757 1.751762 -0.031372
v 0.063745 1.759180 0.080028
v 0.067043 1.726852 0.094952
v 0.051056 1.763658 0.037941
v 0.042914 1.768619 0.036439
v 0.071996 1.611565 0.065719
v -0.039061 1.656828 -0.085332
v -0.024203 1.634764 -0.085846
v 0.069501 1.605442 0.037366
v 0.031702 1.542796 -0.030754
v -0.016976 1.556245 -0.048598
v -0.026310 1.540554 -0.036285
v -0.047757 1.566217 -0.020326
v -0.024103 1.630073 -0.075529
v 0.073145 1.637775 -0.037457
v 0.039725 1.690093 -0.060670
v 0.033294 1.550171 -0.031178
v 0.060163 1.703915 -0.035147
v 0.023512 1.709919 0.102831
v 0.067397 1.711863 0.063680
v 0.019763 1.745631 0.013227
v -0.061845 1.693131 0.088569
v -0.004073 1.746681 0.061449
v -0.038212 1.704561 -0.052880
v -0.044996 1.729170 -0.012192
v -0.070075 1.718056 0.038943
v -0.084354 1.659863 -0.017480
v -0.080674 1.652536 0.049230
v -0.074339 1.612597 0.025259
v -0.000098 1.566670 0.132932
v 0.024682 1.546106 0.088627
v 0.004368 1.570969 0.134165
v -0.004654 1.566594 0.132603
v -0.022444 1.554452 0.075826
v -0.004013 1.538473 0.125084
v -0.028985 1.561023 0.115159
v -0.028243 1.567943 0.085634
v -0.000835 1.553331 0.080574
v -0.010129 1.550085 0.119517
v 0.024946 1.560877 0.080258
v 0.023478 1.567040 0.112408
v 0.016388 1.563717 0.122236
v -0.005699 1.566468 0.131122
v -0.007655 1.566882 0.131268
v -0.006812 1.562394 0.127176
v -0.009364 1.566716 0.130948
v 0.005074 1.566718 0.131516
v 0.009614 1.562416 0.127052
v 0.008943 1.560500 0.125974
v 0.021918 1.567336 0.114548
v 0.019257 1.563367 0.125288
v 0.019438 1.565551 0.117607
v 0.027130 1.566169 0.097424
v -0.006070 1.556126 0.134609
v 0.013305 1.567479 0.128077
v 0.017338 1.596992 0.117209
v -0.023895 1.569674 0.121947
v -0.017416 1.597068 0.120865
v -0.032291 1.594525 0.076010
v 0.031166 1.594525 0.076010
v 0.022954 1.568313 0.120571
v -0.026174 1.569553 0.078760
v -0.008113 1.570878 0.133123
v 0.013471 1.561283 0.120616
v 0.014076 1.546361 0.109172
v -0.000323 1.561985 0.125051
v 0.022828 1.565064 0.060403
v -0.021869 1.563042 0.059298
v 0.001614 1.534319 0.056485
v -0.025193 1.555747 0.068381
v -0.010297 1.559648 0.120297
v -0.021896 1.543351 0.078377
v -0.012468 1.550333 0.101203
v -0.009271 1.567317 0.123032
v -0.010416 1.541056 0.106525
v 0.013354 1.539381 0.105846
v 0.008588 1.584297 0.071083
v 0.028964 1.570104 0.078590
v 0.041246 1.636623 0.125282
v 0.037462 1.638138 0.126424
v 0.031837 1.637139 0.130995
v 0.029804 1.639193 0.127846
v 0.031761 1.640871 0.126095
v 0.025421 1.636784 0.128708
v -0.043154 1.628916 0.123577
v -0.046878 1.629670 0.121787
v -0.050021 1.629496 0.119761
v -0.048689 1.632943 0.116021
v 0.043069 1.636140 0.120692
v 0.045761 1.633828 0.115965
v 0.033092 1.638803 0.125160
v 0.033507 1.639416 0.126237
v 0.024432 1.639127 0.124988
v 0.025853 1.633167 0.122697
v 0.018238 1.634164 0.122175
v 0.043429 1.634324 0.117541
v 0.039906 1.632180 0.121563
v 0.040412 1.630114 0.122149
v 0.027029 1.629205 0.125806
v 0.031403 1.628778 0.126522
v 0.015998 1.630878 0.121667
v -0.032374 1.628646 0.125325
v -0.030673 1.633718 0.125075
v -0.024022 1.629842 0.123194
v -0.033362 1.628309 0.125627
v -0.043308 1.629431 0.122962
v -0.041378 1.629391 0.122958
v -0.038795 1.637054 0.124863
v -0.042879 1.631729 0.121402
v -0.039610 1.637572 0.125796
v -0.032335 1.638842 0.127366
v -0.020337 1.630705 0.121846
v -0.024288 1.634750 0.122253
v 0.037759 1.645671 0.103294
v 0.035847 1.649921 0.104932
v 0.046390 1.630482 0.104569
v 0.032513 1.628897 0.097078
v 0.019625 1.640299 0.103065
v 0.015184 1.638777 0.104133
v 0.027915 1.618920 0.110179
v 0.024489 1.623033 0.103077
v 0.042605 1.628049 0.103471
v -0.034164 1.632633 0.098074
v -0.028629 1.645084 0.118537
v -0.026791 1.645741 0.104708
v -0.045237 1.640890 0.104432
v -0.047287 1.629550 0.113993
v -0.040560 1.622650 0.105016
v -0.031512 1.619009 0.114036
v -0.021872 1.628302 0.104645
v -0.034770 1.633908 0.126319
v 0.031791 1.632907 0.125864
v -0.038279 1.627432 0.096783
v -0.025570 1.643226 0.111832
v -0.027461 1.645959 0.104736
v -0.044996 1.641119 0.104274
v -0.048639 1.633667 0.115465
v -0.040575 1.622627 0.105328
v -0.035859 1.619831 0.114609
v -0.022305 1.627797 0.104422
v 0.031225 1.623882 0.100888
v 0.041147 1.647960 0.110131
v 0.042470 1.628014 0.103246
v 0.024448 1.623166 0.102946
v 0.015617 1.638105 0.107808
v 0.036970 1.645677 0.102938
v 0.027579 1.645643 0.102020
v 0.019409 1.640871 0.103660
v 0.030280 1.634821 0.124549
v -0.034192 1.635435 0.126265
v 0.067566 1.581809 0.033353
v 0.081539 1.613116 0.014571
v 0.065193 1.578426 0.038571
v 0.063601 1.577793 0.041849
v 0.044739 1.535896 0.060043
v 0.079667 1.635047 0.031968
v 0.085169 1.633043 0.019672
v 0.011037 1.510740 0.087835
v 0.022424 1.563090 0.130456
v -0.006756 1.565562 0.140893
v -0.004913 1.566191 0.141882
v -0.065443 1.578517 0.042932
v -0.081875 1.611090 0.013885
v -0.087086 1.634399 0.020848
v -0.082242 1.635685 0.029606
v -0.084611 1.636384 0.028332
v -0.078008 1.630210 0.047851
v -0.013559 1.509093 0.088135
v -0.023963 1.562868 0.131142
v 0.015956 1.631076 0.122336
v 0.026370 1.638503 0.122545
v 0.060935 1.471226 0.020390
v 0.061477 1.471960 0.020286
v 0.065329 1.474752 0.015987
v 0.064725 1.579621 0.031685
v 0.056014 1.524560 -0.006231
v 0.030875 1.522728 -0.037083
v -0.002775 1.624546 -0.075078
v -0.006968 1.541937 -0.044819
v -0.075689 1.493994 -0.008332
v -0.055237 1.510505 -0.028873
v 0.051462 1.487767 -0.060419
v 0.071207 1.491969 -0.038999
v 0.056609 1.481333 -0.052815
v 0.050336 1.479153 -0.056383
v 0.042655 1.476804 -0.059068
v 0.051570 1.479533 -0.055864
v 0.057446 1.481351 -0.052193
v 0.062335 1.482778 -0.048028
v 0.044162 1.477257 -0.058795
v 0.052428 1.479797 -0.055503
v 0.044933 1.477488 -0.058655
v 0.058226 1.481593 -0.051678
v 0.035782 1.474742 -0.060311
v 0.065257 1.484789 -0.044433
v 0.034728 1.474432 -0.060319
v 0.025244 1.471662 -0.060298
v 0.024073 1.471342 -0.060175
v 0.011676 1.468454 -0.059025
v 0.068930 1.491193 -0.042528
v 0.068100 1.487343 -0.042324
v 0.072600 1.490372 -0.029960
v 0.072015 1.491147 -0.034183
v 0.072601 1.490045 -0.028627
v 0.072413 1.487796 -0.020402
v 0.072264 1.487335 -0.019257
v 0.071552 1.485645 -0.009802
v 0.072603 1.489657 -0.027044
v 0.072257 1.490900 -0.032735
v 0.072604 1.489257 -0.025410
v 0.071554 1.485672 -0.009653
v 0.069305 1.481426 0.004918
v 0.011143 1.468363 -0.058983
v -0.001818 1.467255 -0.059207
v -0.070228 1.490567 -0.044534
v -0.047650 1.486610 -0.061445
v -0.073980 1.490623 -0.037207
v -0.074818 1.489075 -0.027606
v -0.074686 1.489842 -0.031347
v -0.073965 1.486632 -0.003634
v -0.067613 1.475057 0.017805
v -0.071598 1.481019 0.005204
v -0.073225 1.484758 -0.005978
v -0.069320 1.477205 0.011362
v -0.066899 1.473384 0.016761
v -0.067597 1.562464 0.016862
v -0.061901 1.629590 -0.045594
v -0.054919 1.699736 -0.044129
v -0.073275 1.699373 0.068993
v -0.081882 1.635909 0.024324
v -0.082816 1.643733 0.004818
v -0.075801 1.611221 0.015641
v -0.054776 1.543989 0.052434
v -0.054635 1.537868 0.047114
v -0.014550 1.506453 0.084660
v -0.050314 1.527194 0.050790
v -0.005841 1.485765 0.077985
v -0.001205 1.461072 0.054245
v -0.005495 1.460403 0.052071
v -0.011980 1.461966 0.052405
v -0.013542 1.461142 0.049873
v -0.013637 1.461065 0.049717
v -0.018485 1.461656 0.048109
v -0.022087 1.462341 0.047560
v -0.005727 1.466528 0.063170
v -0.032806 1.463177 0.042503
v -0.033146 1.463266 0.042032
v -0.038610 1.465229 0.040505
v -0.045525 1.467319 0.037067
v -0.048602 1.468126 0.035184
v -0.043114 1.466455 0.038284
v -0.052313 1.474519 0.042097
v -0.054299 1.468982 0.029180
v -0.053586 1.468863 0.029843
v -0.050956 1.468681 0.033253
v -0.059714 1.470062 0.024039
v -0.059576 1.469868 0.023888
v -0.059774 1.469987 0.023828
v -0.062235 1.470174 0.020515
v -0.062551 1.470386 0.020245
v 0.064910 1.474224 0.015717
v 0.079431 1.634483 0.022717
v 0.062831 1.561346 0.058829
v 0.068654 1.587105 0.052143
v 0.070893 1.626665 0.080638
v 0.077970 1.664023 0.045007
v 0.043067 1.704705 0.107277
v -0.008350 1.725970 0.102061
v -0.022167 1.702499 0.123596
v -0.047349 1.696266 0.112954
v -0.078332 1.642156 0.056328
v -0.063006 1.625969 0.108419
v -0.061361 1.552108 0.086423
v -0.064297 1.570220 0.057845
v -0.031783 1.522239 0.080725
v -0.013164 1.510750 0.093687
v -0.034247 1.615231 0.125593
v -0.004337 1.599083 0.152915
v -0.005672 1.593116 0.149026
v 0.005823 1.602690 0.148039
v 0.015004 1.600371 0.148156
v 0.018612 1.587307 0.142198
v -0.018206 1.631284 0.122873
v -0.033309 1.627483 0.126686
v -0.038830 1.627310 0.125778
v -0.049172 1.632866 0.117764
v -0.034963 1.639363 0.128698
v -0.047380 1.637082 0.123848
v -0.020659 1.636627 0.125112
v 0.001061 1.644151 0.135991
v -0.042645 1.645192 0.134441
v 0.027440 1.703014 0.116244
v 0.014511 1.513653 0.091356
v 0.052306 1.547933 0.104738
v 0.006355 1.518229 0.139456
v -0.019408 1.526926 0.135355
v 0.028102 1.561238 0.131645
v 0.025416 1.562117 0.132764
v 0.055539 1.627728 0.111850
v 0.049789 1.631173 0.111296
v 0.029056 1.622106 0.125055
v 0.012174 1.638903 0.123546
v 0.032077 1.626602 0.125299
v 0.015120 1.629861 0.122870
v 0.021348 1.640321 0.124623
v 0.034626 1.639859 0.126839
v 0.039378 1.651609 0.132092
v 0.040746 1.630115 0.121794
v 0.044558 1.636176 0.118887
v 0.044596 1.636823 0.119326
v 0.033507 1.640515 0.127397
v 0.073397 1.581174 0.033966
v 0.082115 1.601918 0.018406
v 0.092267 1.632581 0.016863
v 0.086272 1.617882 0.014164
v 0.082078 1.634859 0.027350
v 0.074500 1.607241 0.031629
v 0.086590 1.593254 0.021007
v 0.080244 1.626286 0.035898
v -0.003749 1.565061 0.142855
v -0.001549 1.574014 0.149055
v 0.025118 1.562835 0.132701
v 0.023755 1.562230 0.133683
v 0.008443 1.565245 0.141383
v 0.001811 1.558439 0.147596
v -0.011255 1.565187 0.142293
v -0.025964 1.563641 0.134715
v -0.025235 1.563047 0.133329
v -0.028877 1.638131 0.126017
v -0.042222 1.628821 0.123897
v -0.020477 1.631861 0.121431
v -0.087099 1.622607 0.015891
v -0.086039 1.635721 0.024575
v -0.083147 1.635981 0.032180
v -0.075836 1.592472 0.027596
v -0.094103 1.628782 0.014537
v -0.091773 1.635733 0.030053
v -0.073315 1.588985 0.042011
v -0.083280 1.595274 0.024822
v 0.017661 1.632125 0.120022
v 0.019938 1.632498 0.119958
v 0.020863 1.631495 0.119332
v 0.020347 1.633809 0.119445
v 0.045273 1.634000 0.116132
v 0.036731 1.638714 0.125334
v 0.071678 1.493860 -0.030013
v 0.069700 1.482100 0.003729
v 0.070890 1.485318 -0.000937
v 0.067376 1.501836 0.026488
v 0.059038 1.471949 0.023716
v 0.056913 1.474514 0.029768
v 0.047300 1.469194 0.033892
v 0.058779 1.471148 0.022849
v 0.054023 1.470339 0.028017
v 0.048145 1.469299 0.033252
v 0.053479 1.470084 0.028209
v 0.058244 1.470008 0.021813
v 0.052842 1.469988 0.028762
v 0.052366 1.469945 0.029222
v 0.042720 1.468570 0.038520
v 0.046612 1.469090 0.034556
v 0.047940 1.469279 0.033478
v 0.042485 1.468542 0.038819
v 0.017527 1.462698 0.049360
v 0.040898 1.467750 0.039392
v 0.034050 1.464262 0.040677
v 0.038753 1.472071 0.049504
v 0.011829 1.461350 0.050520
v 0.006944 1.462464 0.054938
v 0.005472 1.462163 0.054894
v 0.003262 1.461795 0.054996
v 0.003273 1.461900 0.055228
v 0.013209 1.463454 0.054069
v 0.002104 1.461249 0.054038
v 0.013168 1.470039 0.064349
v 0.015209 1.509905 0.082769
v 0.018476 1.495333 0.069594
v 0.040344 1.526243 0.058834
v 0.065921 1.476119 0.016788
v 0.066693 1.477029 0.012117
v 0.066131 1.476124 0.013327
v 0.069596 1.481925 0.004038
v 0.065801 1.475533 0.014726
v 0.064446 1.473642 0.015419
v 0.076567 1.613039 0.012757
v 0.063405 1.573773 -0.003032
v 0.079190 1.629464 0.018003
v -0.024895 1.720615 -0.045754
v -0.074927 1.705537 0.037833
v -0.045740 1.732667 0.037507
v -0.012324 1.736349 0.072736
v 0.061786 1.716136 0.056738
v 0.049939 1.730624 0.013390
v 0.063808 1.685224 -0.047315
v 0.080145 1.678498 0.013890
v -0.069003 1.476704 0.012073
v -0.068578 1.476033 0.013025
v -0.073477 1.489506 -0.037206
v -0.074115 1.490047 -0.035023
v -0.074681 1.488102 -0.016909
v -0.073191 1.484641 -0.006560
v -0.071528 1.480906 0.005401
v -0.072754 1.487899 -0.037206
v -0.074985 1.489513 -0.028869
v -0.074518 1.487755 -0.017845
v -0.073211 1.484711 -0.006210
v -0.071255 1.480447 0.006140
v -0.068068 1.475230 0.014165
v -0.067589 1.474474 0.015239
v -0.008772 1.574176 0.140429
v 0.015416 1.569445 0.129030
v -0.027854 1.554524 0.107081
v -0.030101 1.569364 0.110468
v -0.000140 1.585619 0.135813
v 0.021670 1.562902 0.126589
v 0.026926 1.562156 0.101570
v 0.025436 1.574664 0.087173
v 0.007184 1.527038 0.075728
v 0.008136 1.536991 0.066949
v -0.018774 1.540988 0.065299
v -0.013900 1.567172 0.060435
v -0.007410 1.544719 0.129415
v 0.015324 1.546846 0.127954
v -0.008552 1.564272 0.139971
v 0.001030 1.539191 0.081116
v -0.025695 1.548361 0.116464
vn 0.2013 0.0134 -0.9794
vn 0.2882 -0.2714 -0.9183
vn 0.7080 -0.3404 -0.6188
vn -0.0461 -0.1606 -0.9859
vn 0.2657 0.3269 -0.9069
vn 0.4905 -0.2692 -0.8288
vn 0.6692 -0.2504 -0.6996
vn 0.9922 -0.0874 0.0894
vn 0.8314 -0.2401 -0.5011
vn 0.7688 -0.5256 -0.3644
vn 0.1548 -0.5617 -0.8127
vn 0.3859 0.1065 -0.9164
vn 0.1254 0.4231 -0.8974
vn 0.1551 0.1126 -0.9815
vn 0.1333 0.4906 -0.8611
vn 0.4021 0.6724 -0.6215
vn 0.7053 0.6226 0.3390
vn 0.3219 0.7637 -0.5595
vn 0.8302 0.2366 -0.5047
vn -0.4327 0.5398 -0.7221
vn 0.0105 0.1291 -0.9916
vn -0.4284 0.0634 -0.9014
vn -0.1730 -0.2259 -0.9587
vn -0.7274 -0.1846 -0.6609
vn -0.4890 -0.3177 -0.8124
vn -0.9508 -0.2614 -0.1664
vn -0.8941 -0.1926 -0.4043
vn -0.9897 -0.1336 0.0509
vn -0.4841 -0.7352 0.4745
vn -0.3100 -0.0598 -0.9488
vn -0.6915 -0.2306 -0.6846
vn -0.0400 -0.6272 -0.7778
vn -0.3299 0.3629 -0.8715
vn -0.6554 0.3522 -0.6681
vn -0.0287 0.0631 -0.9976
vn -0.1305 0.4287 -0.8940
vn -0.3358 0.7801 -0.5279
vn -0.3714 0.7842 0.4971
vn -0.4958 0.5736 0.6521
vn 0.0391 0.9330 0.3578
vn -0.7812 0.6120 -0.1233
vn 0.1606 0.7206 0.6744
vn -0.3321 0.0831 -0.9396
vn 0.5695 0.8219 0.0091
vn -0.9644 0.2578 -0.0591
vn -0.6815 0.6325 0.3682
vn -0.6504 -0.1852 0.7367
vn -0.3183 0.0897 0.9437
vn 0.9397 0.1526 0.3060
vn 0.3039 0.6174 0.7255
vn 0.1977 0.4965 0.8452
vn 0.0900 0.0651 0.9938
vn 0.1819 0.0642 0.9812
vn 0.3501 0.4718 0.8092
vn 0.6038 0.0977 0.7911
vn -0.0360 0.1909 0.9809
vn 0.3277 0.0258 0.9444
vn 0.9391 -0.0793 0.3343
vn 0.7770 -0.0622 0.6264
vn -0.2657 -0.2560 0.9295
vn 0.9589 -0.0111 0.2834
vn 0.7738 -0.0553 0.6310
vn 0.8600 0.3098 0.4054
vn 0.7420 0.0054 0.6704
vn 0.4797 0.3584 0.8009
vn 0.3257 -0.0218 0.9452
vn 0.0802 0.1021 0.9915
vn 0.9132 0.4018 -0.0685
vn -0.0549 0.9216 0.3842
vn 0.4569 0.4429 -0.7714
vn 0.9623 0.2168 0.1639
vn 0.7461 0.0489 0.6640
vn 0.9300 -0.2337 0.2837
vn 0.9941 -0.0439 -0.0988
vn -0.4760 -0.8332 0.2814
vn -0.5427 0.2875 0.7892
vn 0.2883 -0.2044 0.9355
vn -0.1253 -0.0011 0.9921
vn -0.2748 -0.0446 0.9605
vn 0.6790 -0.1451 0.7197
vn 0.8455 -0.2093 0.4912
vn 0.9795 -0.1893 -0.0690
vn 0.9912 -0.1014 0.0852
vn 0.8874 -0.1378 -0.4400
vn 0.7208 -0.1244 0.6819
vn 0.9651 -0.1272 0.2290
vn 0.9844 -0.1757 -0.0057
vn 0.7110 -0.1887 0.6774
vn -0.2490 -0.1120 0.9620
vn 0.6129 -0.1151 0.7818
vn 0.7948 -0.1761 0.5808
vn 0.9130 -0.1356 0.3848
vn 0.2793 -0.9414 -0.1890
vn 0.5140 0.0056 0.8578
vn -0.6390 -0.0186 0.7690
vn 0.1197 -0.0061 0.9928
vn -0.9938 -0.1063 -0.0326
vn -0.9959 -0.0484 0.0759
vn -0.9779 -0.0898 -0.1889
vn -0.2801 -0.9300 -0.2382
vn -0.1248 -0.9872 -0.0993
vn -0.6858 -0.1009 -0.7208
vn -0.6862 -0.1568 -0.7103
vn -0.4535 -0.8219 -0.3447
vn 0.6176 -0.2021 -0.7601
vn -0.3642 -0.1558 -0.9182
vn 0.7606 -0.0722 -0.6452
vn 0.1563 0.0296 -0.9873
vn -0.9470 0.0167 0.3208
vn -0.8680 0.0227 -0.4961
vn -0.9739 -0.0305 0.2247
vn -0.5432 -0.1863 0.8187
vn 0.2684 -0.1983 0.9427
vn 0.2576 -0.2477 0.9340
vn -0.7708 0.1315 0.6234
vn -0.8114 -0.0154 0.5842
vn -0.4505 0.0934 0.8879
vn -0.4996 -0.2252 0.8365
vn -0.9947 0.1025 -0.0014
vn -0.9984 0.0549 0.0145
vn -0.9143 0.0675 -0.3994
vn -0.3962 0.1729 -0.9017
vn -0.0014 -0.1255 -0.9921
vn -0.3197 -0.2885 -0.9025
vn 0.1943 -0.5085 -0.8389
vn 0.5329 -0.3351 -0.7770
vn -0.3767 -0.1467 -0.9147
vn 0.3514 -0.1648 -0.9216
vn 0.6076 -0.1762 -0.7745
vn -0.3141 -0.1124 -0.9427
vn -0.8784 0.0263 -0.4772
vn 0.2788 -0.1281 -0.9518
vn -0.1904 0.0110 -0.9816
vn 0.6220 0.0244 -0.7826
vn -0.7260 0.1660 -0.6674
vn -0.8682 -0.0273 -0.4954
vn -0.8829 -0.2059 0.4220
vn -0.0706 -0.1618 0.9843
vn -0.9518 -0.1621 -0.2604
vn 0.1280 -0.0801 0.9885
vn 0.2052 0.0439 0.9777
vn -0.9239 -0.1744 0.3407
vn -0.6223 -0.1852 0.7605
vn -0.9574 -0.1515 -0.2460
vn -0.9974 -0.0030 0.0719
vn -0.6208 -0.1636 0.7667
vn -0.8287 -0.1298 0.5444
vn 0.2944 -0.1490 0.9440
vn 0.2851 -0.2012 0.9371
vn -0.1236 -0.0518 0.9910
vn 0.1958 -0.0916 0.9764
vn 0.8006 -0.1178 0.5875
vn 0.8816 -0.0086 0.4718
vn 0.9698 -0.1146 0.2151
vn -0.2776 -0.1336 0.9514
vn -0.8530 -0.1512 0.4995
vn 0.7650 -0.0370 0.6430
vn -0.9947 -0.1028 0.0046
vn -0.0872 0.0129 0.9961
vn 0.0310 -0.9948 0.0967
vn -0.0922 -0.9881 0.1230
vn 0.8487 -0.0933 0.5206
vn 0.1604 -0.9800 0.1178
vn 0.9403 -0.1195 -0.3186
vn 0.5201 -0.1388 -0.8428
vn 0.5042 -0.3217 -0.8014
vn -0.7389 -0.1791 -0.6496
vn 0.1889 -0.1525 -0.9701
vn -0.5583 -0.1203 -0.8208
vn -0.8629 -0.0114 -0.5053
vn -0.3309 0.0301 -0.9432
vn -0.9078 -0.1109 -0.4045
vn -0.6325 -0.0877 -0.7696
vn -0.8297 -0.1741 -0.5304
vn -0.4841 -0.5532 -0.6780
vn -0.2546 -0.1955 -0.9471
vn 0.0973 -0.2284 -0.9687
vn -0.0148 -0.1270 -0.9918
vn 0.0545 0.0091 -0.9985
vn 0.7269 0.1269 -0.6749
vn 0.7348 -0.0237 -0.6778
vn 0.7893 0.0419 -0.6126
vn 0.9863 0.0639 -0.1521
vn 0.2300 -0.1838 -0.9557
vn -0.0953 -0.1035 -0.9901
vn 0.2134 0.2141 -0.9532
vn 0.8772 0.1138 -0.4664
vn 0.9882 0.1282 0.0840
vn 0.5707 0.0693 0.8182
vn 0.8251 0.1141 0.5534
vn 0.8498 -0.0365 0.5259
vn 0.5365 0.0347 0.8432
vn 0.9958 0.0587 -0.0706
vn 0.9960 -0.0251 -0.0852
vn 0.9981 -0.0429 -0.0452
vn 0.6295 0.0255 -0.7765
vn 0.9730 -0.0780 -0.2173
vn 0.0869 -0.9944 0.0596
vn 0.5496 -0.7875 0.2790
vn 0.3890 -0.7877 0.4777
vn 0.4380 -0.7363 0.5157
vn 0.4359 -0.7369 0.5167
vn -0.3986 -0.9039 0.1551
vn 0.3925 -0.7354 0.5524
vn 0.4583 -0.7704 0.4431
vn -0.1020 -0.5269 0.8438
vn 0.4367 -0.7367 0.5163
vn 0.6736 -0.6774 0.2957
vn 0.0150 -0.9560 0.2930
vn -0.1413 0.6099 0.7798
vn 0.0811 -0.9950 0.0585
vn 0.6711 -0.2272 -0.7057
vn 0.9894 -0.0408 0.1390
vn 0.1051 -0.9863 0.1273
vn -0.2879 0.3597 -0.8876
vn -0.3962 0.9168 -0.0503
vn 0.9673 -0.1247 0.2207
vn 0.0109 -0.9910 0.1336
vn 0.8481 0.3688 0.3803
vn -0.1357 0.5729 -0.8083
vn 0.6299 0.6774 0.3800
vn 0.5410 0.6619 0.5188
vn -0.3902 0.9033 0.1782
vn -0.5218 0.8142 0.2546
vn 0.9619 -0.1548 0.2253
vn 0.5937 -0.5917 0.5454
vn -0.0865 -0.9702 0.2262
vn -0.3109 0.3819 0.8703
vn -0.3813 0.8953 0.2304
vn -0.9443 0.3221 -0.0670
vn -0.1289 -0.9895 0.0660
vn -0.7888 -0.4365 -0.4328
vn -0.9049 0.3613 -0.2248
vn -0.3769 0.0441 -0.9252
vn -0.7901 0.3315 0.5156
vn -0.0626 -0.9849 0.1612
vn 0.8168 0.2335 -0.5276
vn 0.8751 0.4255 0.2303
vn -0.2265 0.8796 0.4183
vn -0.5943 0.7147 -0.3687
vn 0.1857 -0.8521 -0.4893
vn -0.9904 -0.1243 0.0602
vn 0.3183 -0.7240 -0.6120
vn -0.9299 -0.2934 0.2217
vn 0.0353 0.3090 -0.9504
vn 0.3346 0.8894 -0.3114
vn -0.9641 0.0307 0.2637
vn -0.5868 0.4081 -0.6994
vn -0.8780 0.1065 0.4666
vn -0.5105 0.7627 0.3970
vn -0.8199 -0.0141 0.5723
vn -0.9113 0.2111 0.3536
vn 0.0671 -0.9387 0.3383
vn 0.7462 0.6234 0.2336
vn -0.1468 0.8701 0.4705
vn 0.1474 -0.9867 0.0682
vn 0.9614 -0.0078 -0.2749
vn -0.0102 -0.9639 -0.2662
vn 0.5383 0.8253 0.1706
vn 0.8127 0.5032 0.2939
vn -0.1459 0.9230 0.3560
vn 0.8514 -0.0146 -0.5243
vn 0.1737 0.3755 -0.9104
vn -0.0058 -0.9976 0.0694
vn -0.0756 -0.9368 -0.3417
vn -0.7158 0.6890 -0.1135
vn 0.1493 0.9687 0.1983
vn 0.5543 0.7276 -0.4041
vn 0.9279 0.1699 -0.3318
vn 0.5300 0.6407 0.5554
vn 0.4165 -0.5928 -0.6893
vn -0.4172 0.2566 0.8718
vn -0.0698 0.3179 0.9456
vn -0.7849 -0.2903 0.5474
vn -0.6853 -0.7256 0.0627
vn -0.8919 -0.3850 0.2373
vn -0.6925 -0.0188 0.7212
vn -0.6967 -0.0171 0.7171
vn -0.6769 -0.5128 0.5280
vn -0.7214 -0.6517 0.2342
vn 0.7758 0.6061 0.1753
vn 0.1209 -0.6853 -0.7181
vn -0.5804 -0.7976 -0.1641
vn -0.5907 -0.6855 -0.4256
vn 0.8364 0.1222 -0.5344
vn 0.1675 -0.2870 -0.9432
vn -0.6014 -0.5944 -0.5338
vn 0.7232 0.4022 -0.5614
vn -0.6515 -0.5578 0.5143
vn -0.2670 -0.3221 0.9083
vn 0.2267 -0.1075 0.9680
vn 0.3038 -0.0010 0.9527
vn 0.5750 0.2705 0.7722
vn 0.7573 0.5224 0.3919
vn 0.8776 0.4451 -0.1782
vn 0.8347 0.3559 0.4202
vn 0.6856 0.2159 0.6953
vn 0.7130 0.6663 0.2184
vn 0.7343 0.5217 -0.4344
vn 0.4261 0.2068 -0.8807
vn -0.7564 -0.4916 -0.4316
vn -0.1483 -0.2102 -0.9663
vn -0.7430 -0.5193 -0.4223
vn -0.3558 0.5982 0.7180
vn -0.9106 -0.0022 -0.4133
vn -0.8437 0.5283 0.0955
vn 0.2427 -0.8065 -0.5391
vn 0.8720 -0.4836 -0.0762
vn 0.5143 -0.6155 -0.5972
vn -0.4997 -0.4580 -0.7352
vn 0.1089 -0.4559 -0.8833
vn -0.7632 0.0213 -0.6458
vn 0.8077 -0.5354 -0.2469
vn 0.7359 -0.3938 -0.5507
vn 0.2624 -0.2923 -0.9196
vn -0.3229 0.1324 -0.9371
vn -0.5554 0.3120 -0.7708
vn -0.8692 0.4350 -0.2351
vn -0.8133 0.5797 -0.0496
vn -0.6843 0.3714 0.6275
vn -0.8320 0.1014 0.5454
vn -0.4981 -0.1202 0.8588
vn -0.1973 -0.3044 0.9319
vn -0.6714 0.2686 0.6907
vn 0.6805 -0.5437 0.4913
vn 0.0438 -0.1625 0.9857
vn 0.8235 -0.5215 0.2232
vn 0.6722 -0.4284 0.6039
vn 0.7083 -0.2768 0.6493
vn 0.5803 0.1211 0.8053
vn 0.7474 -0.3248 0.5796
vn -0.1717 0.6180 0.7672
vn -0.6712 0.5668 0.4777
vn -0.7047 0.4379 -0.5582
vn -0.0775 -0.0717 -0.9944
vn 0.3406 -0.3367 0.8779
vn -0.2773 0.0485 0.9596
vn -0.9046 0.3596 0.2290
vn -0.3291 -0.0155 0.9442
vn -0.7938 -0.0117 0.6081
vn -0.2285 0.1932 0.9542
vn -0.6485 -0.0627 0.7587
vn -0.1858 0.5250 0.8306
vn -0.2844 0.7353 0.6152
vn -0.2617 0.6582 0.7059
vn -0.2123 0.6892 0.6928
vn -0.3122 0.4419 0.8410
vn -0.5495 0.1205 0.8267
vn -0.9287 -0.1585 0.3353
vn -0.9528 -0.0519 0.2993
vn -0.7912 -0.0109 0.6115
vn -0.9571 -0.0117 0.2897
vn 0.2955 -0.7371 0.6077
vn -0.4604 0.1884 0.8675
vn 0.2125 0.1067 -0.9713
vn 0.2367 -0.2931 -0.9263
vn -0.8695 -0.0643 0.4898
vn -0.7223 -0.6857 -0.0894
vn -0.8182 -0.0758 0.5700
vn -0.3460 0.4477 0.8245
vn 0.3569 0.6325 0.6874
vn 0.3823 0.7371 0.5573
vn 0.1384 0.1544 0.9783
vn 0.1522 0.4707 -0.8691
vn 0.9080 0.4187 0.0133
vn -0.8986 0.0135 0.4385
vn 0.5511 0.8332 0.0455
vn -0.0022 0.9538 0.3005
vn -0.8266 -0.5348 0.1753
vn -0.8524 0.1485 0.5013
vn 0.6374 0.7200 -0.2744
vn 0.6486 0.3070 -0.6964
vn -0.4883 -0.8692 0.0778
vn 0.4208 0.2954 -0.8577
vn -0.6257 -0.7787 -0.0455
vn -0.3429 -0.9330 0.1093
vn 0.2282 -0.6503 0.7246
vn -0.2374 -0.9548 0.1787
vn 0.4897 -0.8614 -0.1347
vn 0.5815 -0.8000 -0.1478
vn 0.5321 -0.5361 0.6553
vn 0.0415 -0.7416 0.6696
vn -0.4682 -0.8530 0.2306
vn -0.5678 -0.7911 0.2274
vn -0.6619 -0.3391 0.6685
vn -0.6381 -0.4677 0.6117
vn -0.0167 -0.9998 -0.0122
vn -0.5025 -0.7806 0.3716
vn -0.5306 -0.7685 0.3575
vn -0.6057 -0.7187 0.3414
vn -0.3974 -0.7453 0.5354
vn -0.0129 -0.9531 0.3023
vn -0.6664 -0.7333 -0.1346
vn -0.5155 -0.6634 0.5424
vn 0.9770 -0.0671 0.2022
vn -0.5101 -0.8271 -0.2361
vn -0.5119 -0.7586 0.4031
vn 0.1234 -0.2314 0.9650
vn -0.5627 -0.8065 0.1812
vn -0.0646 -0.2278 0.9716
vn 0.7258 0.4466 -0.5232
vn 0.7675 0.5071 -0.3923
vn 0.5257 0.3523 -0.7742
vn 0.7944 0.5320 -0.2931
vn 0.7806 0.6225 -0.0565
vn 0.7894 0.0743 -0.6094
vn 0.7780 0.5679 -0.2686
vn 0.5539 0.7322 0.3965
vn 0.4744 0.8114 0.3415
vn 0.4521 0.8886 0.0776
vn 0.1865 0.9370 0.2952
vn 0.7709 -0.6284 -0.1041
vn 0.7475 -0.5119 0.4233
vn -0.5474 -0.2015 -0.8123
vn 0.8449 -0.1109 0.5233
vn 0.0362 0.9799 0.1964
vn -0.4720 0.6913 0.5471
vn -0.5966 0.4238 -0.6815
vn -0.8811 0.4357 -0.1838
vn -0.6154 0.7811 0.1057
vn -0.7350 -0.1053 -0.6698
vn 0.9469 -0.0226 0.3206
vn -0.4153 0.8450 0.3370
vn 0.8246 0.4689 0.3165
vn 0.8036 -0.4089 0.4325
vn 0.8903 -0.0800 0.4484
vn 0.3030 -0.8839 -0.3562
vn -0.2871 0.9375 0.1966
vn -0.5912 0.7189 0.3658
vn 0.6464 0.5073 0.5699
vn -0.5045 0.7557 0.4176
vn 0.4861 -0.8054 0.3392
vn -0.7250 0.6235 -0.2926
vn -0.5801 0.8131 -0.0488
vn 0.6679 -0.1851 0.7208
vn -0.6630 0.7427 0.0935
vn 0.4284 -0.8507 -0.3045
vn -0.3343 0.1115 -0.9358
vn 0.4690 -0.6451 -0.6033
vn -0.6302 0.4599 -0.6255
vn -0.9130 0.4010 0.0752
vn -0.7036 0.2518 -0.6645
vn -0.7884 0.5118 -0.3412
vn -0.5507 0.8051 0.2204
vn -0.6614 0.5108 -0.5492
vn -0.8364 0.2764 -0.4732
vn -0.0415 -0.5641 -0.8247
vn -0.5737 0.6853 0.4486
vn -0.8591 0.2522 0.4453
vn -0.8682 0.4962 0.0088
vn -0.5348 -0.2821 -0.7965
vn -0.5390 -0.7311 0.4182
vn -0.8920 0.4513 -0.0248
vn -0.2499 -0.4140 -0.8753
vn -0.8788 0.4172 0.2316
vn -0.7265 0.5998 -0.3353
vn -0.2150 0.3039 -0.9281
vn 0.4834 -0.8473 0.2199
vn 0.4732 -0.7365 0.4833
vn 0.4656 -0.7493 0.4710
vn 0.5520 -0.7797 0.2956
vn 0.5569 -0.7380 0.3810
vn 0.3118 -0.9098 0.2740
vn 0.5949 -0.4088 0.6921
vn -0.4296 -0.8839 0.1846
vn -0.7489 -0.5734 -0.3323
vn 0.3613 -0.9316 0.0402
vn 0.5538 -0.8323 0.0224
vn -0.7676 0.0268 0.6404
vn -0.9985 -0.0473 -0.0284
vn -0.7478 -0.0280 0.6633
vn 0.9329 -0.2616 -0.2477
vn 0.7889 -0.4569 -0.4110
vn 0.9326 -0.3482 -0.0947
vn 0.2413 -0.2962 -0.9242
vn 0.2249 -0.3263 -0.9181
vn 0.2257 -0.3069 -0.9246
vn 0.9984 0.0238 -0.0520
vn 0.9981 0.0043 -0.0610
vn 0.9776 0.1644 0.1315
vn 0.7901 -0.0560 0.6105
vn 0.7446 0.1045 0.6593
vn 0.6402 0.1347 0.7563
vn 0.5809 0.1253 0.8043
vn 0.4326 0.3254 0.8408
vn 0.2582 0.2335 0.9374
vn 0.1715 0.3781 0.9098
vn 0.2709 -0.1448 -0.9516
vn 0.9613 -0.1977 0.1921
vn 0.6751 -0.1868 -0.7137
vn 0.7074 -0.4032 -0.5805
vn -0.3339 -0.6554 -0.6775
vn -0.3221 -0.3692 -0.8717
vn -0.7924 -0.0073 -0.6099
vn -0.9145 -0.3705 -0.1624
vn 0.8243 -0.1527 -0.5452
vn -0.1411 -0.1176 -0.9830
vn 0.2255 0.4242 -0.8770
vn 0.9003 0.3771 0.2172
vn 0.3650 0.4158 0.8330
vn 0.8057 0.5264 -0.2715
vn 0.1440 0.9510 -0.2737
vn -0.0847 0.9128 0.3994
vn -0.5804 0.5244 0.6230
vn -0.2767 0.5650 -0.7773
vn -0.5502 0.7772 -0.3052
vn -0.7315 0.6792 0.0599
vn -0.9789 0.0131 0.2038
vn -0.9100 -0.0216 -0.4141
vn -0.5067 -0.6245 0.5943
vn -0.9630 -0.2250 0.1484
vn 0.0644 -0.7219 0.6890
vn -0.9010 -0.3265 0.2857
vn 0.5294 0.7991 -0.2848
vn 0.0956 0.9420 -0.3217
vn 0.1600 0.9857 0.0534
vn 0.9794 -0.1746 0.1018
vn 0.4470 0.8199 -0.3577
vn -0.5732 0.6590 -0.4869
vn -0.4661 0.8682 -0.1703
vn 0.9791 0.1810 0.0923
vn 0.0635 0.9965 0.0548
vn 0.2896 0.7144 -0.6370
vn -0.6027 0.2653 0.7526
vn -0.1512 0.5688 0.8085
vn 0.4798 0.7895 -0.3826
vn 0.0617 0.7661 0.6398
vn 0.2986 0.9051 -0.3029
vn -0.3016 0.7523 -0.5857
vn -0.3233 0.4534 -0.8306
vn -0.1296 0.9639 0.2325
vn 0.7194 -0.4479 0.5309
vn 0.0636 0.9965 0.0547
vn -0.1295 0.9639 0.2325
vn -0.7988 0.0907 -0.5947
vn -0.2512 0.8127 -0.5258
vn 0.0676 0.3108 0.9481
vn 0.7844 0.2556 0.5651
vn -0.5432 0.3538 0.7614
vn -0.9000 -0.1299 0.4161
vn 0.1173 -0.9824 -0.1451
vn -0.9018 0.0802 -0.4246
vn -0.1113 -0.9340 -0.3396
vn -0.0190 -0.8397 -0.5426
vn 0.8046 0.1308 -0.5793
vn 0.9157 -0.3966 -0.0645
vn 0.2727 -0.9601 0.0612
vn -0.1483 -0.5556 0.8181
vn -0.2597 -0.5524 0.7921
vn 0.7289 0.6199 0.2906
vn -0.1402 0.9879 0.0661
vn -0.7358 -0.4732 0.4845
vn 0.6272 0.7181 -0.3015
vn 0.3888 -0.5334 -0.7512
vn -0.3428 0.7713 -0.5362
vn -0.9695 0.1522 0.1924
vn -0.6100 -0.7880 0.0838
vn -0.3923 0.1017 0.9142
vn -0.5107 0.0823 0.8558
vn -0.0045 -0.4298 0.9029
vn 0.3789 0.7391 0.5570
vn 0.1494 0.7519 0.6421
vn 0.4483 0.7144 0.5372
vn 0.1826 0.8283 0.5297
vn -0.2523 0.7679 0.5888
vn -0.3013 0.7563 0.5808
vn -0.4556 0.6028 0.6550
vn -0.1546 0.7534 0.6392
vn -0.2692 0.7541 0.5991
vn -0.2278 0.8144 0.5337
vn 0.2353 -0.6659 0.7079
vn 0.1625 -0.8466 0.5067
vn 0.0158 -0.8657 0.5003
vn 0.1265 -0.6586 0.7418
vn -0.0231 -0.8651 0.5010
vn -0.0683 -0.4263 0.9020
vn 0.0860 -0.3596 0.9291
vn -0.1079 -0.3337 0.9365
vn 0.5741 0.3505 0.7399
vn 0.2355 -0.6658 0.7080
vn 0.1068 0.2954 0.9494
vn 0.0861 -0.3597 0.9291
vn -0.0713 0.6025 0.7949
vn 0.0861 -0.3596 0.9291
vn -0.0808 -0.0982 0.9919
vn 0.2602 -0.0098 0.9655
vn 0.0279 0.0654 0.9975
vn -0.1038 0.1866 0.9769
vn -0.0083 0.8297 0.5581
vn -0.2190 -0.0738 0.9729
vn -0.1238 0.6163 0.7777
vn 0.0175 0.7960 0.6050
vn -0.0109 -0.2083 0.9780
vn 0.0287 -0.7930 0.6085
vn 0.0129 -0.4546 0.8906
vn -0.2585 -0.9108 0.3220
vn -0.0099 -0.1858 0.9825
vn 0.4370 0.2532 -0.8631
vn 0.0587 0.4314 -0.9002
vn 0.4438 -0.4840 -0.7542
vn 0.3415 0.2734 -0.8993
vn -0.5445 -0.3123 -0.7785
vn -0.1630 0.3678 -0.9155
vn 0.3424 -0.8283 -0.4435
vn -0.5641 -0.5494 -0.6164
vn 0.3533 -0.7999 -0.4852
vn 0.8485 -0.5218 0.0880
vn 0.3441 0.6912 -0.6355
vn -0.4054 -0.6257 -0.6664
vn -0.5611 0.7658 -0.3142
vn -0.8721 0.4845 -0.0681
vn -0.4716 -0.7079 -0.5258
vn 0.5337 -0.6278 -0.5665
vn 0.9728 -0.0694 -0.2209
vn -0.1079 -0.1575 0.9816
vn 0.0286 0.1597 0.9868
vn -0.8638 0.3480 0.3643
vn -0.3662 0.9304 -0.0166
vn -0.2220 -0.9235 -0.3129
vn -0.3992 0.7802 -0.4817
vn -0.8532 -0.3156 -0.4152
vn -0.7278 -0.6610 -0.1830
vn 0.7444 -0.6653 0.0578
vn 0.8618 -0.4138 -0.2935
vn 0.0761 0.3299 -0.9410
vn -1.0000 -0.0001 -0.0001
vn -0.3007 0.1297 -0.9449
vn 0.8944 0.4473 0.0001
vn -0.3090 0.9413 0.1362
vn 0.3824 -0.5448 -0.7463
vn 0.4929 0.1274 -0.8607
vn 0.2516 0.2936 -0.9222
vn -0.3900 0.8595 0.3305
vn -0.6101 0.4904 -0.6223
vn 0.0628 -0.3801 0.9228
vn 0.8309 -0.4917 0.2606
vn 0.1311 0.0599 0.9896
vn 0.8205 -0.3229 -0.4716
vn 0.8604 -0.5071 0.0504
vn -0.0333 -0.7246 -0.6884
vn 0.3836 -0.8107 -0.4423
vn 0.6350 -0.7725 0.0034
vn 0.4030 -0.9111 -0.0868
vn 0.9009 -0.4278 0.0738
vn -0.4435 0.3488 -0.8256
vn 0.2119 0.8410 0.4978
vn 0.5933 -0.7959 0.1208
vn -0.0796 -0.7431 0.6645
vn -0.1555 -0.9472 -0.2803
vn 0.3798 0.2436 -0.8924
vn 0.3463 -0.4401 0.8285
vn 0.2184 0.7832 0.5822
vn 0.1787 0.7905 -0.5859
vn 0.1913 0.4187 -0.8877
vn -0.4409 -0.8975 -0.0126
vn -0.3949 -0.6925 -0.6038
vn 0.0763 0.6462 -0.7593
vn 0.2391 0.5224 -0.8185
vn -0.3000 0.6573 0.6913
vn 0.2743 0.9612 0.0287
vn -0.4330 -0.8716 0.2299
vn -0.6665 -0.6549 0.3561
vn -0.0544 0.5890 -0.8063
vn 0.2621 -0.9123 -0.3148
vn -0.1831 0.6753 0.7144
vn 0.8012 -0.5744 0.1676
vn -0.1825 0.4146 0.8915
vn 0.5302 -0.4342 0.7282
vn 0.6311 -0.6827 0.3682
vn 0.4561 -0.4893 0.7434
vn 0.2813 -0.8245 0.4909
vn 0.6298 0.5154 0.5812
vn 0.6639 -0.3506 0.6606
vn 0.0047 0.8844 0.4667
vn 0.7685 -0.5509 0.3254
vn 0.7585 -0.4443 0.4767
vn 0.6688 -0.6834 0.2926
vn 0.9603 0.0668 0.2710
vn 0.7482 -0.2171 -0.6270
vn 0.9649 -0.1250 0.2309
vn 0.7002 0.0295 -0.7133
vn -0.1376 -0.2244 -0.9647
vn 0.2500 0.6152 -0.7477
vn 0.1673 -0.0952 -0.9813
vn -0.7302 -0.2199 -0.6469
vn -0.4884 0.4202 -0.7648
vn -0.9552 -0.0872 -0.2827
vn -0.9674 0.2530 0.0148
vn -0.1983 0.6042 -0.7718
vn 0.0711 0.2528 -0.9649
vn 0.5697 0.6326 -0.5247
vn 0.6324 0.7681 -0.1006
vn -0.3102 0.2240 -0.9239
vn 0.4805 -0.4070 -0.7768
vn 0.5540 -0.3974 -0.7315
vn 0.3297 -0.3636 -0.8713
vn 0.0745 0.8240 -0.5616
vn 0.6540 -0.2623 -0.7096
vn 0.7220 -0.1876 -0.6660
vn -0.2816 0.9589 -0.0339
vn -0.2930 0.9561 -0.0041
vn -0.2818 0.9589 -0.0321
vn -0.4925 -0.4956 0.7154
vn -0.2814 0.9592 -0.0278
vn 0.6248 -0.7808 0.0037
vn 0.0924 -0.1141 -0.9892
vn -0.2217 0.9270 0.3026
vn 0.8467 -0.4280 -0.3162
vn -0.0925 0.1428 -0.9854
vn -0.0679 0.7074 0.7035
vn 0.6572 -0.7517 -0.0556
vn 0.8719 -0.4131 -0.2630
vn 0.8895 -0.4109 -0.1997
vn -0.9276 0.3725 0.0297
vn 0.9937 0.0746 0.0831
vn -0.9951 0.0984 -0.0133
vn 0.8933 -0.4363 -0.1078
vn 0.9715 0.2310 -0.0537
vn 0.9822 0.1802 0.0522
vn 0.9960 0.0396 0.0800
vn 0.9357 -0.3474 0.0616
vn -0.1167 -0.0791 -0.9900
vn -0.1110 0.2275 -0.9674
vn -0.0258 0.4791 -0.8774
vn -0.7107 0.6919 -0.1271
vn -0.8583 -0.4172 -0.2987
vn -0.9927 -0.1194 -0.0136
vn -0.8689 0.0893 0.4869
vn -0.9762 -0.1175 0.1824
vn -0.5186 -0.7942 -0.3166
vn -0.9434 -0.3304 -0.0283
vn -0.7393 -0.6664 -0.0969
vn 0.4762 0.4575 0.7509
vn -0.7931 -0.1771 0.5827
vn -0.8146 -0.0754 0.5751
vn -0.9702 0.0918 -0.2241
vn -0.7286 0.2960 -0.6177
vn -0.8133 0.5754 -0.0870
vn -0.9913 0.0468 0.1233
vn -0.9958 0.0698 0.0588
vn -0.9371 -0.2400 -0.2534
vn -0.9320 -0.2670 0.2450
vn -0.8386 -0.5433 0.0403
vn -0.6027 -0.3550 0.7147
vn -0.3926 -0.5765 0.7166
vn 0.3881 -0.5622 0.7303
vn 0.7379 0.0413 0.6737
vn -0.1696 -0.8598 0.4816
vn -0.2324 -0.8422 0.4865
vn 0.1905 0.8929 -0.4081
vn 0.1853 0.9450 -0.2696
vn -0.2493 -0.8373 0.4866
vn -0.2850 -0.8116 0.5100
vn -0.3937 -0.6952 0.6014
vn -0.1337 -0.9868 -0.0909
vn 0.4622 0.4534 -0.7621
vn -0.4563 -0.7513 0.4768
vn 0.5411 0.5452 -0.6403
vn -0.5041 -0.7611 0.4082
vn -0.5312 -0.7469 0.3999
vn 0.4376 0.8445 -0.3088
vn 0.4302 0.8550 -0.2896
vn -0.6536 -0.6244 0.4276
vn 0.2762 0.9478 -0.1595
vn 0.5588 0.7207 -0.4103
vn -0.5180 0.6628 0.5407
vn -0.7125 -0.5319 0.4577
vn 0.7522 -0.6483 0.1176
vn 0.9893 0.1174 -0.0869
vn 0.6639 -0.4301 0.6118
vn -0.7307 -0.4908 -0.4746
vn -0.0219 0.5422 -0.8400
vn 0.5457 -0.3875 -0.7430
vn 0.7038 -0.1216 0.6999
vn 0.9347 0.0280 0.3544
vn 0.8310 -0.3201 0.4549
vn 0.9930 0.1185 0.0002
vn 0.6096 0.7687 0.1934
vn 0.3113 0.3621 0.8786
vn -0.4041 0.8423 0.3567
vn -0.5358 0.5534 0.6377
vn -0.0749 0.3808 0.9216
vn -0.5181 0.1621 0.8398
vn -0.9501 -0.0142 0.3118
vn -0.9637 -0.2463 0.1030
vn -0.8449 -0.0803 0.5289
vn -0.8658 -0.3942 0.3081
vn -0.6982 -0.3981 0.5950
vn -0.7652 -0.6413 0.0569
vn -0.4672 0.3114 0.8275
vn -0.3539 0.3038 0.8846
vn -0.4890 0.0823 0.8684
vn -0.3801 -0.2082 0.9012
vn 0.4827 0.1565 0.8617
vn -0.3802 -0.2082 0.9012
vn -0.0102 -0.0905 -0.9958
vn 0.4828 0.1564 0.8617
vn -0.3251 -0.1069 0.9396
vn 0.6345 0.0493 0.7713
vn 0.2366 0.1438 0.9609
vn -0.0390 0.1187 0.9922
vn -0.4612 0.3109 0.8311
vn -0.4486 -0.7107 0.5419
vn -0.8736 -0.2526 0.4159
vn -0.0424 -0.7717 0.6346
vn -0.1637 -0.8200 0.5484
vn 0.4684 0.2555 0.8458
vn 0.7519 -0.0144 0.6591
vn 0.4006 -0.7069 0.5830
vn 0.2515 -0.1353 0.9584
vn 0.6339 -0.2342 0.7371
vn 0.4700 0.2581 0.8441
vn 0.2790 0.2897 0.9155
vn 0.4740 -0.2148 0.8539
vn 0.6945 -0.1016 0.7123
vn 0.3306 0.4003 0.8547
vn 0.2704 -0.2965 0.9159
vn 0.1440 -0.1634 0.9760
vn -0.1303 -0.3776 0.9168
vn -0.0172 -0.8785 0.4774
vn -0.1987 -0.2780 0.9398
vn 0.1401 -0.6405 0.7551
vn 0.7842 0.1982 0.5880
vn 0.5895 -0.6751 0.4435
vn 0.7046 -0.3906 0.5924
vn 0.1337 -0.4491 0.8834
vn 0.6806 0.0474 0.7311
vn -0.3124 -0.3638 -0.8775
vn 0.8682 -0.2172 0.4461
vn 0.2205 -0.0521 -0.9740
vn 0.9614 0.0609 0.2683
vn 0.0006 0.9870 -0.1607
vn 0.8280 -0.1127 0.5492
vn 0.8691 -0.1521 0.4707
vn 0.0147 -0.7147 0.6993
vn 0.4721 0.3037 0.8276
vn -0.5414 -0.0516 0.8391
vn -0.1226 -0.2664 0.9560
vn -0.3642 -0.9072 0.2107
vn -0.0632 0.8115 0.5809
vn -0.1485 -0.2453 -0.9580
vn -0.9702 -0.1161 -0.2126
vn -0.8957 -0.0835 0.4368
vn -0.0069 0.9671 -0.2541
vn -0.0132 0.9521 0.3055
vn -0.9180 -0.3870 0.0862
vn -0.8051 -0.2835 0.5210
vn 0.3239 0.3497 0.8791
vn 0.2106 -0.0008 0.9776
vn 0.2550 0.2826 0.9247
vn -0.0351 -0.9161 0.3994
vn 0.9803 -0.0885 0.1768
vn 0.6960 -0.0672 -0.7149
vn 0.9124 -0.2040 0.3549
vn 0.6199 -0.3136 0.7193
vn 0.7458 -0.3143 0.5873
vn 0.6394 -0.5976 0.4838
vn 0.5691 -0.6823 0.4590
vn 0.5950 -0.6573 0.4626
vn 0.5928 -0.6273 0.5050
vn 0.6467 0.2201 0.7303
vn 0.5310 -0.7500 0.3944
vn 0.5541 -0.7113 0.4324
vn 0.4485 -0.7297 0.5161
vn 0.0685 -0.9974 -0.0221
vn -0.4611 0.6154 -0.6392
vn -0.5488 0.2576 -0.7953
vn 0.4366 -0.8438 0.3119
vn 0.5361 -0.7242 0.4337
vn 0.3487 -0.8493 0.3964
vn 0.3107 -0.8614 0.4018
vn 0.4809 -0.7772 0.4058
vn 0.3096 -0.8077 0.5018
vn 0.1912 -0.9265 0.3241
vn -0.0687 -0.9893 0.1291
vn 0.1826 -0.9346 0.3051
vn -0.1814 0.9402 -0.2885
vn -0.0853 0.9040 -0.4190
vn -0.0182 -0.7292 0.6840
vn 0.3353 -0.4974 0.8001
vn 0.6210 -0.2345 0.7479
vn 0.7580 -0.1596 0.6324
vn 0.8002 -0.5962 -0.0652
vn -0.8262 0.5619 0.0397
vn 0.7122 -0.6732 0.1991
vn 0.8330 -0.5521 -0.0367
vn -0.8138 0.5788 0.0525
vn 0.9198 -0.3267 -0.2174
vn 0.9589 -0.0795 -0.2724
vn 0.6563 0.1990 -0.7278
vn 0.9538 0.2840 -0.0977
vn -0.0624 0.8180 -0.5719
vn 0.3772 0.9028 -0.2065
vn -0.4049 0.9110 -0.0780
vn -0.0206 0.9925 0.1204
vn 0.6803 0.6881 0.2526
vn -0.7219 -0.6812 -0.1215
vn -0.7069 -0.6849 -0.1768
vn -0.9105 -0.3811 -0.1605
vn -0.8686 -0.3910 -0.3043
vn -0.8998 -0.4050 -0.1625
vn -0.9742 -0.2238 0.0280
vn -0.9645 -0.2596 0.0491
vn -0.8608 -0.5070 -0.0437
vn -0.9345 -0.2977 -0.1952
vn -0.9214 -0.3886 -0.0069
vn -0.8698 -0.4914 -0.0440
vn -0.4165 -0.8780 -0.2358
vn -0.7613 -0.6403 -0.1019
vn -0.7256 -0.6722 -0.1469
vn 0.3773 0.5370 -0.7545
vn 0.8369 -0.5412 0.0821
vn 0.0602 -0.9976 0.0344
vn -0.6608 -0.7464 -0.0789
vn -0.6075 -0.0853 -0.7897
vn -0.5682 -0.7257 0.3879
vn 0.2081 -0.7969 0.5672
vn -0.4420 0.4840 0.7552
vn -0.5001 0.3215 -0.8041
vn 0.8079 0.4613 0.3668
vn 0.1374 0.9191 -0.3694
vn -0.6469 0.6578 -0.3857
vn -0.1588 0.9714 -0.1764
vn 0.6099 0.7600 -0.2246
vn -0.0161 -0.3882 -0.9214
vn -0.4377 0.7318 0.5223
vn 0.3036 0.3284 -0.8944
vn 0.5277 -0.8315 0.1738
vn 0.0763 -0.3557 0.9315
vn 0.0993 -0.3522 0.9306
vn -0.3975 -0.3749 -0.8375
vn 0.8113 0.2160 0.5433
vn 0.7562 0.2307 0.6124
vn 0.7621 0.2411 0.6009
vn 0.4458 0.8763 0.1830
vn 0.4657 0.8651 0.1860
vn -0.9806 0.0021 0.1962
vn -0.9950 -0.0785 0.0623
vn -0.9878 -0.0487 0.1482
vn -0.6527 -0.1420 0.7442
vn -0.7724 0.1161 0.6244
vn -0.7740 0.1398 0.6175
vn -0.5265 0.5571 0.6422
vn -0.3268 -0.0903 -0.9408
vn -0.6470 0.1124 0.7542
vn -0.3069 -0.4571 -0.8348
vn -0.6112 0.0529 0.7897
vn -0.1391 -0.7295 -0.6697
vn -0.7777 -0.0815 0.6233
vn -0.3176 0.3486 -0.8818
vn 0.0206 -0.5868 0.8094
vn 0.8187 -0.2587 0.5126
vn 0.7418 -0.2291 0.6303
vn 0.9187 -0.1199 0.3763
vn 0.9241 -0.1171 0.3637
vn 0.8896 -0.1025 0.4451
vn 0.9474 -0.0857 0.3082
vn 0.9150 -0.1104 0.3880
vn 0.9607 0.0267 0.2762
vn 0.9423 -0.0406 0.3324
vn 0.9607 0.0883 0.2632
vn 0.9570 0.0030 0.2902
vn 0.9633 0.1648 0.2120
vn 0.9675 -0.1716 -0.1857
vn 0.8983 0.1688 0.4057
vn 0.6382 -0.2581 0.7253
vn 0.8579 0.2510 0.4484
vn 0.8984 0.1912 0.3954
vn 0.6721 0.7336 -0.1002
vn 0.5739 0.8144 -0.0864
vn -0.9630 -0.0551 -0.2639
vn -0.9471 -0.0646 -0.3144
vn 0.8256 0.3037 0.4755
vn 0.3811 0.2176 0.8986
vn 0.5305 0.8455 -0.0610
vn 0.8881 0.4129 0.2018
vn 0.6902 0.7173 -0.0954
vn -0.0849 0.9954 -0.0447
vn -0.1098 0.9939 0.0039
vn 0.1282 0.9860 0.1071
vn 0.0300 0.9951 -0.0939
vn 0.2625 0.9561 -0.1307
vn 0.2253 0.9659 -0.1273
vn 0.2287 0.9666 -0.1154
vn -0.0565 0.9737 -0.2209
vn -0.2936 0.9559 -0.0088
vn -0.3035 0.9528 0.0033
vn -0.4006 0.8447 0.3551
vn -0.5301 0.7830 0.3255
vn 0.4480 0.8272 -0.3392
vn 0.2199 0.9751 -0.0298
vn 0.3455 0.9299 -0.1263
vn -0.5652 0.4465 0.6937
vn -0.6685 0.1367 0.7311
vn -0.4657 -0.2499 -0.8489
vn 0.1862 -0.0315 -0.9820
vn 0.9716 0.0462 -0.2320
vn 0.9428 0.1102 -0.3147
vn -0.9590 -0.1107 0.2611
vn -0.7250 0.4534 0.5185
vn -0.9233 0.0886 0.3738
vn -0.9593 0.0425 0.2793
vn -0.0158 -0.7904 0.6124
vn -0.0087 -0.7800 0.6257
vn -0.8170 -0.5616 0.1309
vn -0.6718 -0.4762 -0.5673
vn -0.6443 -0.3975 -0.6534
vn -0.6929 -0.3659 -0.6213
vn -0.6047 -0.4493 -0.6576
vn -0.4131 -0.5025 -0.7594
vn -0.4757 -0.4415 -0.7608
vn -0.4480 -0.4460 -0.7748
vn -0.4242 -0.4511 -0.7852
vn -0.4218 -0.4522 -0.7859
vn -0.2196 -0.5818 -0.7831
vn 0.0721 -0.8908 -0.4486
vn 0.1915 -0.8238 0.5335
vn -0.9971 0.0671 0.0360
vn -0.9986 0.0482 0.0200
vn 0.9760 -0.2139 0.0417
vn 0.9549 -0.2926 0.0503
vn 0.9534 -0.3003 0.0273
vn 0.9196 -0.1571 0.3601
vn 0.9548 -0.2960 0.0256
vn 0.9755 -0.0098 -0.2196
vn 0.9654 0.0713 0.2508
vn 0.6783 0.6545 -0.3340
vn 0.9670 -0.2222 -0.1243
vn 0.9855 -0.1184 -0.1216
vn 0.9687 -0.1284 -0.2123
vn 0.9669 -0.1897 -0.1710
vn 0.9625 0.0692 0.2623
vn 0.9630 0.1009 0.2500
vn 0.9389 0.2640 0.2207
vn 0.9624 0.1592 0.2203
vn 0.9648 0.1790 0.1927
vn 0.9444 0.0552 0.3240
vn 0.9434 -0.1180 -0.3101
vn 0.7014 -0.2080 -0.6817
vn 0.7153 -0.1296 -0.6867
vn 0.7333 0.0463 -0.6783
vn 0.7971 0.5808 -0.1650
vn -0.3931 -0.4346 -0.8103
vn -0.3639 -0.4487 -0.8162
vn 0.0060 -0.3447 0.9387
vn 0.0279 -0.3541 0.9348
vn 0.7354 -0.3391 -0.5867
vn 0.3053 0.8067 -0.5059
vn 0.1619 0.9293 -0.3319
vn -0.1673 0.9634 -0.2094
vn -0.1991 0.9581 -0.2059
vn -0.2352 0.9492 -0.2091
vn -0.0868 0.9705 -0.2249
vn -0.0282 0.9802 -0.1959
vn -0.0112 0.9822 -0.1872
vn -0.0951 0.9688 -0.2289
vn -0.5291 0.8443 0.0848
vn -0.2418 0.9476 -0.2088
vn -0.2661 0.9400 -0.2136
vn -0.2780 0.8439 -0.4589
vn -0.6335 0.7688 -0.0870
vn -0.7207 0.6285 -0.2926
vn -0.6482 0.7582 -0.0699
vn -0.7799 0.5859 -0.2200
vn -0.6651 -0.6795 0.3096
vn -0.6526 -0.6883 0.3170
vn -0.6137 0.7861 0.0744
vn -0.5632 0.7949 0.2256
vn -0.8833 0.3774 0.2781
vn -0.9448 0.2512 0.2102
vn -0.9428 0.2522 0.2182
vn -0.9339 0.2558 0.2499
vn -0.8711 -0.4903 0.0291
vn -0.9805 -0.1343 -0.1435
vn -0.9901 0.0782 0.1165
vn -0.9894 0.0605 0.1320
vn -0.9510 0.2480 0.1844
vn 0.6322 0.5628 -0.5326
vn -0.8865 -0.4280 -0.1759
vn -0.8838 -0.3547 -0.3051
vn -0.7213 -0.3694 -0.5858
vn -0.7026 -0.3728 -0.6061
vn -0.3792 -0.6617 -0.6468
vn -0.4765 -0.4151 -0.7750
vn -0.5376 -0.3722 -0.7566
vn -0.5466 -0.4078 -0.7314
vn -0.5086 -0.3793 -0.7730
vn -0.4578 -0.3309 -0.8251
vn -0.5609 -0.3714 -0.7399
vn -0.8014 -0.1910 -0.5669
vn 0.9266 -0.3756 -0.0179
vn 0.9344 -0.3548 0.0332
vn 0.9397 -0.3416 -0.0196
vn -0.5000 -0.3653 -0.7852
vn -0.1732 -0.4858 -0.8567
vn -0.4900 -0.3592 -0.7943
vn 0.0769 0.8198 -0.5674
vn 0.0063 0.2785 -0.9604
vn -0.2190 -0.4499 -0.8658
vn -0.2147 -0.4909 -0.8443
vn -0.2221 -0.4544 -0.8626
vn 0.2025 -0.6643 -0.7195
vn 0.1860 -0.7247 -0.6635
vn 0.2013 -0.7117 -0.6730
vn 0.1932 -0.7358 -0.6491
vn -0.1924 -0.4358 -0.8793
vn 0.0800 -0.4371 -0.8959
vn 0.1856 -0.4683 -0.8639
vn 0.1743 -0.4613 -0.8699
vn 0.2652 -0.6512 -0.7110
vn 0.2713 -0.6390 -0.7198
vn 0.4289 -0.5560 -0.7120
vn 0.5382 -0.4228 -0.7291
vn 0.5621 -0.4097 -0.7185
vn 0.8266 -0.3889 -0.4068
vn 0.9123 -0.3518 -0.2098
vn 0.9341 -0.0404 -0.3547
vn 0.7743 0.3357 0.5365
vn 0.7666 0.3238 0.5545
vn 0.7639 0.3456 0.5450
vn 0.9627 -0.0338 -0.2686
vn 0.9373 -0.0924 -0.3359
vn 0.9732 0.2289 0.0230
vn -0.7995 0.4514 -0.3962
vn -0.9415 -0.3223 -0.0988
vn 0.8838 0.3470 -0.3139
vn -0.6786 0.3808 0.6281
vn -0.6432 0.0324 0.7651
vn -0.5816 0.5093 0.6344
vn 0.9102 0.4141 -0.0000
vn 0.9102 0.4129 -0.0309
vn -0.3417 0.8782 -0.3347
vn 0.1877 0.6219 -0.7602
vn 0.2064 0.9551 0.2125
vn 0.2208 0.9555 0.1956
vn -0.9832 0.1763 -0.0469
vn 0.4547 0.5803 -0.6756
vn -0.4319 0.5475 -0.7167
vn 0.3434 0.8738 -0.3443
vn -0.4527 0.6159 -0.6448
vn -0.5200 0.6652 -0.5358
vn -0.0976 0.9786 0.1812
vn -0.8115 0.3712 0.4513
vn -0.7239 0.5511 -0.4151
vn -0.6429 0.7608 -0.0886
vn -0.9711 0.0904 -0.2210
vn -0.9724 -0.0964 -0.2123
vn -0.9475 -0.1199 -0.2965
vn 0.9400 -0.3388 0.0409
vn 0.9533 -0.3019 0.0021
vn -0.5750 0.2149 -0.7894
vn -0.4846 0.0442 -0.8736
vn -0.5004 -0.3534 -0.7903
vn -0.4493 -0.0261 -0.8930
vn -0.1790 -0.4223 -0.8886
vn -0.4497 0.0651 -0.8908
vn -0.1957 -0.1091 -0.9746
vn -0.1154 -0.0546 -0.9918
vn -0.2765 -0.1641 -0.9469
vn 0.0572 -0.1556 -0.9862
vn -0.7476 0.6629 0.0400
vn -0.8804 0.4633 0.1010
vn -0.0742 -0.0267 -0.9969
vn 0.2398 -0.4725 -0.8481
vn 0.2541 -0.4649 -0.8481
vn -0.4763 0.4109 -0.7773
vn 0.1708 -0.1653 -0.9713
vn 0.2051 -0.3014 -0.9312
vn 0.3196 -0.3439 -0.8829
vn 0.3313 -0.3738 -0.8663
vn 0.3310 -0.3354 -0.8820
vn 0.3569 -0.3358 -0.8717
vn 0.3456 -0.3468 -0.8719
vn 0.3655 -0.3421 -0.8656
vn 0.3689 -0.3274 -0.8699
vn 0.5152 -0.6881 -0.5110
vn -0.9163 0.2363 -0.3233
vn 0.4797 -0.3182 -0.8177
vn 0.4589 -0.1538 -0.8751
vn 0.4997 -0.3431 -0.7954
vn 0.6360 -0.1982 -0.7458
vn 0.2756 -0.6214 0.7334
vn 0.4971 -0.3387 -0.7989
vn 0.5523 -0.2555 -0.7935
vn 0.8709 -0.2868 -0.3991
vn 0.6061 0.2642 -0.7502
vn 0.6404 0.2070 -0.7397
vn 0.6418 0.1653 -0.7488
vn 0.7105 0.2029 -0.6738
vn 0.4257 0.3764 -0.8228
vn 0.4260 -0.6674 -0.6109
vn 0.3672 -0.0971 -0.9250
vn 0.5951 0.7882 0.1567
vn 0.4909 0.8700 -0.0462
vn 0.6111 0.7897 0.0536
vn -0.0942 0.2361 -0.9672
vn -0.2011 0.2807 -0.9385
vn -0.2739 0.3215 -0.9064
vn -0.3888 0.4531 -0.8022
vn -0.3847 0.4582 -0.8013
vn -0.4378 0.5173 -0.7353
vn -0.3523 0.4463 -0.8226
vn -0.9596 0.0286 -0.2800
vn -0.2698 0.2762 -0.9225
vn -0.4586 0.4108 -0.7880
vn -0.1166 0.1801 -0.9767
vn -0.0773 0.1307 -0.9884
vn -0.0211 0.1344 -0.9907
vn 0.3817 0.7164 -0.5840
vn 0.2901 -0.4483 -0.8455
vn 0.2973 -0.4595 -0.8369
vn 0.2685 -0.2163 -0.9387
vn 0.2836 -0.2154 -0.9344
vn 0.3503 -0.1014 -0.9311
vn 0.3414 -0.6873 -0.6411
vn 0.2006 0.3625 -0.9101
vn -0.0952 0.2339 -0.9676
vn -0.1338 0.2314 -0.9636
vt 0.928840 0.588930
vt 0.919252 0.643898
vt 0.896289 0.589025
vt 0.917031 0.719770
vt 0.952192 0.659035
vt 0.952410 0.705280
vt 0.877208 0.730771
vt 0.853122 0.625283
vt 0.872360 0.589217
vt 0.842638 0.591319
vt 0.859880 0.588930
vt 0.831218 0.707363
vt 0.827290 0.652840
vt 0.817986 0.686878
vt 0.832678 0.747476
vt 0.824710 0.729650
vt 0.834540 0.754112
vt 0.854946 0.778818
vt 0.835019 0.777674
vt 0.835190 0.761950
vt 0.896071 0.768166
vt 0.903720 0.839451
vt 0.830793 0.803956
vt 0.842006 0.857777
vt 0.830740 0.834490
vt 0.823899 0.857465
vt 0.897433 0.882038
vt 0.882900 0.896321
vt 0.904483 0.897427
vt 0.887580 0.898430
vt 0.912298 0.894677
vt 0.936240 0.884710
vt 0.922270 0.887450
vt 0.952699 0.814218
vt 0.942484 0.880323
vt 0.953275 0.808862
vt 0.925802 0.788872
vt 0.953166 0.727165
vt 0.714460 0.588930
vt 0.674781 0.710510
vt 0.699943 0.589167
vt 0.736016 0.604836
vt 0.644787 0.716347
vt 0.645220 0.667610
vt 0.734612 0.673425
vt 0.763535 0.593698
vt 0.745429 0.588951
vt 0.762831 0.598693
vt 0.764054 0.678714
vt 0.764310 0.631320
vt 0.781436 0.672876
vt 0.786440 0.695090
vt 0.713007 0.738138
vt 0.768617 0.731697
vt 0.731416 0.739200
vt 0.762400 0.761800
vt 0.765077 0.747174
vt 0.760850 0.815747
vt 0.761967 0.769806
vt 0.765450 0.825410
vt 0.764548 0.805155
vt 0.684584 0.782395
vt 0.645220 0.760250
vt 0.691559 0.826547
vt 0.645220 0.822240
vt 0.661966 0.883096
vt 0.645220 0.834710
vt 0.709559 0.878353
vt 0.675450 0.887520
vt 0.689000 0.892600
vt 0.740958 0.885063
vt 0.720480 0.894870
vt 0.766746 0.831526
vt 0.770030 0.873070
vt 0.774706 0.855678
vt 0.348535 0.053039
vt 0.407228 0.048250
vt 0.428452 0.048786
vt 0.355397 0.048786
vt 0.368522 0.048786
vt 0.305287 0.048786
vt 0.315822 0.048786
vt 0.318400 0.012740
vt 0.351186 0.027395
vt 0.317167 0.045102
vt 0.330990 0.012740
vt 0.343920 0.012740
vt 0.349919 0.016423
vt 0.371590 0.012740
vt 0.371590 0.045570
vt 0.357760 0.045570
vt 0.408304 0.027559
vt 0.422030 0.045570
vt 0.430570 0.045570
vt 0.441056 0.016755
vt 0.442300 0.030110
vt 0.420105 0.011490
vt 0.520050 0.908830
vt 0.510820 0.912990
vt 0.508860 0.899660
vt 0.534526 0.863374
vt 0.495385 0.869724
vt 0.472590 0.856250
vt 0.460880 0.853830
vt 0.467667 0.811918
vt 0.446360 0.829100
vt 0.460364 0.855465
vt 0.446429 0.788164
vt 0.483058 0.758340
vt 0.500388 0.783812
vt 0.551595 0.783607
vt 0.586423 0.877757
vt 0.579120 0.886800
vt 0.574119 0.810667
vt 0.574810 0.793510
vt 0.574820 0.804320
vt 0.578792 0.766831
vt 0.598594 0.702017
vt 0.516959 0.728985
vt 0.600380 0.744340
vt 0.583910 0.760980
vt 0.621020 0.727650
vt 0.625090 0.735390
vt 0.602620 0.670260
vt 0.609860 0.694250
vt 0.599740 0.657610
vt 0.572445 0.624497
vt 0.541469 0.604068
vt 0.587096 0.599537
vt 0.546617 0.591422
vt 0.574450 0.588930
vt 0.525755 0.658008
vt 0.511450 0.588930
vt 0.523810 0.588930
vt 0.479969 0.622654
vt 0.479336 0.589078
vt 0.450156 0.587946
vt 0.463510 0.588930
vt 0.446667 0.648807
vt 0.446360 0.672160
vt 0.446625 0.711656
vt 0.387655 0.097740
vt 0.397200 0.097740
vt 0.403795 0.103375
vt 0.325260 0.097511
vt 0.344565 0.097740
vt 0.435990 0.089110
vt 0.410664 0.073553
vt 0.450350 0.073670
vt 0.435990 0.056280
vt 0.423390 0.056280
vt 0.407663 0.088977
vt 0.387655 0.089110
vt 0.391182 0.067090
vt 0.396790 0.056280
vt 0.385557 0.056128
vt 0.376651 0.089038
vt 0.354570 0.089110
vt 0.345764 0.068015
vt 0.373396 0.055171
vt 0.344570 0.089110
vt 0.335775 0.089110
vt 0.329072 0.056031
vt 0.344570 0.056280
vt 0.318734 0.088383
vt 0.312110 0.065370
vt 0.343371 0.388915
vt 0.350630 0.303891
vt 0.365620 0.332630
vt 0.370980 0.385231
vt 0.337120 0.404000
vt 0.294214 0.415842
vt 0.328504 0.416540
vt 0.287471 0.516501
vt 0.321414 0.447609
vt 0.317832 0.476164
vt 0.311360 0.510020
vt 0.251636 0.367431
vt 0.285311 0.378352
vt 0.305464 0.263367
vt 0.318152 0.261470
vt 0.341234 0.267842
vt 0.325036 0.226399
vt 0.303262 0.201473
vt 0.319064 0.202106
vt 0.321890 0.215260
vt 0.270536 0.186863
vt 0.319149 0.148376
vt 0.292073 0.127723
vt 0.292038 0.087405
vt 0.302040 0.105690
vt 0.275296 0.124521
vt 0.238707 0.110504
vt 0.243112 0.062674
vt 0.272660 0.066976
vt 0.287519 0.067742
vt 0.273866 0.042625
vt 0.279790 0.017370
vt 0.281040 0.026290
vt 0.242436 0.032490
vt 0.251645 0.008583
vt 0.235991 0.008134
vt 0.221057 0.052442
vt 0.225850 0.008560
vt 0.231410 0.008560
vt 0.218936 0.008448
vt 0.193490 0.020571
vt 0.191796 0.047893
vt 0.208950 0.008560
vt 0.214690 0.008560
vt 0.194111 0.008758
vt 0.166208 0.033567
vt 0.176350 0.008560
vt 0.165258 0.008584
vt 0.149796 0.008267
vt 0.163530 0.008560
vt 0.148115 0.008587
vt 0.135308 0.027427
vt 0.120359 0.008569
vt 0.113720 0.015000
vt 0.112980 0.022420
vt 0.156903 0.042742
vt 0.093979 0.131157
vt 0.093410 0.080740
vt 0.080153 0.118355
vt 0.118743 0.156900
vt 0.197618 0.105672
vt 0.150007 0.143419
vt 0.191431 0.219889
vt 0.221516 0.267696
vt 0.248302 0.231211
vt 0.279906 0.292265
vt 0.218235 0.533920
vt 0.225413 0.356100
vt 0.243217 0.517066
vt 0.271896 0.553943
vt 0.238280 0.554000
vt 0.225739 0.552495
vt 0.200040 0.554000
vt 0.181695 0.525334
vt 0.195439 0.404628
vt 0.135215 0.513800
vt 0.182033 0.553572
vt 0.174133 0.553795
vt 0.147920 0.554000
vt 0.114240 0.554000
vt 0.095457 0.504790
vt 0.102960 0.554000
vt 0.050691 0.474273
vt 0.091660 0.554000
vt 0.045720 0.554000
vt 0.044000 0.542000
vt 0.034270 0.462040
vt 0.034080 0.450850
vt 0.033592 0.408480
vt 0.091664 0.438718
vt 0.032839 0.427456
vt 0.028640 0.412700
vt 0.072895 0.400007
vt 0.071739 0.313598
vt 0.027050 0.357300
vt 0.036070 0.336450
vt 0.042480 0.318520
vt 0.097717 0.409279
vt 0.142184 0.410524
vt 0.097334 0.267525
vt 0.122304 0.238867
vt 0.083580 0.232381
vt 0.061010 0.268790
vt 0.072610 0.216730
vt 0.070720 0.225900
vt 0.150048 0.234400
vt 0.160817 0.267415
vt 0.075920 0.170540
vt 0.406014 0.387156
vt 0.405430 0.395080
vt 0.393480 0.383160
vt 0.424850 0.423349
vt 0.387790 0.354970
vt 0.399240 0.312790
vt 0.418850 0.458200
vt 0.437303 0.493629
vt 0.423390 0.507000
vt 0.420910 0.478250
vt 0.491663 0.472764
vt 0.431524 0.226939
vt 0.453024 0.186568
vt 0.467948 0.298293
vt 0.436410 0.211790
vt 0.441150 0.191940
vt 0.442616 0.170272
vt 0.446380 0.136310
vt 0.490692 0.173789
vt 0.473446 0.124397
vt 0.452630 0.113170
vt 0.504959 0.205488
vt 0.493487 0.319578
vt 0.477373 0.394875
vt 0.440561 0.541665
vt 0.527406 0.244996
vt 0.547399 0.194034
vt 0.556379 0.263249
vt 0.517123 0.051781
vt 0.489217 0.046170
vt 0.456582 0.107154
vt 0.534307 0.058162
vt 0.469881 0.042415
vt 0.479250 0.025980
vt 0.517667 0.029322
vt 0.487949 0.007812
vt 0.501870 0.007810
vt 0.507090 0.007810
vt 0.526833 0.007802
vt 0.545808 0.017340
vt 0.536134 0.007825
vt 0.545660 0.007810
vt 0.566639 0.007420
vt 0.571445 0.031986
vt 0.590511 0.007831
vt 0.598500 0.034885
vt 0.595594 0.007843
vt 0.604560 0.007810
vt 0.614339 0.016053
vt 0.622620 0.007810
vt 0.629010 0.007810
vt 0.649970 0.024830
vt 0.649990 0.033450
vt 0.605769 0.076207
vt 0.655512 0.057131
vt 0.642530 0.098217
vt 0.664662 0.133161
vt 0.681283 0.139199
vt 0.681260 0.172020
vt 0.631214 0.161553
vt 0.671656 0.229677
vt 0.683120 0.206190
vt 0.687370 0.226840
vt 0.677389 0.288423
vt 0.698540 0.271540
vt 0.718096 0.393834
vt 0.717850 0.324690
vt 0.731760 0.363430
vt 0.714880 0.417640
vt 0.695642 0.417553
vt 0.665507 0.412223
vt 0.711840 0.422260
vt 0.709500 0.427120
vt 0.670077 0.457455
vt 0.705450 0.441990
vt 0.659661 0.357783
vt 0.636445 0.266937
vt 0.604386 0.222698
vt 0.601070 0.285078
vt 0.628905 0.486036
vt 0.558566 0.422848
vt 0.630506 0.425843
vt 0.694161 0.470931
vt 0.702400 0.469590
vt 0.703410 0.458790
vt 0.699020 0.494640
vt 0.656084 0.515975
vt 0.690032 0.533249
vt 0.684970 0.554750
vt 0.661760 0.554750
vt 0.640080 0.554750
vt 0.618190 0.554750
vt 0.601569 0.535743
vt 0.596280 0.554750
vt 0.585350 0.554750
vt 0.555629 0.529677
vt 0.558740 0.554750
vt 0.546600 0.554750
vt 0.498502 0.523595
vt 0.533990 0.554750
vt 0.517887 0.482384
vt 0.514736 0.554708
vt 0.495960 0.554750
vt 0.487721 0.554516
vt 0.445190 0.554750
vt 0.437540 0.554750
vt 0.524917 0.315483
vt 0.501644 0.365623
vt 0.582202 0.180731
vt 0.555192 0.330406
vt 0.570784 0.082488
vt 0.604135 0.148895
vt 0.568444 0.047931
vt 0.207347 0.008558
vt 0.204560 0.011030
vt 0.210340 0.011050
vt 0.208900 0.011040
vt 0.213260 0.008560
vt 0.158732 0.010883
vt 0.161950 0.008560
vt 0.624220 0.007810
vt 0.624330 0.010000
vt 0.627410 0.007810
vt 0.541320 0.007810
vt 0.541310 0.010270
vt 0.544210 0.007810
vt 0.892070 0.021650
vt 0.891910 0.020510
vt 0.889900 0.021690
vt 0.920470 0.021310
vt 0.920350 0.020510
vt 0.916440 0.020510
vt 0.881527 0.021284
vt 0.883580 0.021790
vt 0.883480 0.020510
vt 0.838810 0.020510
vt 0.838770 0.022020
vt 0.840740 0.020510
vt 0.277910 0.008560
vt 0.279510 0.008560
vt 0.274770 0.010960
vt 0.090299 0.584588
vt 0.079180 0.584340
vt 0.142500 0.584880
vt 0.793400 0.021780
vt 0.836830 0.022020
vt 0.832950 0.022020
vt 0.843264 0.022012
vt 0.844560 0.022010
vt 0.913720 0.021430
vt 0.848410 0.022000
vt 0.887750 0.021720
vt 0.879560 0.021850
vt 0.506940 0.010320
vt 0.544210 0.010260
vt 0.538420 0.010280
vt 0.500020 0.010310
vt 0.493420 0.007810
vt 0.532730 0.010320
vt 0.527230 0.010360
vt 0.521710 0.010370
vt 0.512380 0.007810
vt 0.517720 0.010360
vt 0.235351 0.008560
vt 0.224490 0.008560
vt 0.219000 0.008560
vt 0.792455 0.367912
vt 0.794093 0.386903
vt 0.788045 0.373929
vt 0.833625 0.371041
vt 0.799897 0.368133
vt 0.829639 0.396041
vt 0.831616 0.384130
vt 0.810557 0.468981
vt 0.790876 0.418627
vt 0.793454 0.430628
vt 0.797168 0.448384
vt 0.828953 0.402034
vt 0.847623 0.457225
vt 0.836555 0.419900
vt 0.829844 0.412302
vt 0.843686 0.509625
vt 0.857652 0.432312
vt 0.867787 0.431280
vt 0.870457 0.477485
vt 0.878947 0.448008
vt 0.835128 0.500269
vt 0.841014 0.524189
vt 0.823503 0.511557
vt 0.841288 0.533072
vt 0.827524 0.518780
vt 0.866884 0.534259
vt 0.860256 0.541922
vt 0.872484 0.529569
vt 0.895195 0.531802
vt 0.908790 0.499714
vt 0.907713 0.518836
vt 0.921523 0.492707
vt 0.938636 0.404813
vt 0.942382 0.432808
vt 0.947752 0.391286
vt 0.945575 0.416440
vt 0.912005 0.464801
vt 0.947642 0.387109
vt 0.942760 0.380174
vt 0.941773 0.366982
vt 0.945873 0.366982
vt 0.901177 0.366982
vt 0.923370 0.366982
vt 0.901455 0.374073
vt 0.906973 0.397343
vt 0.902449 0.413170
vt 0.877260 0.430485
vt 0.895665 0.419769
vt 0.876108 0.430504
vt 0.974171 0.484945
vt 0.994679 0.501082
vt 0.992766 0.510682
vt 0.945916 0.489962
vt 0.948751 0.503270
vt 0.951018 0.443575
vt 0.987231 0.454632
vt 0.982984 0.421742
vt 0.984889 0.410938
vt 0.861954 0.566410
vt 0.851775 0.566101
vt 0.855595 0.555103
vt 0.891185 0.555103
vt 0.863450 0.566101
vt 0.893706 0.566101
vt 0.884000 0.566101
vt 0.907754 0.566101
vt 0.930636 0.555103
vt 0.922664 0.566101
vt 0.918018 0.566101
vt 0.937081 0.566101
vt 0.945252 0.566037
vt 0.958038 0.565616
vt 0.981893 0.555103
vt 0.966655 0.566101
vt 0.961756 0.566101
vt 1.786226 0.384854
vt 1.791671 0.384532
vt 1.785509 0.375795
vt 1.789164 0.414140
vt 1.804686 0.450225
vt 1.833662 0.370668
vt 1.816164 0.367912
vt 1.829639 0.396041
vt 1.829185 0.410588
vt 1.820914 0.436800
vt 1.832366 0.415813
vt 1.839959 0.422708
vt 1.809669 0.484091
vt 1.814832 0.495167
vt 1.852192 0.455819
vt 1.862427 0.432192
vt 1.839323 0.519488
vt 1.839869 0.491637
vt 1.840882 0.532596
vt 1.849543 0.538787
vt 1.855318 0.541020
vt 1.879143 0.529833
vt 1.861591 0.525862
vt 1.890180 0.536651
vt 1.900723 0.527884
vt 1.906246 0.520648
vt 1.914404 0.488450
vt 1.926671 0.480577
vt 1.939808 0.446307
vt 1.942118 0.435640
vt 1.945575 0.416440
vt 1.876778 0.455659
vt 1.866885 0.431353
vt 1.883338 0.429450
vt 1.872250 0.430847
vt 1.898360 0.417253
vt 1.885539 0.427109
vt 1.907024 0.401744
vt 1.936290 0.389522
vt 1.923630 0.380344
vt 1.901750 0.378669
vt 1.947176 0.384296
vt 1.949470 0.366982
vt 1.932943 0.366982
vt 1.901177 0.366982
vt 1.901455 0.374073
vt 1.918501 0.366982
vt 1.958097 0.520722
vt 1.989977 0.519192
vt 1.972190 0.477473
vt 1.953087 0.512560
vt 1.993989 0.476444
vt 1.990421 0.465399
vt 1.948410 0.451601
vt 1.956265 0.424109
vt 1.980546 0.400934
vt 1.971293 0.373361
vt 1.955050 0.398426
vt 1.983210 0.370867
vt 1.979314 0.368327
vt 1.971145 0.366348
vt 1.966971 0.366987
vt 1.855595 0.566101
vt 1.863449 0.566101
vt 1.859536 0.555103
vt 1.889042 0.566101
vt 1.875100 0.565709
vt 1.919567 0.555103
vt 1.909511 0.567395
vt 1.918018 0.566101
vt 1.942785 0.566101
vt 1.947286 0.566101
vt 1.981893 0.555103
vt 1.956547 0.566101
vt 1.982678 0.566101
vt 1.986552 0.566101
vt 0.869709 0.056530
vt 0.839054 0.055995
vt 0.857100 0.020510
vt 0.841700 0.020510
vt 0.835874 0.020525
vt 0.872700 0.020510
vt 0.888959 0.031032
vt 0.884470 0.020510
vt 0.880510 0.020510
vt 0.897740 0.020510
vt 0.892990 0.020510
vt 0.814568 0.042747
vt 0.830100 0.020510
vt 0.822250 0.020510
vt 0.818140 0.020510
vt 0.809581 0.174551
vt 0.805860 0.020510
vt 0.765998 0.141544
vt 0.787183 0.038959
vt 0.785850 0.020510
vt 0.758294 0.124646
vt 0.773010 0.080510
vt 0.788487 0.116102
vt 0.784236 0.163668
vt 0.753897 0.154589
vt 0.772112 0.171006
vt 0.753210 0.165980
vt 0.753830 0.161260
vt 0.848371 0.168358
vt 0.910243 0.098305
vt 0.906450 0.020510
vt 0.911189 0.038316
vt 0.910550 0.020510
vt 0.914480 0.020510
vt 0.922300 0.020510
vt 0.922550 0.030900
vt 0.923380 0.034970
vt 0.945659 0.140972
vt 0.935680 0.070830
vt 0.946550 0.094170
vt 0.884731 0.121470
vt 0.960510 0.163580
vt 0.961430 0.170170
vt 0.910138 0.167909
vt 0.956454 0.210983
vt 0.884906 0.216418
vt 0.754844 0.269175
vt 0.750330 0.175880
vt 0.781781 0.220496
vt 0.725928 0.250989
vt 0.732220 0.228890
vt 0.766990 0.283660
vt 0.759850 0.275770
vt 0.780387 0.300449
vt 0.782576 0.283900
vt 0.810281 0.234326
vt 0.829261 0.189480
vt 0.871980 0.282063
vt 0.851005 0.282002
vt 0.807134 0.319976
vt 0.786670 0.320610
vt 0.781540 0.311510
vt 0.792350 0.329350
vt 0.774576 0.349531
vt 0.840560 0.349629
vt 0.864260 0.361580
vt 0.853360 0.361220
vt 0.879405 0.335700
vt 0.895615 0.352455
vt 0.873520 0.360330
vt 0.915737 0.302511
vt 0.906730 0.343810
vt 0.934040 0.311620
vt 0.940170 0.302760
vt 0.949295 0.286279
vt 0.946280 0.293950
vt 0.930005 0.237428
vt 0.963760 0.280640
vt 0.953980 0.286190
vt 0.986058 0.273398
vt 0.974190 0.277170
vt 0.983780 0.254260
vt 0.987627 0.233803
vt 0.950325 0.242734
vt 0.167051 0.607708
vt 0.127829 0.599738
vt 0.161898 0.583287
vt 0.116200 0.583410
vt 0.120080 0.583410
vt 0.131019 0.701316
vt 0.083920 0.628945
vt 0.104180 0.583410
vt 0.038129 0.682025
vt 0.058360 0.633840
vt 0.050923 0.729467
vt 0.038111 0.689380
vt 0.085733 0.679906
vt 0.074145 0.728921
vt 0.100402 0.727378
vt 0.022931 0.765366
vt 0.041069 0.811436
vt 0.045480 0.852820
vt 0.010300 0.817070
vt 0.008780 0.829630
vt 0.056174 0.818772
vt 0.053980 0.865610
vt 0.047950 0.856780
vt 0.072703 0.860789
vt 0.060100 0.874470
vt 0.100157 0.882521
vt 0.066450 0.883160
vt 0.094920 0.912630
vt 0.087390 0.906740
vt 0.112306 0.837012
vt 0.128443 0.899152
vt 0.155855 0.922397
vt 0.130000 0.924510
vt 0.178073 0.891206
vt 0.162434 0.920512
vt 0.193516 0.905408
vt 0.180230 0.913400
vt 0.216750 0.860545
vt 0.213000 0.874380
vt 0.220542 0.860709
vt 0.173970 0.826546
vt 0.241489 0.831489
vt 0.239951 0.835329
vt 0.218838 0.841107
vt 0.254570 0.827150
vt 0.244140 0.832400
vt 0.267907 0.819933
vt 0.252384 0.799512
vt 0.264780 0.803700
vt 0.267090 0.815570
vt 0.226674 0.730937
vt 0.243470 0.738840
vt 0.233157 0.707064
vt 0.205729 0.712918
vt 0.190465 0.619657
vt 0.235200 0.684550
vt 0.221070 0.643380
vt 0.227690 0.660450
vt 0.200690 0.583410
vt 0.208590 0.583410
vt 0.170910 0.583410
vt 0.174940 0.583410
vt 0.169837 0.706698
vt 0.155627 0.749465
vt 0.112508 0.763006
vt 0.080829 0.778411
vt 0.207857 0.739270
vt 0.187895 0.757071
vt 0.147399 0.858482
vt 0.392380 0.588930
vt 0.404967 0.619063
vt 0.368230 0.588930
vt 0.345274 0.601594
vt 0.433550 0.671890
vt 0.433550 0.695850
vt 0.395624 0.759774
vt 0.433550 0.744140
vt 0.358977 0.723458
vt 0.407353 0.840151
vt 0.433550 0.804640
vt 0.433550 0.829020
vt 0.433550 0.852700
vt 0.419070 0.853660
vt 0.374690 0.888350
vt 0.346000 0.877467
vt 0.371440 0.897380
vt 0.368940 0.912070
vt 0.350170 0.904300
vt 0.340460 0.900070
vt 0.310620 0.889420
vt 0.307422 0.854498
vt 0.329965 0.834627
vt 0.300437 0.850962
vt 0.301650 0.834920
vt 0.338419 0.817873
vt 0.304440 0.814690
vt 0.305150 0.793400
vt 0.344911 0.763790
vt 0.304120 0.782330
vt 0.330261 0.754733
vt 0.279120 0.744870
vt 0.268900 0.739270
vt 0.296169 0.697846
vt 0.342687 0.661512
vt 0.262710 0.717040
vt 0.266310 0.705840
vt 0.277250 0.670400
vt 0.298620 0.632086
vt 0.282380 0.644630
vt 0.285980 0.617280
vt 0.305390 0.588930
vt 0.330760 0.588930
vt 0.343430 0.588930
vt 0.804875 0.448997
vt 0.860543 0.354155
vt 0.827074 0.396498
vt 0.846018 0.352241
vt 0.835259 0.352642
vt 0.779792 0.352910
vt 0.736716 0.365850
vt 0.715702 0.435639
vt 0.718891 0.490227
vt 0.771641 0.352033
vt 0.760562 0.352641
vt 0.670793 0.352641
vt 0.680149 0.352743
vt 0.647717 0.352640
vt 0.618558 0.374999
vt 0.616861 0.352262
vt 0.608880 0.352640
vt 0.504121 0.390727
vt 0.443262 0.444086
vt 0.451236 0.452133
vt 0.423809 0.423714
vt 0.447583 0.349178
vt 0.512874 0.350830
vt 0.582012 0.343322
vt 0.587049 0.335558
vt 0.607706 0.304292
vt 0.415655 0.232975
vt 0.390303 0.394421
vt 0.339007 0.324215
vt 0.378069 0.386957
vt 0.383857 0.390343
vt 0.336255 0.380260
vt 0.330052 0.380132
vt 0.255244 0.323144
vt 0.298300 0.384393
vt 0.277040 0.390958
vt 0.288852 0.387480
vt 0.306350 0.177544
vt 0.277103 0.200953
vt 0.192081 0.318473
vt 0.127629 0.303668
vt 0.120374 0.314748
vt 0.129126 0.314666
vt 0.124302 0.281946
vt 0.133980 0.242760
vt 0.015069 0.309318
vt 0.032379 0.329743
vt 0.113431 0.276014
vt 0.007738 0.308396
vt 0.006973 0.312858
vt 0.036646 0.286281
vt 0.064829 0.278108
vt 0.054968 0.280633
vt 0.114173 0.268594
vt 0.131714 0.213980
vt 0.084457 0.167998
vt 0.110611 0.227874
vt 0.085440 0.201536
vt 0.098872 0.211718
vt 0.019746 0.139454
vt 0.024476 0.147392
vt 0.087425 0.140796
vt 0.099235 0.146633
vt 0.117535 0.157956
vt 0.142099 0.181197
vt 0.192040 0.149387
vt 0.089252 0.077550
vt 0.131868 0.161566
vt 0.100255 0.131479
vt 0.109992 0.141985
vt 0.061118 0.063654
vt 0.065563 0.059650
vt 0.121515 0.083356
vt 0.113159 0.076388
vt 0.146111 0.104759
vt 0.230134 0.033172
vt 0.184070 0.135345
vt 0.198389 0.066518
vt 0.194585 0.083316
vt 0.212332 0.022556
vt 0.215653 0.019395
vt 0.239804 0.037316
vt 0.250624 0.155061
vt 0.242103 0.087321
vt 0.240642 0.105307
vt 0.293491 0.073918
vt 0.256007 0.117055
vt 0.269978 0.069317
vt 0.267341 0.073794
vt 0.380357 0.176819
vt 0.325732 0.088533
vt 0.299296 0.065193
vt 0.329446 0.068673
vt 0.331258 0.073600
vt 0.344847 0.154566
vt 0.361361 0.118465
vt 0.401877 0.026913
vt 0.366999 0.084777
vt 0.363804 0.102178
vt 0.408154 0.020587
vt 0.404001 0.016585
vt 0.412034 0.035581
vt 0.409283 0.087612
vt 0.410137 0.071814
vt 0.480868 0.046116
vt 0.415346 0.145074
vt 0.446752 0.055296
vt 0.444373 0.065142
vt 0.478263 0.007535
vt 0.471220 0.007013
vt 0.488916 0.059700
vt 0.474509 0.181661
vt 0.483161 0.108259
vt 0.484386 0.092182
vt 0.596452 0.099486
vt 0.522289 0.133393
vt 0.533893 0.124780
vt 0.520772 0.163163
vt 0.605604 0.088917
vt 0.587405 0.111662
vt 0.600252 0.122525
vt 0.605874 0.113999
vt 0.544588 0.189979
vt 0.489068 0.229794
vt 0.533050 0.202936
vt 0.538031 0.274688
vt 0.517518 0.230984
vt 0.583702 0.246760
vt 0.636488 0.256549
vt 0.592925 0.241907
vt 0.654262 0.239427
vt 0.649097 0.236505
vt 0.650473 0.279549
vt 0.846785 0.400426
vt 0.852976 0.352233
vt 0.864224 0.352640
vt 0.777026 0.445489
vt 0.814009 0.352809
vt 0.768293 0.350255
vt 0.778937 0.352641
vt 0.726143 0.352637
vt 0.710341 0.443531
vt 0.632739 0.480379
vt 0.651509 0.456734
vt 0.710584 0.351453
vt 0.714528 0.352641
vt 0.623611 0.352143
vt 0.604597 0.407319
vt 0.608703 0.353090
vt 0.616257 0.352641
vt 0.572912 0.463710
vt 0.458787 0.460715
vt 0.520970 0.407292
vt 0.435850 0.435892
vt 0.444831 0.383321
vt 0.484250 0.378482
vt 0.410826 0.410483
vt 0.406510 0.407014
vt 0.544206 0.408781
vt 0.534563 0.420916
vt 0.567015 0.377088
vt 0.564202 0.329797
vt 0.576682 0.350470
vt 0.573064 0.358085
vt 0.558134 0.303257
vt 0.646758 0.259635
vt 0.660878 0.267953
vt 0.641546 0.253395
vt 0.523127 0.250331
vt 0.578919 0.248780
vt 0.551341 0.255777
vt 0.567852 0.252308
vt 0.382343 0.335317
vt 0.456405 0.223816
vt 0.550210 0.183464
vt 0.546362 0.148753
vt 0.324243 0.380182
vt 0.294721 0.314307
vt 0.306575 0.382490
vt 0.335849 0.307721
vt 0.295040 0.200188
vt 0.363388 0.232287
vt 0.343806 0.172927
vt 0.397771 0.158167
vt 0.452955 0.113087
vt 0.412102 0.146189
vt 0.387140 0.045123
vt 0.410883 0.106669
vt 0.412454 0.131673
vt 0.415735 0.141517
vt 0.429874 0.099578
vt 0.433361 0.089518
vt 0.463232 0.022355
vt 0.446537 0.061367
vt 0.490203 0.049461
vt 0.482268 0.102909
vt 0.475509 0.129498
vt 0.472649 0.165906
vt 0.474656 0.155727
vt 0.475449 0.158521
vt 0.522284 0.133398
vt 0.564853 0.098794
vt 0.551560 0.108735
vt 0.584129 0.145126
vt 0.589192 0.091802
vt 0.594015 0.082899
vt 0.600600 0.084900
vt 0.572161 0.092242
vt 0.362063 0.111685
vt 0.352497 0.158718
vt 0.341554 0.140949
vt 0.336592 0.126318
vt 0.303017 0.066511
vt 0.334457 0.101413
vt 0.306537 0.085213
vt 0.195214 0.205960
vt 0.236620 0.167918
vt 0.167233 0.145603
vt 0.252863 0.139472
vt 0.254030 0.124424
vt 0.235683 0.144111
vt 0.220637 0.050859
vt 0.273179 0.065082
vt 0.287238 0.070279
vt 0.240740 0.041755
vt 0.242478 0.056956
vt 0.186193 0.125816
vt 0.187910 0.109270
vt 0.140746 0.217826
vt 0.145296 0.171783
vt 0.143540 0.170136
vt 0.073730 0.079288
vt 0.139466 0.100510
vt 0.147802 0.105523
vt 0.127133 0.088962
vt 0.077298 0.109594
vt 0.069965 0.102769
vt 0.368675 0.054025
vt 0.370130 0.037740
vt 0.097105 0.280712
vt 0.081093 0.276536
vt 0.097847 0.273988
vt 0.034409 0.313033
vt 0.025209 0.296423
vt 0.101207 0.315731
vt 0.174605 0.294923
vt 0.137976 0.315603
vt 0.146836 0.315702
vt 0.216423 0.323590
vt 0.204780 0.321004
vt 0.116199 0.264264
vt 0.025680 0.112512
vt 0.036448 0.133969
vt 0.020897 0.115074
vt 0.056126 0.118189
vt 0.067911 0.128543
vt 0.079427 0.197242
vt 0.103837 0.216155
vt 0.108272 0.631060
vt 0.000000 0.578026
vt 0.216543 0.741086
vt 0.216543 0.357574
vt 0.054136 0.520839
vt 0.132881 0.329895
vt 0.216543 0.500219
vt 0.108272 0.741086
vt 0.108272 0.552090
vt 0.135591 0.741086
vt 0.135591 0.631429
vt 0.216795 0.629999
vt 0.481540 0.654360
vt 0.410327 0.487251
vt 0.497201 0.411008
vt 0.394759 0.623616
vt 0.335668 0.549383
vt 0.311321 0.461316
vt 0.220950 0.741086
vt 0.000000 0.000000
vt 0.104912 0.382209
vt 0.381682 0.007814
vt 0.373151 0.030947
vt 0.585886 0.007814
vt 0.546673 0.068613
vt 0.688882 0.078664
vt 0.874422 0.371053
vt 0.283761 0.321822
vt 0.549401 0.256880
vt 0.403818 0.396244
vt 0.298055 0.690185
vt 0.391326 0.827952
vt 0.354600 0.457895
vt 0.450806 0.598083
vt 0.502168 0.713801
vt 0.759963 0.762328
vt 0.585506 0.424379
vt 0.603804 0.525727
vt 0.693525 0.626706
vt 0.889224 0.584166
vt 0.746439 0.395245
vt 0.682338 0.604154
vt 0.536866 0.891391
vt 0.686383 0.539393
vt 0.549859 0.705483
vt 0.521061 0.811546
vt 0.673138 0.715161
vt 0.697872 0.916409
vt 0.880903 0.830613
vt 0.668729 0.668106
vt 0.828801 0.864534
vt 0.780572 0.687653
vt 0.866769 0.782637
vt 0.833355 0.708436
vt 0.669050 0.646573
vt 0.666176 0.622539
vt 0.691237 0.634584
vt 0.675731 0.638542
vt 0.723771 0.619247
vt 0.724035 0.644926
vt 0.760897 0.675354
vt 0.746604 0.669659
vt 0.806522 0.682799
vt 0.812096 0.657391
vt 0.823991 0.702211
vt 0.742959 0.640110
vt 0.737098 0.372576
vt 0.839672 0.425468
vt 0.506849 0.414783
vt 0.585989 0.330987
vt 0.672184 0.372122
vt 0.493856 0.052711
vt 0.537488 0.127586
vt 0.778727 0.089092
vt 0.938548 0.112692
vt 0.859768 0.134637
vt 0.813070 0.295006
vt 0.154201 0.930752
vt 0.109250 0.930752
vt 0.088468 0.885826
vt 0.195425 0.889346
vt 0.207841 0.888446
vt 0.090654 0.705192
vt 0.007923 0.626575
vt 0.013201 0.615676
vt 0.162468 0.592538
vt 0.213460 0.686032
vt 0.256438 0.689463
vt 0.303916 0.717282
vt 0.304140 0.625446
vt 0.303909 0.749784
vt 0.303916 0.808890
vt 0.303916 0.907312
vt 0.303777 0.880371
vt 0.200274 0.930752
vt 0.129958 0.966465
vt 0.088738 0.993734
vt 0.047911 0.993734
vt 0.165848 0.993655
vt 0.139593 0.993734
vt 0.258528 0.976614
vt 0.192366 0.993679
vt 0.899100 0.034173
vt 0.878109 0.017136
vt 0.917715 0.044868
vt 0.864497 0.049326
vt 0.861786 0.038398
vt 0.838783 0.032330
vt 0.158872 0.068029
vt 0.121497 0.056021
vt 0.154550 0.078694
vt 0.174722 0.101243
vt 0.051226 0.049090
vt 0.023823 0.103673
vt 0.037897 0.235018
vt 0.087856 0.235488
vt 0.270567 0.765886
vt 0.399059 0.879593
vt 0.216315 0.370284
vt 0.577494 0.933175
vt 0.324689 0.118769
vt 0.268455 0.201657
vt 0.538143 0.285902
vt 0.617555 0.398236
vt 0.898853 0.968589
vt 0.947365 0.980569
vt 0.855231 0.713019
vt 0.553190 0.504817
vt 0.666138 0.539420
vt 0.695369 0.515867
vt 0.122465 0.217811
vt 0.294021 0.161014
vt 0.083619 0.138527
vt 0.055638 0.366207
vt 0.806137 0.816572
vt 0.270783 0.766159
vt 0.420643 0.883608
vt 0.086517 0.923554
vt 0.008195 0.905010
vt 0.001066 0.862910
vt 0.101877 0.861603
vt 0.137536 0.861455
vt 0.137684 0.897114
vt 0.885214 0.860858
vt 0.938696 0.901198
vt 0.861460 0.860933
vt 0.861609 0.896591
vt 0.909703 0.988657
vt 0.862916 0.997402
vt 0.857988 0.085992
vt 0.859144 0.055035
vt 0.881723 0.109221
vt 0.989143 0.095522
vt 0.996273 0.137622
vt 0.884222 0.139018
vt 0.859803 0.139078
vt 0.101877 0.139227
vt 0.089278 0.082613
vt 0.137536 0.139078
vt 0.136080 0.002609
vt 0.093308 0.010138
vt 0.137173 0.079440
vt 0.136877 0.055035
vt 0.001185 0.863730
vt 0.028220 0.862482
vt 0.056547 0.925834
vt 0.883789 0.996622
vt 0.862295 0.957461
vt 0.906686 0.928246
vt 0.972722 0.939970
vt 0.991700 0.901720
vt 0.957654 0.860116
vt 0.996158 0.136783
vt 0.956331 0.138243
vt 0.945868 0.073815
vt 0.968818 0.057131
vt 0.899814 0.008701
vt 0.861774 0.037123
vt 0.132144 0.004968
vt 0.136509 0.029763
vt 0.035167 0.105861
vt 0.056144 0.029528
vt 0.025991 0.060646
vt 0.007296 0.098291
vt 0.028220 0.140105
vt 0.449051 0.543327
vt 0.903329 0.204999
vt 0.975151 0.344739
vt 0.205391 0.096135
vt 0.095067 0.206881
vt 0.024701 0.655042
vt 0.000137 0.500677
vt 0.551175 0.482084
vt 0.346041 0.975746
vt 0.206538 0.904901
vt 0.904822 0.793270
vt 0.975630 0.653768
vt 0.653626 0.024220
vt 0.793125 0.095019
vt 0.024361 0.346289
vt 0.138037 0.933223
vt 0.062832 0.897402
vt 0.137673 0.908449
vt 0.861961 0.932701
vt 0.861705 0.908545
vt 0.922914 0.940765
vt 0.942853 0.970483
vt 0.905016 0.990273
vt 0.999372 0.886567
vt 0.957658 0.860084
vt 0.996011 0.136741
vt 0.911356 0.089953
vt 0.968782 0.057140
vt 0.898845 0.008489
vt 0.858968 0.042550
vt 0.113782 0.139154
vt 0.089924 0.139322
vt 0.096206 0.103738
vt 0.136701 0.042550
vt 0.093980 0.009738
vt 0.091987 0.138927
vt 0.053492 0.139737
vt 0.084502 0.079892
vt 0.931993 0.138575
vt 0.907415 0.138834
vt 0.900123 0.076004
vt 0.053492 0.862114
vt 0.089924 0.861699
vt 0.084693 0.944829
vt 0.097561 0.991826
vt 0.138563 0.970771
vt 0.909072 0.860689
vt 0.933228 0.860432
vt 0.944240 0.899694
vt 0.905824 0.989931
vt 0.862487 0.970248
vt 0.999863 0.499214
vt 0.460820 0.543048
vt 0.024307 0.347063
vt 0.495312 0.498449
vt 0.095780 0.794373
vt 0.939928 0.021615
vt 0.918722 0.039023
vt 0.914730 0.006878
vt 0.896430 0.003298
vt 0.878018 0.004360
vt 0.875828 0.215378
vt 0.878638 0.223618
vt 0.808728 0.200883
vt 0.958750 0.193618
vt 0.972319 0.194070
vt 0.941934 0.211259
vt 0.613114 0.044015
vt 0.643329 0.036589
vt 0.710169 0.070550
vt 0.520780 0.220468
vt 0.538200 0.219108
vt 0.568237 0.219507
vt 0.526291 0.214185
vt 0.538218 0.217289
vt 0.515370 0.217289
vt 0.101000 0.003969
vt 0.119570 0.004579
vt 0.070201 0.045464
vt 0.063169 0.212369
vt 0.030560 0.195394
vt 0.044470 0.194638
vt 0.087520 0.212698
vt 0.073018 0.206598
vt 0.501739 0.010928
vt 0.427022 0.031663
vt 0.471260 0.012140
vt 0.437020 0.216120
vt 0.438068 0.216560
vt 0.433664 0.215155
vt 0.473809 0.217289
vt 0.457940 0.217289
vt 0.466903 0.213973
vt 0.913188 0.321826
vt 0.915300 0.322012
vt 0.914390 0.325105
vt 0.933045 0.340824
vt 0.920454 0.323711
vt 0.944586 0.343374
vt 0.961389 0.296828
vt 0.980154 0.305631
vt 0.973341 0.314180
vt 0.067970 0.908649
vt 0.076898 0.914120
vt 0.068659 0.915728
vt 0.121886 0.900019
vt 0.241121 0.871503
vt 0.250306 0.899420
vt 0.150309 0.864798
vt 0.174777 0.781873
vt 0.140452 0.821962
vt 0.303021 0.792366
vt 0.326377 0.743308
vt 0.126942 0.728164
vt 0.226684 0.693436
vt 0.103896 0.697446
vt 0.062225 0.748240
vt 0.066504 0.829062
vt 0.048784 0.853017
vt 0.078432 0.858752
vt 0.074528 0.851700
vt 0.038538 0.827588
vt 0.039859 0.834860
vt 0.037650 0.819199
vt 0.023338 0.829460
vt 0.024660 0.836830
vt 0.026410 0.843460
vt 0.022590 0.820670
vt 0.010660 0.831399
vt 0.009828 0.821780
vt 0.012020 0.838530
vt 0.010568 0.812179
vt 0.013694 0.845032
vt 0.022709 0.811389
vt 0.011168 0.802708
vt 0.035860 0.862002
vt 0.022988 0.801930
vt 0.011370 0.792370
vt 0.031050 0.869189
vt 0.049780 0.860939
vt 0.060940 0.853060
vt 0.040860 0.868619
vt 0.036129 0.876240
vt 0.044989 0.876450
vt 0.037739 0.886150
vt 0.053300 0.868030
vt 0.063299 0.859950
vt 0.065820 0.867380
vt 0.046378 0.885838
vt 0.037349 0.896148
vt 0.056034 0.720851
vt 0.022980 0.792078
vt 0.022690 0.782158
vt 0.055601 0.707468
vt 0.079620 0.718069
vt 0.059738 0.700658
vt 0.094755 0.678955
vt 0.085868 0.686909
vt 0.075038 0.676989
vt 0.064158 0.683990
vt 0.064360 0.675239
vt 0.084468 0.670638
vt 0.083930 0.663268
vt 0.083597 0.639809
vt 0.188284 0.657701
vt 0.380370 0.703129
vt 0.410608 0.761745
vt 0.509827 0.732288
vt 0.424818 0.681242
vt 0.390145 0.686470
vt 0.412348 0.685549
vt 0.399731 0.682553
vt 0.369860 0.683944
vt 0.314233 0.689877
vt 0.213121 0.671334
vt 0.299035 0.685769
vt 0.246399 0.675670
vt 0.250429 0.675740
vt 0.200429 0.616419
vt 0.209220 0.642889
vt 0.118000 0.592283
vt 0.196834 0.602325
vt 0.203592 0.602596
vt 0.209748 0.602900
vt 0.115800 0.586768
vt 0.125070 0.589800
vt 0.084290 0.583516
vt 0.105659 0.583350
vt 0.085996 0.594279
vt 0.080219 0.591610
vt 0.078418 0.596130
vt 0.083489 0.598640
vt 0.076600 0.601000
vt 0.087771 0.607192
vt 0.073458 0.609408
vt 0.067409 0.619530
vt 0.084218 0.630849
vt 0.062940 0.626730
vt 0.068400 0.629390
vt 0.071970 0.639069
vt 0.064158 0.636138
vt 0.057489 0.633870
vt 0.069140 0.645569
vt 0.060270 0.643158
vt 0.052609 0.641480
vt 0.056889 0.650399
vt 0.066890 0.652440
vt 0.075120 0.661539
vt 0.065350 0.659600
vt 0.058129 0.910179
vt 0.244168 0.906808
vt 0.240810 0.906250
vt 0.249708 0.903828
vt 0.266234 0.900905
vt 0.255710 0.902019
vt 0.236919 0.906040
vt 0.379260 0.905119
vt 0.376454 0.907914
vt 0.358945 0.906480
vt 0.205280 0.945658
vt 0.202590 0.954410
vt 0.193936 0.963994
vt 0.259750 0.678300
vt 0.253690 0.675650
vt 0.388299 0.683954
vt 0.209020 0.607168
vt 0.915678 0.955209
vt 0.924734 0.920353
vt 0.931230 0.948230
vt 0.688288 0.850929
vt 0.740768 0.846939
vt 0.707970 0.858439
vt 0.870793 0.939149
vt 0.824778 0.929068
vt 0.820438 0.926060
vt 0.758889 0.844668
vt 0.747290 0.852078
vt 0.868200 0.233850
vt 0.863510 0.243478
vt 0.774306 0.406442
vt 0.853129 0.284949
vt 0.676862 0.180717
vt 0.880431 0.414753
vt 0.892158 0.428820
vt 0.911870 0.459699
vt 0.914448 0.441020
vt 0.802726 0.562398
vt 0.759010 0.590560
vt 0.751195 0.606518
vt 0.584840 0.611327
vt 0.607286 0.650798
vt 0.539630 0.686449
vt 0.413500 0.679880
vt 0.356756 0.586983
vt 0.433693 0.603540
vt 0.374045 0.667475
vt 0.365064 0.456729
vt 0.228302 0.579920
vt 0.144998 0.450865
vt 0.085170 0.435849
vt 0.086879 0.454180
vt 0.094750 0.429100
vt 0.146320 0.333710
vt 0.184704 0.216683
vt 0.294791 0.388382
vt 0.135848 0.243009
vt 0.143170 0.258264
vt 0.123423 0.218531
vt 0.126598 0.209950
vt 0.262564 0.184466
vt 0.421382 0.130458
vt 0.294039 0.067529
vt 0.255580 0.085050
vt 0.360980 0.034480
vt 0.387452 0.369658
vt 0.482880 0.317269
vt 0.426153 0.420970
vt 0.491805 0.297425
vt 0.539374 0.322254
vt 0.520679 0.312607
vt 0.490948 0.237845
vt 0.549465 0.282034
vt 0.503089 0.436212
vt 0.410160 0.405570
vt 0.392030 0.402399
vt 0.423923 0.409320
vt 0.382160 0.400469
vt 0.363640 0.401039
vt 0.372856 0.400649
vt 0.343196 0.408885
vt 0.335308 0.419351
vt 0.358269 0.411049
vt 0.350474 0.410688
vt 0.396377 0.409778
vt 0.404621 0.410450
vt 0.412759 0.410959
vt 0.617302 0.458846
vt 0.683443 0.395151
vt 0.528697 0.099356
vt 0.532296 0.195386
vt 0.585398 0.210620
vt 0.575030 0.212108
vt 0.639839 0.385906
vt 0.676959 0.397133
vt 0.533911 0.418109
vt 0.576630 0.408255
vt 0.620079 0.388429
vt 0.606378 0.401354
vt 0.615530 0.401850
vt 0.580949 0.408114
vt 0.597320 0.403337
vt 0.575480 0.411576
vt 0.577340 0.410225
vt 0.575416 0.413078
vt 0.585769 0.413726
vt 0.592741 0.417126
vt 0.594403 0.413581
vt 0.602923 0.412650
vt 0.611940 0.411989
vt 0.646438 0.414920
vt 0.661808 0.409958
vt 0.657706 0.406235
vt 0.642620 0.401286
vt 0.634554 0.400348
vt 0.625230 0.401100
vt 0.654047 0.414294
vt 0.617669 0.430326
vt 0.647140 0.412952
vt 0.654821 0.412382
vt 0.639524 0.412778
vt 0.970489 0.077710
vt 0.973435 0.060090
vt 0.910297 0.061281
vt 0.975443 0.164414
vt 0.993639 0.108474
vt 0.942578 0.161160
vt 0.918055 0.205676
vt 0.886615 0.180034
vt 0.883936 0.115645
vt 0.842580 0.145318
vt 0.889509 0.194600
vt 0.871420 0.182199
vt 0.901068 0.203020
vt 0.861338 0.016380
vt 0.864189 0.007980
vt 0.491996 0.226399
vt 0.504090 0.220770
vt 0.568418 0.214478
vt 0.570159 0.209389
vt 0.488380 0.217289
vt 0.442612 0.206895
vt 0.930493 0.278129
vt 0.934125 0.293743
vt 0.915614 0.308044
vt 0.926414 0.264113
vt 0.885883 0.256240
vt 0.906614 0.252983
vt 0.915716 0.310930
vt 0.925104 0.302647
vt 0.866906 0.295625
vt 0.862893 0.286535
vt 0.863774 0.273189
vt 0.876598 0.259381
vt 0.885637 0.254584
vt 0.895966 0.252531
vt 0.024615 0.153554
vt 0.049168 0.170373
vt 0.099977 0.194725
vt 0.057000 0.203198
vt 0.087678 0.207210
vt 0.074552 0.091684
vt 0.005710 0.113304
vt 0.103050 0.202910
vt 0.119442 0.038953
vt 0.160469 0.140828
vt 0.154670 0.035700
vt 0.140478 0.021758
vt 0.137130 0.014418
vt 0.929847 0.320980
vt 0.927338 0.323805
vt 0.919726 0.319339
vt 0.929503 0.326797
vt 0.918447 0.316219
vt 0.931829 0.305860
vt 0.951470 0.296965
vt 0.995000 0.322970
vt 0.993411 0.317179
vt 0.989947 0.339161
vt 0.983090 0.347205
vt 0.977831 0.340342
vt 0.988821 0.338203
vt 0.994174 0.330224
vt 0.952505 0.356919
vt 0.941942 0.349811
vt 0.918762 0.325837
vt 0.916395 0.324030
vt 0.088276 0.891029
vt 0.057339 0.894079
vt 0.077898 0.900438
vt 0.068098 0.892880
vt 0.098554 0.951042
vt 0.080056 0.925991
vt 0.076999 0.907298
vt 0.077480 0.920360
vt 0.080957 0.931855
vt 0.070018 0.922360
vt 0.072048 0.928578
vt 0.074478 0.934480
vt 0.064668 0.931200
vt 0.052600 0.926568
vt 0.056710 0.933780
vt 0.049929 0.935769
vt 0.055259 0.943158
vt 0.060988 0.940800
vt 0.067869 0.937650
vt 0.077030 0.940100
vt 0.067269 0.953759
vt 0.060117 0.952084
vt 0.070710 0.943870
vt 0.091792 0.981303
vt 0.077583 0.977920
vt 0.079998 0.982400
vt 0.074368 0.984610
vt 0.082730 0.986379
vt 0.076480 0.988420
vt 0.104919 0.983340
vt 0.089079 0.992708
vt 0.117480 0.984399
vt 0.108488 0.987020
vt 0.137187 0.963595
vt 0.164356 0.958513
vt 0.189419 0.974749
vt 0.195778 0.974609
vt 0.200650 0.965578
vt 0.185828 0.928489
vt 0.200230 0.934560
vt 0.193858 0.923600
vt 0.057470 0.902440
vt 0.046390 0.903819
vt 0.037691 0.912670
vt 0.049339 0.919160
vt 0.046339 0.895308
vt 0.036910 0.904770
vt 0.317475 0.897015
vt 0.360965 0.902174
vt 0.388751 0.836051
vt 0.440461 0.879549
vt 0.425972 0.780611
vt 0.494523 0.837608
vt 0.531031 0.763044
vt 0.584422 0.793397
vt 0.591629 0.733349
vt 0.620194 0.760445
vt 0.629208 0.774460
vt 0.633609 0.820295
vt 0.626820 0.835020
vt 0.507408 0.867194
vt 0.616625 0.848243
vt 0.537295 0.892075
vt 0.554920 0.886919
vt 0.438336 0.905088
vt 0.401679 0.907480
vt 0.388550 0.909349
vt 0.508584 0.897874
vt 0.074900 0.668980
vt 0.064548 0.667128
vt 0.041710 0.705479
vt 0.034183 0.716715
vt 0.030841 0.703150
vt 0.066248 0.715860
vt 0.052239 0.691919
vt 0.053320 0.682690
vt 0.053399 0.673529
vt 0.037918 0.698180
vt 0.043639 0.691748
vt 0.044550 0.681980
vt 0.044500 0.672339
vt 0.053330 0.665269
vt 0.043600 0.663918
vt 0.054480 0.657679
vt 0.213770 0.631690
vt 0.210690 0.622650
vt 0.843490 0.945218
vt 0.819608 0.920300
vt 0.818660 0.924978
vt 0.822761 0.865372
vt 0.813642 0.911236
vt 0.891592 0.919565
vt 0.964178 0.923340
vt 0.961418 0.919640
vt 0.963030 0.918770
vt 0.946693 0.816795
vt 0.982437 0.818646
vt 0.859922 0.763375
vt 0.907170 0.704816
vt 0.973828 0.781449
vt 0.945500 0.707830
vt 0.936070 0.689540
vt 0.882155 0.662159
vt 0.864119 0.669960
vt 0.862280 0.717229
vt 0.843770 0.690069
vt 0.807120 0.782459
vt 0.739234 0.805840
vt 0.692161 0.807120
vt 0.662338 0.825568
vt 0.659650 0.829890
vt 0.711281 0.699447
vt 0.646855 0.777874
vt 0.680394 0.684004
vt 0.690755 0.674495
vt 0.727595 0.666694
vt 0.739989 0.665405
vt 0.783012 0.696614
vt 0.769292 0.788020
vt 0.779860 0.827269
vt 0.779358 0.831210
vt 0.300396 0.337853
vt 0.216543 0.526154
vt 0.220950 0.549179
vt 0.235354 0.482142
vt 0.216543 0.474283
vt 0.118159 0.318950
vt 0.135339 0.524025
vt 0.506430 0.741086
vt 0.416058 0.622897
vt 0.538873 0.521206
vt 0.596802 0.565058
vt 0.596802 0.600237
vt 0.317318 0.638336
vt 0.216543 0.629896
vt 0.109652 0.526978
vt 0.483837 0.741086
vt 0.517051 0.387884
vt 0.220950 0.474285
vt 0.316393 0.356483
vt 0.156160 0.424979
vt 0.216543 0.553345
vt 0.128411 0.329659
vt 0.000000 0.474283
vt 0.216543 0.526155
vt 0.000000 0.741086
vt 0.343330 0.194165
vt 0.418466 0.626826
vt 0.401693 0.260317
vt 0.401693 0.692980
vt 0.137187 0.280193
vt 0.000000 0.448348
vt 0.162407 0.693837
vt 0.108272 0.422413
vt 0.400131 0.603961
vt 0.505760 0.741086
s 1
f 1/1/1 3/2/2 2/3/3
f 4/4/4 3/2/2 1/5/1
f 5/6/5 4/4/4 1/5/1
f 3/2/2 4/4/4 11/7/6
f 7/8/7 3/2/2 11/7/6
f 2/9/3 3/2/2 7/8/7
f 6/10/8 2/11/3 7/8/7
f 7/8/7 10/12/9 6/13/8
f 10/12/9 8/14/10 6/13/8
f 7/8/7 11/7/6 10/12/9
f 9/15/11 8/16/10 10/12/9
f 10/12/9 11/7/6 9/17/11
f 9/17/11 11/7/6 13/18/12
f 13/18/12 12/19/13 9/20/11
f 13/18/12 11/7/6 14/21/14
f 14/21/14 11/7/6 4/4/4
f 13/18/12 20/22/15 12/23/13
f 14/21/14 20/22/15 13/18/12
f 20/22/15 16/24/16 12/25/13
f 16/24/16 15/26/17 12/25/13
f 16/24/16 18/27/18 15/28/17
f 16/24/16 20/22/15 18/27/18
f 17/29/19 15/30/17 18/27/18
f 17/31/19 18/27/18 20/22/15
f 19/32/20 17/33/19 20/22/15
f 5/34/5 19/35/20 20/22/15
f 5/36/5 20/22/15 21/37/21
f 14/21/14 21/37/21 20/22/15
f 4/4/4 21/37/21 14/21/14
f 21/37/21 4/4/4 5/38/5
f 23/39/22 22/40/23 1/41/1
f 23/39/22 25/42/24 22/40/23
f 22/40/23 5/43/5 1/44/1
f 25/42/24 24/45/25 22/40/23
f 26/46/26 25/42/24 23/47/22
f 26/48/26 28/49/27 25/42/24
f 28/49/27 24/45/25 25/42/24
f 28/49/27 26/48/26 27/50/28
f 28/49/27 27/51/28 29/52/29
f 28/49/27 30/53/30 24/45/25
f 28/49/27 29/54/29 31/55/31
f 24/45/25 30/53/30 22/40/23
f 30/53/30 28/49/27 31/55/31
f 32/56/32 31/55/31 29/57/29
f 33/58/33 31/55/31 32/59/32
f 30/53/30 31/55/31 33/58/33
f 34/60/34 33/58/33 32/61/32
f 30/53/30 35/62/35 22/40/23
f 35/62/35 5/63/5 22/40/23
f 35/62/35 36/64/36 5/65/5
f 30/53/30 36/64/36 35/62/35
f 30/53/30 33/58/33 36/64/36
f 19/66/20 5/67/5 36/64/36
f 36/64/36 39/68/37 19/69/20
f 37/70/38 19/69/20 39/68/37
f 39/68/37 36/64/36 33/58/33
f 39/68/37 38/71/39 37/72/38
f 39/68/37 33/58/33 34/73/34
f 38/74/39 39/68/37 34/75/34
f 43/76/40 41/77/41 40/78/42
f 43/76/40 42/79/43 41/80/41
f 44/81/44 42/82/43 43/76/40
f 19/83/20 45/84/45 42/85/43
f 19/86/20 37/87/38 45/84/45
f 45/84/45 37/88/38 46/89/46
f 41/90/41 42/91/43 45/84/45
f 45/84/45 47/92/47 41/90/41
f 47/92/47 45/84/45 46/89/46
f 41/93/41 47/92/47 40/94/42
f 47/92/47 48/95/48 40/96/42
f 48/95/48 47/92/47 46/97/46
f 15/98/17 17/99/19 49/100/49
f 49/100/49 53/101/50 15/98/17
f 49/102/49 48/103/48 53/101/50
f 48/104/48 50/105/51 53/101/50
f 51/106/52 50/105/51 48/107/48
f 51/108/52 52/109/53 50/105/51
f 50/105/51 52/109/53 56/110/54
f 56/110/54 53/101/50 50/105/51
f 57/111/55 56/110/54 52/109/53
f 54/112/56 15/113/17 53/101/50
f 53/101/50 57/111/55 54/114/56
f 55/115/57 54/116/56 57/111/55
f 57/111/55 53/101/50 56/110/54
f 55/117/57 57/111/55 60/118/58
f 60/118/58 57/111/55 59/119/59
f 60/118/58 58/120/60 55/121/57
f 8/122/10 58/123/60 60/118/58
f 6/124/8 8/125/10 60/118/58
f 6/126/8 60/118/58 61/127/61
f 61/127/61 63/128/62 6/129/8
f 63/128/62 62/130/63 6/131/8
f 63/128/62 61/127/61 67/132/64
f 61/127/61 60/118/58 67/132/64
f 64/133/65 62/134/63 63/128/62
f 63/128/62 67/132/64 66/135/66
f 64/136/65 63/128/62 66/135/66
f 65/137/67 64/138/65 66/135/66
f 66/135/66 52/109/53 65/139/67
f 65/140/67 52/109/53 51/141/52
f 66/135/66 67/132/64 52/109/53
f 59/119/59 57/111/55 52/109/53
f 52/109/53 67/132/64 59/119/59
f 67/132/64 60/118/58 59/119/59
f 68/142/68 44/143/44 69/144/69
f 40/145/42 68/146/68 69/144/69
f 44/147/44 70/148/70 42/149/43
f 42/149/43 70/148/70 19/150/20
f 19/150/20 70/148/70 17/151/19
f 70/148/70 44/152/44 68/153/68
f 70/148/70 71/154/71 17/155/19
f 49/156/49 17/155/19 71/154/71
f 68/157/68 71/154/71 70/148/70
f 68/158/68 72/159/72 71/154/71
f 49/160/49 71/154/71 72/159/72
f 72/159/72 68/161/68 40/162/42
f 72/159/72 48/163/48 49/164/49
f 40/165/42 48/166/48 72/159/72
f 78/167/73 74/168/74 73/169/75
f 73/170/75 75/171/76 78/167/73
f 76/172/77 78/167/73 75/173/76
f 111/174/78 76/172/77 75/175/76
f 111/174/78 75/176/76 65/177/67
f 109/178/79 76/172/77 111/174/78
f 78/167/73 76/172/77 77/179/80
f 80/180/81 78/167/73 77/179/80
f 77/179/80 76/172/77 109/178/79
f 78/167/73 79/181/82 74/182/74
f 78/167/73 80/180/81 79/181/82
f 79/181/82 80/180/81 74/183/74
f 84/184/83 74/183/74 80/180/81
f 81/185/84 74/186/74 84/184/83
f 86/187/85 84/184/83 80/180/81
f 81/188/84 84/184/83 83/189/86
f 82/190/87 81/191/84 83/189/86
f 83/189/86 84/184/83 86/187/85
f 83/189/86 86/187/85 85/192/88
f 105/193/89 85/192/88 86/187/85
f 105/193/89 83/189/86 85/192/88
f 105/193/89 89/194/90 83/189/86
f 89/194/90 87/195/91 83/189/86
f 82/196/87 83/189/86 88/197/92
f 87/195/91 88/197/92 83/189/86
f 89/194/90 88/197/92 87/195/91
f 88/197/92 90/198/93 82/199/87
f 88/197/92 91/200/94 90/201/93
f 91/200/94 88/197/92 89/194/90
f 90/202/93 91/200/94 100/203/95
f 91/200/94 89/194/90 100/203/95
f 100/203/95 92/204/96 90/205/93
f 93/206/97 92/204/96 100/203/95
f 105/193/89 100/203/95 89/194/90
f 93/206/97 100/203/95 96/207/98
f 103/208/99 96/207/98 100/203/95
f 94/209/100 93/210/97 96/207/98
f 96/207/98 95/211/101 94/209/100
f 99/212/102 95/213/101 96/207/98
f 99/212/102 97/214/103 95/213/101
f 98/215/104 97/216/103 99/212/102
f 103/208/99 99/212/102 96/207/98
f 98/217/104 99/212/102 102/218/105
f 98/219/104 102/218/105 90/220/93
f 82/221/87 90/220/93 102/218/105
f 102/218/105 99/212/102 101/222/106
f 103/208/99 101/222/106 99/212/102
f 102/218/105 131/223/107 82/224/87
f 81/225/84 82/224/87 131/223/107
f 101/222/106 132/226/108 102/218/105
f 102/218/105 132/226/108 131/223/107
f 100/203/95 105/193/89 104/227/109
f 104/227/109 103/208/99 100/203/95
f 103/208/99 104/227/109 133/228/110
f 101/222/106 103/208/99 133/228/110
f 104/227/109 105/193/89 135/229/111
f 134/230/112 105/193/89 106/231/113
f 106/231/113 105/193/89 86/187/85
f 135/229/111 105/193/89 134/230/112
f 86/187/85 80/180/81 106/231/113
f 80/180/81 107/232/114 106/231/113
f 80/180/81 77/179/80 107/232/114
f 77/179/80 109/178/79 107/232/114
f 109/178/79 113/233/115 108/234/116
f 111/174/78 110/235/117 109/178/79
f 113/233/115 109/178/79 110/235/117
f 65/236/67 110/235/117 111/174/78
f 65/236/67 112/237/118 110/235/117
f 113/233/115 110/235/117 112/237/118
f 112/238/118 26/239/26 113/233/115
f 114/240/119 113/233/115 26/239/26
f 108/234/116 113/233/115 116/241/120
f 114/240/119 116/241/120 113/233/115
f 115/242/121 116/241/120 114/240/119
f 26/243/26 115/242/121 114/240/119
f 26/244/26 23/245/22 115/242/121
f 23/246/22 119/247/122 115/242/121
f 23/246/22 1/248/1 119/247/122
f 117/249/123 119/247/122 1/250/1
f 117/249/123 1/251/1 118/252/124
f 117/249/123 118/253/124 120/254/125
f 120/254/125 122/255/126 117/249/123
f 121/256/127 117/249/123 122/255/126
f 120/257/125 73/258/75 122/255/126
f 121/256/127 119/247/122 117/249/123
f 123/259/128 121/256/127 122/255/126
f 126/260/129 122/255/126 73/261/75
f 73/262/75 74/263/74 126/260/129
f 122/255/126 126/260/129 123/259/128
f 123/259/128 125/264/130 121/256/127
f 119/247/122 121/256/127 115/242/121
f 124/265/131 115/242/121 121/256/127
f 124/265/131 116/241/120 115/242/121
f 124/265/131 121/256/127 125/264/130
f 125/264/130 123/259/128 126/260/129
f 127/266/132 125/264/130 126/260/129
f 125/264/130 127/266/132 130/267/133
f 126/260/129 128/268/134 127/266/132
f 128/268/134 126/260/129 74/269/74
f 81/270/84 128/268/134 74/271/74
f 127/266/132 128/268/134 130/267/133
f 129/272/135 136/273/136 130/267/133
f 125/264/130 130/267/133 136/273/136
f 136/273/136 124/265/131 125/264/130
f 116/241/120 124/265/131 136/273/136
f 136/273/136 129/272/135 135/229/111
f 132/226/108 129/272/135 130/267/133
f 132/226/108 133/228/110 129/272/135
f 135/229/111 129/272/135 133/228/110
f 130/267/133 128/268/134 132/226/108
f 81/274/84 131/223/107 128/268/134
f 131/223/107 132/226/108 128/268/134
f 133/228/110 132/226/108 101/222/106
f 135/229/111 133/228/110 104/227/109
f 106/231/113 107/232/114 134/230/112
f 107/232/114 109/178/79 134/230/112
f 109/178/79 108/234/116 134/230/112
f 135/229/111 134/230/112 108/234/116
f 116/241/120 135/229/111 108/234/116
f 135/229/111 116/241/120 136/273/136
f 137/275/137 75/276/76 73/277/75
f 138/278/138 75/276/76 137/275/137
f 73/279/75 139/280/139 137/275/137
f 75/281/76 138/278/138 140/282/140
f 65/283/67 75/284/76 140/282/140
f 140/282/140 138/278/138 182/285/141
f 139/286/139 141/287/142 137/275/137
f 146/288/143 137/275/137 141/287/142
f 141/287/142 139/289/139 142/290/144
f 141/287/142 142/291/144 144/292/145
f 146/288/143 141/287/142 143/293/146
f 141/287/142 150/294/147 143/293/146
f 144/295/145 150/294/147 141/287/142
f 145/296/148 146/288/143 143/293/146
f 146/288/143 145/296/148 188/297/149
f 147/298/150 138/278/138 137/275/137
f 137/275/137 146/288/143 147/298/150
f 188/297/149 147/298/150 146/288/143
f 182/285/141 138/278/138 147/298/150
f 140/282/140 184/299/151 65/283/67
f 148/300/152 188/297/149 145/296/148
f 145/296/148 195/301/153 148/300/152
f 188/297/149 148/300/152 149/302/154
f 143/293/146 196/303/155 145/296/148
f 196/303/155 143/293/146 150/294/147
f 152/304/156 150/294/147 144/305/145
f 152/304/156 196/303/155 150/294/147
f 197/306/157 145/296/148 196/303/155
f 144/307/145 151/308/158 152/304/156
f 152/304/156 155/309/159 196/303/155
f 152/304/156 151/310/158 153/311/160
f 152/304/156 153/311/160 154/312/161
f 154/312/161 155/309/159 152/304/156
f 154/313/161 156/314/162 155/309/159
f 154/315/161 157/316/163 156/314/162
f 157/317/163 158/318/164 156/314/162
f 157/319/163 159/320/165 158/318/164
f 157/321/163 160/322/166 159/320/165
f 161/323/167 159/320/165 160/322/166
f 160/324/166 151/325/158 161/323/167
f 151/326/158 144/327/145 161/323/167
f 159/320/165 161/323/167 192/328/168
f 161/323/167 144/329/145 162/330/169
f 162/330/169 192/328/168 161/323/167
f 162/330/169 144/329/145 163/331/170
f 163/331/170 144/332/145 142/333/144
f 163/331/170 164/334/171 162/330/169
f 165/335/172 163/331/170 142/333/144
f 164/334/171 163/331/170 165/335/172
f 165/335/172 142/336/144 139/337/139
f 164/334/171 165/335/172 169/338/173
f 139/339/139 166/340/174 165/335/172
f 139/341/139 73/342/75 166/340/174
f 73/343/75 167/344/175 166/340/174
f 166/340/174 167/344/175 170/345/176
f 73/346/75 120/347/125 167/344/175
f 168/348/177 167/344/175 120/349/125
f 170/345/176 169/338/173 166/340/174
f 167/344/175 168/348/177 170/345/176
f 170/345/176 172/350/178 169/338/173
f 166/340/174 169/338/173 165/335/172
f 172/350/178 171/351/179 169/338/173
f 169/338/173 171/351/179 164/334/171
f 164/334/171 171/351/179 173/352/180
f 171/351/179 175/353/181 173/352/180
f 172/350/178 175/353/181 171/351/179
f 170/345/176 175/353/181 172/350/178
f 179/354/182 189/355/183 175/353/181
f 179/354/182 175/353/181 176/356/184
f 170/345/176 176/356/184 175/353/181
f 170/345/176 168/348/177 176/356/184
f 177/357/185 168/348/177 120/349/125
f 118/358/124 177/357/185 120/359/125
f 177/357/185 118/360/124 178/361/186
f 168/348/177 177/357/185 178/361/186
f 178/361/186 118/362/124 1/363/1
f 178/361/186 1/364/1 2/365/3
f 2/366/3 180/367/187 178/361/186
f 180/367/187 2/368/3 6/369/8
f 179/354/182 168/348/177 178/361/186
f 179/354/182 178/361/186 180/367/187
f 168/348/177 179/354/182 176/356/184
f 189/355/183 179/354/182 180/367/187
f 189/355/183 180/367/187 181/370/188
f 181/370/188 180/367/187 6/369/8
f 181/370/188 6/371/8 62/372/63
f 183/373/189 181/370/188 62/374/63
f 185/375/190 181/370/188 183/373/189
f 183/373/189 62/376/63 64/377/65
f 185/375/190 189/355/183 181/370/188
f 183/373/189 182/285/141 185/375/190
f 184/299/151 183/373/189 64/378/65
f 64/379/65 65/380/67 184/299/151
f 140/282/140 183/373/189 184/299/151
f 140/282/140 182/285/141 183/373/189
f 185/375/190 182/285/141 147/298/150
f 185/375/190 187/381/191 189/355/183
f 185/375/190 147/298/150 186/382/192
f 187/381/191 185/375/190 186/382/192
f 147/298/150 188/297/149 186/382/192
f 186/382/192 188/297/149 187/381/191
f 187/381/191 188/297/149 149/302/154
f 149/302/154 148/300/152 190/383/193
f 190/383/193 148/300/152 195/301/153
f 174/384/194 187/381/191 149/302/154
f 149/302/154 173/352/180 174/384/194
f 175/353/181 174/384/194 173/352/180
f 174/384/194 189/355/183 187/381/191
f 175/353/181 189/355/183 174/384/194
f 149/302/154 190/383/193 173/352/180
f 194/385/195 190/383/193 195/301/153
f 190/383/193 191/386/196 173/352/180
f 194/385/195 191/386/196 190/383/193
f 164/334/171 173/352/180 191/386/196
f 192/328/168 164/334/171 191/386/196
f 162/330/169 164/334/171 192/328/168
f 194/385/195 192/328/168 191/386/196
f 193/387/197 192/328/168 194/385/195
f 192/328/168 193/387/197 159/320/165
f 158/318/164 159/320/165 193/387/197
f 156/314/162 158/318/164 193/387/197
f 197/306/157 156/314/162 193/387/197
f 194/385/195 197/306/157 193/387/197
f 194/385/195 195/301/153 197/306/157
f 195/301/153 145/296/148 197/306/157
f 156/314/162 196/303/155 155/309/159
f 196/303/155 156/314/162 197/306/157
f 90/388/93 94/209/100 95/389/101
f 94/390/100 90/391/93 93/392/97
f 98/393/104 95/394/101 97/216/103
f 160/395/166 157/396/163 151/397/158
f 154/398/161 198/399/198 157/400/163
f 201/401/199 200/402/200 199/403/201
f 204/404/202 203/405/203 202/406/204
f 205/407/205 199/408/201 200/409/200
f 207/410/206 206/411/207 205/412/205
f 95/413/101 98/414/104 90/415/93
f 210/416/208 208/417/209 209/418/210
f 203/419/203 206/420/207 207/421/206
f 206/420/207 203/419/203 204/404/202
f 204/404/202 205/422/205 206/420/207
f 205/423/205 204/404/202 202/424/204
f 202/424/204 201/425/199 205/423/205
f 201/401/199 199/426/201 205/427/205
f 153/428/160 157/429/163 198/430/198
f 157/429/163 153/431/160 151/432/158
f 198/433/198 154/434/161 211/435/211
f 153/436/160 198/433/198 211/435/211
f 211/435/211 154/437/161 153/436/160
f 90/438/93 92/439/96 93/440/97
f 213/441/212 214/442/213 212/443/214
f 215/444/215 214/442/213 213/445/212
f 216/446/216 214/442/213 215/447/215
f 214/442/213 220/448/217 212/449/214
f 212/450/214 220/448/217 217/451/218
f 216/452/216 219/453/219 214/442/213
f 219/453/219 220/448/217 214/442/213
f 218/454/220 219/453/219 216/455/216
f 220/448/217 219/453/219 225/456/221
f 218/457/220 221/458/222 219/453/219
f 225/456/221 219/453/219 235/459/223
f 219/453/219 221/458/222 233/460/224
f 219/453/219 233/460/224 235/459/223
f 220/448/217 225/456/221 222/461/225
f 224/462/226 220/448/217 222/461/225
f 220/448/217 224/462/226 217/463/218
f 224/462/226 223/464/227 217/465/218
f 222/461/225 225/456/221 224/462/226
f 227/466/228 223/467/227 224/462/226
f 227/466/228 224/462/226 225/456/221
f 226/468/229 227/466/228 225/456/221
f 223/469/227 227/466/228 229/470/230
f 223/471/227 229/470/230 228/472/231
f 229/470/230 227/466/228 226/468/229
f 235/459/223 226/468/229 225/456/221
f 230/473/232 228/474/231 229/470/230
f 212/475/214 228/476/231 230/473/232
f 230/473/232 229/470/230 234/477/233
f 212/478/214 230/473/232 231/479/234
f 231/479/234 213/480/212 212/481/214
f 215/482/215 213/483/212 231/479/234
f 231/479/234 232/484/235 215/482/215
f 232/485/235 231/479/234 230/473/232
f 230/473/232 234/477/233 232/486/235
f 221/487/222 232/488/235 234/477/233
f 234/477/233 233/460/224 221/489/222
f 234/477/233 235/459/223 233/460/224
f 229/470/230 235/459/223 234/477/233
f 235/459/223 229/470/230 226/468/229
f 236/490/236 217/491/218 223/492/227
f 228/493/231 236/490/236 223/494/227
f 236/490/236 228/495/231 217/496/218
f 217/497/218 228/495/231 212/498/214
f 221/499/222 218/500/220 237/501/237
f 237/501/237 238/502/238 221/503/222
f 232/504/235 221/505/222 238/502/238
f 232/506/235 238/502/238 239/507/239
f 239/507/239 215/508/215 232/509/235
f 215/510/215 239/507/239 216/511/216
f 216/512/216 239/507/239 240/513/240
f 240/513/240 218/514/220 216/515/216
f 242/516/241 243/517/242 241/518/243
f 242/519/241 247/520/244 243/517/242
f 243/517/242 244/521/245 241/522/243
f 244/523/245 243/517/242 245/524/246
f 243/517/242 251/525/247 245/524/246
f 245/526/246 251/525/247 246/527/248
f 251/525/247 243/517/242 247/520/244
f 247/520/244 242/528/241 248/529/249
f 249/530/250 246/531/248 251/525/247
f 248/529/249 250/532/251 247/520/244
f 258/533/252 247/520/244 250/532/251
f 251/525/247 247/520/244 258/533/252
f 258/533/252 249/530/250 251/525/247
f 248/534/249 252/535/253 250/532/251
f 250/532/251 252/536/253 253/537/254
f 258/533/252 250/532/251 254/538/255
f 253/537/254 254/538/255 250/532/251
f 252/539/253 255/540/256 253/537/254
f 255/541/256 257/542/257 253/537/254
f 255/543/256 242/544/241 257/542/257
f 242/545/241 256/546/258 257/542/257
f 253/537/254 257/542/257 259/547/259
f 259/547/259 254/538/255 253/537/254
f 258/533/252 254/538/255 249/530/250
f 259/547/259 249/530/250 254/538/255
f 246/548/248 249/530/250 259/547/259
f 259/547/259 260/549/260 246/550/248
f 260/549/260 259/547/259 257/542/257
f 257/542/257 261/551/261 260/552/260
f 261/553/261 257/542/257 262/554/262
f 262/554/262 257/542/257 256/546/258
f 263/555/263 261/556/261 262/554/262
f 262/554/262 256/557/258 241/558/243
f 262/554/262 241/559/243 263/555/263
f 244/560/245 261/561/261 263/555/263
f 241/562/243 244/560/245 263/555/263
f 252/563/253 248/564/249 264/565/264
f 264/565/264 255/566/256 252/563/253
f 264/565/264 248/567/249 242/568/241
f 255/569/256 264/565/264 242/570/241
f 242/571/241 265/572/265 256/573/258
f 265/572/265 242/574/241 241/575/243
f 265/572/265 241/576/243 256/577/258
f 246/578/248 260/579/260 266/580/266
f 261/581/261 266/580/266 260/582/260
f 267/583/267 266/580/266 261/581/261
f 261/584/261 244/585/245 267/583/267
f 244/586/245 245/587/246 267/583/267
f 268/588/268 267/583/267 245/589/246
f 245/590/246 246/591/248 268/588/268
f 277/592/269 276/593/270 205/594/205
f 205/595/205 276/593/270 207/596/206
f 205/597/205 278/598/271 277/592/269
f 200/599/200 278/598/271 205/600/205
f 201/601/199 278/598/271 200/602/200
f 270/603/272 207/604/206 276/593/270
f 207/605/206 270/603/272 203/606/203
f 276/593/270 290/607/273 270/603/272
f 203/608/203 270/603/272 273/609/274
f 273/609/274 269/610/275 203/611/203
f 273/609/274 271/612/276 269/613/275
f 270/603/272 272/614/277 273/609/274
f 273/609/274 272/614/277 285/615/278
f 271/616/276 273/609/274 274/617/279
f 275/618/280 271/619/276 274/617/279
f 272/614/277 270/603/272 290/607/273
f 284/620/281 290/607/273 276/593/270
f 281/621/282 277/592/269 278/598/271
f 278/598/271 201/622/199 279/623/283
f 201/624/199 202/625/204 279/623/283
f 203/626/203 279/623/283 202/625/204
f 279/623/283 203/626/203 269/627/275
f 279/623/283 269/628/275 280/629/284
f 280/629/284 281/621/282 279/623/283
f 269/630/275 271/631/276 280/629/284
f 279/623/283 281/621/282 278/598/271
f 277/592/269 281/621/282 283/632/285
f 271/633/276 275/634/280 280/629/284
f 281/621/282 280/629/284 282/635/286
f 302/636/287 280/629/284 275/634/280
f 283/632/285 281/621/282 282/635/286
f 284/620/281 277/592/269 283/632/285
f 276/593/270 277/592/269 284/620/281
f 284/620/281 283/632/285 293/637/288
f 282/635/286 293/637/288 283/632/285
f 290/607/273 285/615/278 272/614/277
f 274/617/279 273/609/274 285/615/278
f 274/617/279 285/615/278 290/607/273
f 274/617/279 287/638/289 275/639/280
f 274/617/279 286/640/290 287/638/289
f 58/641/60 275/642/280 287/638/289
f 287/638/289 55/643/57 58/644/60
f 55/643/57 287/638/289 288/645/291
f 289/646/292 288/645/291 287/638/289
f 287/638/289 286/640/290 289/646/292
f 289/646/292 286/640/290 292/647/293
f 290/607/273 292/647/293 286/640/290
f 286/640/290 274/617/279 290/607/273
f 290/607/273 284/620/281 291/648/294
f 293/637/288 291/648/294 284/620/281
f 291/648/294 292/647/293 290/607/273
f 298/649/295 292/647/293 291/648/294
f 292/647/293 298/649/295 295/650/296
f 289/646/292 292/647/293 295/650/296
f 293/637/288 298/649/295 291/648/294
f 294/651/297 289/646/292 295/650/296
f 288/645/291 289/646/292 294/651/297
f 288/645/291 54/652/56 55/653/57
f 54/654/56 288/645/291 294/651/297
f 54/655/56 294/651/297 296/656/298
f 296/656/298 294/651/297 295/650/296
f 296/656/298 15/657/17 54/658/56
f 15/657/17 296/656/298 297/659/299
f 297/659/299 12/660/13 15/661/17
f 297/659/299 296/656/298 295/650/296
f 297/659/299 295/650/296 298/649/295
f 297/659/299 299/662/300 12/663/13
f 298/649/295 299/662/300 297/659/299
f 12/664/13 299/662/300 9/665/11
f 299/662/300 300/666/301 9/667/11
f 303/668/302 299/662/300 293/637/288
f 8/669/10 9/670/11 300/666/301
f 293/637/288 299/662/300 298/649/295
f 58/671/60 8/672/10 300/666/301
f 58/673/60 300/666/301 275/674/280
f 301/675/303 275/674/280 300/666/301
f 275/674/280 301/675/303 302/636/287
f 299/662/300 303/668/302 300/666/301
f 303/668/302 301/675/303 300/666/301
f 302/636/287 301/675/303 303/668/302
f 293/637/288 282/635/286 303/668/302
f 280/629/284 302/636/287 303/668/302
f 282/635/286 280/629/284 303/668/302
f 326/676/304 304/677/305 209/678/210
f 210/679/208 209/680/210 304/677/305
f 304/677/305 326/676/304 308/681/306
f 305/682/307 210/683/208 304/677/305
f 306/684/308 210/685/208 305/682/307
f 305/682/307 329/686/309 306/687/308
f 307/688/310 305/682/307 304/677/305
f 329/686/309 305/682/307 310/689/311
f 307/688/310 310/689/311 305/682/307
f 304/677/305 309/690/312 307/688/310
f 308/681/306 309/690/312 304/677/305
f 306/691/308 329/686/309 311/692/313
f 311/692/313 313/693/314 306/694/308
f 29/695/29 306/694/308 313/693/314
f 329/686/309 312/696/315 311/692/313
f 313/693/314 32/697/32 29/698/29
f 314/699/316 32/700/32 313/693/314
f 311/692/313 312/696/315 313/693/314
f 312/696/315 314/699/316 313/693/314
f 315/701/317 32/702/32 314/699/316
f 315/701/317 34/703/34 32/704/32
f 337/705/318 315/701/317 314/699/316
f 34/703/34 315/701/317 336/706/319
f 38/707/39 34/708/34 336/706/319
f 336/706/319 317/709/320 38/710/39
f 316/711/321 38/712/39 317/709/320
f 319/713/322 316/714/321 317/709/320
f 316/714/321 319/713/322 318/715/323
f 317/709/320 320/716/324 319/713/322
f 322/717/325 318/718/323 319/713/322
f 322/717/325 319/713/322 334/719/326
f 29/720/29 318/721/323 322/717/325
f 29/722/29 322/717/325 321/723/327
f 321/723/327 306/724/308 29/725/29
f 321/723/327 322/717/325 324/726/328
f 306/727/308 321/723/327 323/728/329
f 323/728/329 324/726/328 327/729/330
f 324/726/328 323/728/329 321/723/327
f 323/728/329 325/730/331 306/731/308
f 210/732/208 306/733/308 325/730/331
f 325/730/331 208/734/209 210/735/208
f 325/730/331 209/736/210 208/737/209
f 326/676/304 209/678/210 325/730/331
f 308/681/306 326/676/304 331/738/332
f 338/739/333 308/681/306 331/738/332
f 325/730/331 327/729/330 326/676/304
f 326/676/304 327/729/330 331/738/332
f 327/729/330 325/730/331 323/728/329
f 309/690/312 310/689/311 307/688/310
f 310/689/311 309/690/312 330/740/334
f 329/686/309 310/689/311 328/741/335
f 328/741/335 312/696/315 329/686/309
f 310/689/311 330/740/334 328/741/335
f 309/690/312 308/681/306 330/740/334
f 330/740/334 308/681/306 338/739/333
f 331/738/332 327/729/330 338/739/333
f 327/729/330 324/726/328 333/742/336
f 338/739/333 327/729/330 333/742/336
f 332/743/337 338/739/333 333/742/336
f 322/717/325 333/742/336 324/726/328
f 333/742/336 322/717/325 334/719/326
f 334/719/326 332/743/337 333/742/336
f 319/713/322 320/716/324 334/719/326
f 334/719/326 320/716/324 332/743/337
f 335/744/338 320/716/324 317/709/320
f 332/743/337 320/716/324 338/739/333
f 335/744/338 317/709/320 336/706/319
f 315/701/317 337/705/318 336/706/319
f 337/705/318 335/744/338 336/706/319
f 320/716/324 335/744/338 337/705/318
f 330/740/334 337/705/318 314/699/316
f 328/741/335 330/740/334 314/699/316
f 338/739/333 337/705/318 330/740/334
f 337/705/318 338/739/333 320/716/324
f 314/699/316 312/696/315 328/741/335
f 65/745/67 352/746/339 112/747/118
f 351/748/340 112/747/118 352/746/339
f 352/746/339 65/749/67 51/750/52
f 344/751/341 352/746/339 51/752/52
f 345/753/342 352/746/339 344/751/341
f 343/754/343 344/751/341 51/755/52
f 343/754/343 51/756/52 48/757/48
f 46/758/46 343/754/343 48/757/48
f 46/759/46 339/760/344 343/754/343
f 339/760/344 46/761/46 37/762/38
f 37/763/38 38/764/39 339/760/344
f 339/760/344 38/765/39 340/766/345
f 340/766/345 341/767/346 339/760/344
f 339/760/344 341/767/346 343/754/343
f 38/768/39 316/769/321 340/766/345
f 342/770/347 341/767/346 340/766/345
f 316/771/321 342/770/347 340/766/345
f 316/772/321 346/773/348 342/770/347
f 346/773/348 316/772/321 318/774/323
f 343/754/343 341/767/346 342/770/347
f 342/770/347 344/751/341 343/754/343
f 346/773/348 344/751/341 342/770/347
f 344/751/341 346/773/348 345/753/342
f 346/773/348 318/774/323 347/775/349
f 318/776/323 29/777/29 347/775/349
f 347/775/349 345/753/342 346/773/348
f 347/775/349 348/778/350 345/753/342
f 348/778/350 349/779/351 345/753/342
f 348/778/350 347/775/349 29/780/29
f 29/780/29 27/781/28 348/778/350
f 27/782/28 350/783/352 348/778/350
f 349/779/351 348/778/350 350/783/352
f 350/783/352 27/784/28 26/785/26
f 351/748/340 350/783/352 26/786/26
f 349/779/351 350/783/352 351/748/340
f 26/787/26 112/788/118 351/748/340
f 352/746/339 349/779/351 351/748/340
f 349/779/351 352/746/339 345/753/342
f 354/789/353 353/790/354 357/791/355
f 355/792/356 356/793/357 353/790/358
f 353/790/358 356/793/357 354/789/359
f 356/794/357 358/795/360 354/789/359
f 354/789/359 362/796/361 359/797/362
f 362/796/361 354/789/359 358/795/360
f 356/798/357 360/799/363 358/795/360
f 361/800/364 358/795/360 360/801/363
f 358/795/360 361/802/364 363/803/365
f 363/803/365 362/796/361 358/795/360
f 362/796/361 363/803/365 359/797/362
f 361/804/364 355/805/356 363/803/365
f 364/806/366 360/807/363 356/808/357
f 360/809/363 364/806/366 367/810/367
f 365/811/368 367/810/367 364/806/366
f 364/806/366 356/812/357 366/813/369
f 407/814/370 364/806/366 366/813/369
f 365/811/368 401/815/371 367/810/367
f 360/816/363 367/810/367 368/817/372
f 361/818/364 360/819/363 368/817/372
f 361/820/364 368/817/372 355/821/356
f 394/822/373 355/823/356 368/817/372
f 394/822/373 356/824/357 355/825/356
f 367/810/367 401/815/371 368/817/372
f 368/817/372 401/815/371 396/826/374
f 394/822/373 368/817/372 369/827/375
f 368/817/372 396/826/374 369/827/375
f 356/828/357 394/822/373 395/829/376
f 395/829/376 366/830/369 356/831/357
f 370/832/377 395/829/376 375/833/378
f 395/829/376 372/834/379 366/835/369
f 371/836/380 372/834/379 395/829/376
f 372/834/379 373/837/381 366/838/369
f 372/834/379 371/836/380 373/839/381
f 374/840/382 373/841/381 371/836/380
f 370/832/377 371/836/380 395/829/376
f 371/836/380 375/833/378 374/842/382
f 375/833/378 371/836/380 370/832/377
f 380/843/383 379/844/384 375/833/378
f 375/833/378 379/844/384 374/845/382
f 376/846/385 374/847/382 379/844/384
f 379/844/384 377/848/386 376/849/385
f 377/850/386 379/844/384 378/851/387
f 378/852/387 379/844/384 381/853/388
f 381/853/388 379/844/384 380/843/383
f 381/853/388 380/843/383 386/854/389
f 381/853/388 385/855/390 378/856/387
f 385/855/390 382/857/391 378/858/387
f 382/859/391 385/855/390 383/860/392
f 385/855/390 384/861/393 383/862/392
f 384/863/393 385/855/390 386/854/389
f 381/853/388 386/854/389 385/855/390
f 386/854/389 389/864/394 384/865/393
f 387/866/395 384/867/393 389/864/394
f 387/868/395 389/864/394 388/869/396
f 388/870/396 389/864/394 391/871/397
f 388/872/396 391/871/397 390/873/398
f 386/854/389 391/871/397 389/864/394
f 386/854/389 369/827/375 391/871/397
f 391/871/397 393/874/399 390/875/398
f 393/874/399 392/876/400 390/877/398
f 393/874/399 391/871/397 369/827/375
f 375/833/378 394/822/373 380/843/383
f 375/833/378 395/829/376 394/822/373
f 386/854/389 380/843/383 394/822/373
f 394/822/373 369/827/375 386/854/389
f 396/826/374 393/874/399 369/827/375
f 401/815/371 398/878/401 396/826/374
f 398/878/401 397/879/402 396/826/374
f 397/879/402 393/874/399 396/826/374
f 397/879/402 392/880/400 393/874/399
f 392/881/400 397/879/402 390/882/398
f 390/883/398 397/879/402 398/878/401
f 390/884/398 398/878/401 399/885/403
f 399/885/403 388/886/396 390/887/398
f 399/885/403 387/888/395 388/889/396
f 387/890/395 399/885/403 398/878/401
f 398/878/401 384/891/393 387/892/395
f 400/893/404 384/894/393 398/878/401
f 398/878/401 401/815/371 400/893/404
f 383/895/392 384/896/393 400/893/404
f 400/893/404 382/897/391 383/898/392
f 382/899/391 400/893/404 409/900/405
f 409/900/405 378/901/387 382/902/391
f 401/815/371 409/900/405 400/893/404
f 402/903/406 378/904/387 409/900/405
f 402/903/406 377/905/386 378/904/387
f 402/903/406 409/900/405 404/906/407
f 377/907/386 402/903/406 403/908/408
f 376/909/385 377/910/386 403/908/408
f 403/908/408 402/903/406 404/906/407
f 376/911/385 403/908/408 408/912/409
f 408/912/409 374/913/382 376/911/385
f 404/906/407 408/912/409 403/908/408
f 405/914/410 374/915/382 408/912/409
f 374/916/382 405/914/410 406/917/411
f 406/917/411 373/918/381 374/916/382
f 406/917/411 366/919/369 373/920/381
f 366/921/369 406/917/411 407/814/370
f 365/811/368 407/814/370 406/917/411
f 407/814/370 365/811/368 364/806/366
f 365/811/368 406/917/411 405/914/410
f 365/811/368 405/914/410 401/815/371
f 401/815/371 405/914/410 408/912/409
f 408/912/409 404/906/407 409/900/405
f 409/900/405 401/815/371 408/912/409
f 410/922/412 412/923/413 411/924/414
f 414/925/415 412/926/413 410/922/412
f 414/925/415 413/927/416 412/928/413
f 413/929/416 414/925/415 417/930/417
f 417/930/417 419/931/418 415/932/419
f 417/930/417 416/933/420 413/934/416
f 416/935/420 417/930/417 415/932/419
f 415/932/419 418/936/421 416/935/420
f 418/936/421 415/932/419 419/931/418
f 418/936/421 411/937/414 416/938/420
f 411/939/414 418/936/421 419/931/418
f 412/940/413 413/808/416 421/941/422
f 413/942/416 424/943/423 421/941/422
f 424/943/423 423/944/424 421/941/422
f 424/943/423 413/945/416 416/946/420
f 420/947/425 412/948/413 421/941/422
f 420/949/425 421/941/422 426/950/426
f 426/950/426 422/951/427 420/952/425
f 421/941/422 423/944/424 426/950/426
f 423/944/424 425/953/428 426/950/426
f 423/944/424 424/943/423 425/953/428
f 427/954/429 422/955/427 426/950/426
f 427/954/429 426/950/426 428/956/430
f 431/957/431 422/958/427 427/954/429
f 429/959/432 422/960/427 431/957/431
f 433/961/433 425/953/428 424/943/423
f 431/957/431 425/953/428 432/962/434
f 429/913/432 431/957/431 430/963/435
f 431/957/431 446/964/436 430/963/435
f 431/957/431 432/962/434 446/964/436
f 425/953/428 433/961/433 432/962/434
f 416/816/420 433/961/433 424/943/423
f 416/820/420 411/821/414 433/961/433
f 411/965/414 434/966/437 433/961/433
f 411/967/414 412/823/413 434/966/437
f 434/966/437 436/968/438 433/961/433
f 434/966/437 435/969/439 436/968/438
f 452/970/440 433/961/433 436/968/438
f 452/970/440 451/971/441 448/972/442
f 452/970/440 432/962/434 433/961/433
f 452/970/440 442/973/443 432/962/434
f 437/974/444 448/972/442 460/975/445
f 438/976/446 437/977/444 460/975/445
f 437/978/444 442/973/443 448/972/442
f 442/973/443 452/970/440 448/972/442
f 442/973/443 437/979/444 439/980/447
f 440/981/448 442/973/443 439/982/447
f 440/981/448 439/983/447 441/899/449
f 440/981/448 441/984/449 442/973/443
f 441/985/449 444/986/450 442/973/443
f 432/962/434 442/973/443 444/986/450
f 441/987/449 443/988/451 444/986/450
f 446/964/436 432/962/434 444/986/450
f 444/986/450 443/989/451 446/964/436
f 445/990/452 446/964/436 443/991/451
f 430/992/435 446/964/436 447/993/453
f 445/994/452 430/995/435 447/993/453
f 445/996/452 447/993/453 446/964/436
f 449/997/454 460/975/445 448/972/442
f 448/972/442 451/971/441 449/998/454
f 449/999/454 451/971/441 450/1000/455
f 456/1001/456 450/1002/455 451/971/441
f 452/970/440 455/1003/457 451/971/441
f 452/970/440 436/968/438 435/969/439
f 455/1003/457 452/970/440 435/969/439
f 435/969/439 434/966/437 464/1004/458
f 453/1005/459 464/1004/458 458/1006/460
f 453/1005/459 449/1007/454 450/1008/455
f 453/1005/459 435/969/439 464/1004/458
f 449/1009/454 453/1005/459 457/1010/461
f 453/1005/459 450/1011/455 454/1012/462
f 453/1005/459 454/1012/462 435/969/439
f 454/1012/462 455/1003/457 435/969/439
f 455/1003/457 454/1012/462 450/880/455
f 451/971/441 455/1003/457 456/1001/456
f 455/1003/457 450/880/455 456/1001/456
f 457/1010/461 453/1005/459 458/1006/460
f 457/1010/461 438/1013/446 449/1014/454
f 438/867/446 457/1010/461 458/1006/460
f 458/1006/460 437/1015/444 438/1016/446
f 458/1006/460 464/1004/458 465/1017/463
f 458/1006/460 465/1017/463 443/1018/451
f 458/1006/460 443/1018/451 441/1019/449
f 458/1006/460 441/856/449 459/1020/464
f 439/1021/447 437/1022/444 458/1006/460
f 439/1023/447 458/1006/460 459/1020/464
f 459/1020/464 441/1024/449 439/1025/447
f 449/1026/454 438/1027/446 460/975/445
f 431/957/431 427/954/429 425/953/428
f 427/954/429 428/956/430 425/953/428
f 426/950/426 425/953/428 428/956/430
f 461/1028/465 422/1029/427 429/1030/432
f 462/1031/466 422/1032/427 461/1028/465
f 422/1033/427 462/1031/466 463/1034/467
f 462/1031/466 461/1028/465 463/1034/467
f 422/1035/427 463/1034/467 420/1036/425
f 463/1034/467 412/1037/413 420/1038/425
f 463/1034/467 461/1028/465 465/1017/463
f 465/1017/463 461/1028/465 429/1039/432
f 464/1004/458 463/1034/467 465/1017/463
f 434/966/437 463/1034/467 464/1004/458
f 463/1034/467 434/966/437 412/1037/413
f 445/1040/452 466/1041/468 430/1042/435
f 466/1041/468 445/1043/452 443/1044/451
f 443/1044/451 465/1017/463 466/1041/468
f 466/1041/468 429/847/432 430/1045/435
f 429/1046/432 466/1041/468 465/1017/463
f 477/1047/469 476/1048/470 478/1049/471
f 486/1050/472 487/1051/473 488/1052/474
f 512/1053/475 511/1054/476 510/1055/477
f 531/1056/478 530/1057/479 532/1058/480
f 547/1059/481 545/1060/482 546/1061/483
f 553/1062/484 551/1063/485 550/1064/486
f 552/1065/487 550/1064/486 551/1063/485
f 551/1063/485 553/1062/484 552/1065/487
s 0
f 514/1066/488 513/1066/488 469/1066/488 524/1066/488
s 1
f 585/1067/489 586/1068/490 593/1069/491
f 588/1070/492 593/1069/491 586/1068/490
f 593/1069/491 588/1070/492 587/1071/493
f 589/1072/494 587/1071/493 588/1070/492
f 588/1070/492 605/1073/495 589/1072/494
f 587/1071/493 589/1072/494 605/1073/495
f 587/1071/493 591/1074/496 593/1069/491
f 591/1074/496 587/1071/493 590/1075/497
f 585/1067/489 593/1069/491 591/1074/496
f 592/1076/498 591/1074/496 590/1075/497
f 591/1074/496 596/1077/499 585/1067/489
f 585/1067/489 596/1077/499 595/1078/500
f 594/1079/501 596/1077/499 591/1074/496
f 594/1079/501 591/1074/496 592/1076/498
f 597/1080/502 596/1077/499 594/1079/501
f 596/1077/499 599/1081/503 595/1078/500
f 594/1079/501 592/1076/498 597/1080/502
f 597/1080/502 599/1081/503 596/1077/499
f 599/1081/503 598/1082/504 595/1078/500
f 600/1083/505 597/1080/502 592/1076/498
f 601/1084/506 597/1080/502 600/1083/505
f 600/1083/505 592/1076/498 590/1075/497
f 601/1084/506 602/1085/507 597/1080/502
f 599/1081/503 597/1080/502 602/1085/507
f 599/1081/503 602/1085/507 598/1082/504
f 604/1086/508 598/1082/504 602/1085/507
f 601/1084/506 600/1083/505 603/1087/509
f 603/1087/509 602/1085/507 601/1084/506
f 600/1083/505 590/1075/497 603/1087/509
f 603/1087/509 590/1075/497 587/1071/493
f 587/1071/493 605/1073/495 603/1087/509
f 604/1086/508 603/1087/509 605/1073/495
f 604/1086/508 602/1085/507 603/1087/509
f 604/1086/508 605/1073/495 598/1082/504
f 630/1088/510 610/1089/511 611/1090/512
f 612/1091/513 610/1089/511 630/1088/510
f 612/1091/513 613/1092/514 610/1089/511
f 610/1089/511 613/1092/514 615/1093/515
f 614/1094/516 610/1089/511 615/1093/515
f 610/1089/511 614/1094/516 607/1095/517
f 615/1093/515 607/1095/517 614/1094/516
f 615/1093/515 613/1092/514 621/1096/518
f 607/1095/517 615/1093/515 616/1097/519
f 616/1097/519 618/1098/520 629/1099/521
f 629/1099/521 618/1098/520 617/1100/522
f 616/1097/519 615/1093/515 618/1098/520
f 612/1091/513 619/1101/523 621/1096/518
f 622/1102/524 612/1091/513 630/1088/510
f 630/1088/510 609/1103/525 622/1102/524
f 622/1102/524 609/1103/525 620/1104/526
f 612/1091/513 622/1102/524 619/1101/523
f 619/1101/523 622/1102/524 620/1104/526
f 621/1096/518 619/1101/523 609/1103/525
f 620/1104/526 609/1103/525 619/1101/523
f 606/1105/527 621/1096/518 609/1103/525
f 623/1106/528 621/1096/518 606/1105/527
f 623/1106/528 615/1093/515 621/1096/518
f 623/1106/528 625/1107/529 615/1093/515
f 624/1108/530 625/1107/529 623/1106/528
f 615/1093/515 625/1107/529 618/1098/520
f 628/1109/531 618/1098/520 627/1110/532
f 628/1109/531 617/1100/522 618/1098/520
f 617/1100/533 628/1109/534 626/1111/535
f 631/1112/536 618/1098/520 625/1107/529
f 631/1112/536 625/1107/529 624/1108/530
f 628/1109/531 627/1110/532 617/1100/522
f 631/1112/536 627/1110/532 618/1098/520
f 607/1095/517 629/1099/521 627/1110/532
f 611/1090/512 607/1095/517 627/1110/532
f 611/1090/512 627/1110/532 630/1088/510
f 607/1095/517 616/1097/519 629/1099/521
f 629/1099/521 617/1100/522 627/1110/532
f 621/1096/518 613/1092/514 612/1091/513
f 609/1103/525 630/1088/510 606/1105/527
f 623/1106/528 606/1105/527 630/1088/510
f 630/1088/510 627/1110/532 623/1106/528
f 623/1106/528 627/1110/532 631/1112/536
f 623/1106/528 631/1112/536 624/1108/530
f 608/1113/537 632/1114/538 634/1115/539
f 633/1116/540 639/1117/541 608/1113/537
f 634/1115/539 633/1116/540 608/1113/537
f 634/1115/539 635/1118/542 633/1116/540
f 635/1118/542 638/1119/543 633/1116/540
f 635/1118/542 653/1120/544 638/1119/543
f 635/1118/542 636/1121/545 653/1120/544
f 636/1121/545 654/1122/546 653/1120/544
f 636/1121/545 632/1114/538 654/1122/546
f 637/1123/547 654/1122/546 632/1114/538
f 608/1113/537 637/1123/547 632/1114/538
f 608/1113/537 639/1117/541 637/1123/547
f 653/1120/544 637/1123/547 639/1117/541
f 638/1119/543 653/1120/544 639/1117/541
f 637/1123/547 653/1120/544 654/1122/546
f 633/1116/540 638/1119/543 639/1117/541
f 642/1124/548 641/1125/549 640/1126/550
f 642/1124/548 640/1126/550 650/1127/551
f 650/1127/551 647/1128/552 642/1124/548
f 650/1127/551 640/1126/550 643/1129/553
f 641/1130/549 643/1129/553 640/1126/550
f 643/1129/553 641/1131/549 645/1132/554
f 645/1132/554 644/1133/555 643/1129/553
f 643/1129/553 644/1133/555 650/1127/551
f 644/1133/555 646/1134/556 650/1127/551
f 646/1134/556 648/1135/557 647/1128/552
f 644/1133/555 648/1136/557 646/1134/556
f 644/1133/555 645/1132/554 648/1136/557
f 647/1128/552 648/1137/557 649/1138/558
f 650/1127/551 646/1134/556 647/1128/552
f 641/1139/549 647/1128/552 649/1140/558
f 641/1141/549 642/1124/548 647/1128/552
f 651/1142/559 649/1143/558 648/1144/557
f 641/1145/549 649/1146/558 651/1142/559
f 652/1147/560 641/1148/549 651/1142/559
f 656/1149/561 657/1150/562 655/1151/563
f 659/1152/564 656/1149/561 655/1151/563
f 659/1152/564 657/1150/562 656/1149/561
f 658/1153/565 657/1150/562 659/1152/564
f 660/1154/566 658/1153/565 659/1152/564
f 657/1150/562 658/1153/565 660/1154/566
f 663/1155/567 661/1156/568 662/1157/569
f 664/1158/570 662/1157/569 661/1156/568
f 664/1158/570 663/1155/567 662/1157/569
f 672/1159/571 666/1160/572 665/1161/573
f 665/1161/573 667/1162/574 672/1159/571
f 667/1162/574 665/1161/573 668/1163/575
f 669/1164/576 667/1162/574 668/1163/575
f 670/1165/577 672/1159/571 667/1162/574
f 667/1162/574 669/1164/576 670/1165/577
f 670/1165/577 669/1164/576 671/1166/578
f 674/1167/579 672/1159/580 673/1168/581
f 674/1167/579 673/1168/581 670/1165/582
f 676/1169/583 670/1165/584 675/1170/583
f 671/1171/578 677/1172/585 670/1165/577
f 680/1173/586 679/1174/587 678/1175/588
f 678/1175/588 681/1176/589 680/1173/586
f 685/1177/590 678/1175/588 679/1174/587
f 683/1178/591 678/1175/588 685/1177/590
f 681/1176/589 678/1175/588 683/1178/591
f 683/1178/591 682/1167/592 681/1176/589
f 682/1167/592 683/1178/591 685/1177/590
f 684/1179/593 685/1177/590 679/1174/587
f 686/1180/594 685/1177/590 684/1179/593
f 679/1174/587 689/1181/595 684/1179/593
f 684/1179/593 689/1181/595 686/1180/594
f 686/1180/594 689/1181/595 687/1182/596
f 687/1182/596 689/1181/595 688/1183/597
f 688/1183/597 689/1181/595 679/1174/587
f 680/1173/586 688/1183/597 679/1174/587
f 690/1184/598 691/1185/599 692/1186/600
f 692/1187/600 693/1188/601 690/1184/598
f 693/1188/601 691/1189/599 690/1184/598
f 695/1190/602 694/1191/603 693/1192/601
f 693/1192/601 694/1191/603 691/1193/599
f 694/1191/603 695/1194/602 691/1195/599
f 693/1196/601 696/1197/604 697/1198/605
f 697/1198/605 696/1199/604 695/1200/602
f 697/1198/605 695/1201/602 693/1202/601
f 692/1203/600 698/1204/606 693/1205/601
f 696/1206/604 698/1204/606 692/1207/600
f 693/1208/601 698/1204/606 696/1209/604
f 700/1210/607 699/1211/607 701/1212/607
f 700/1213/608 699/1214/609 702/1215/610
f 700/1216/608 702/1215/610 703/1217/611
f 703/1217/611 702/1215/610 699/1218/609
f 703/1219/611 699/1220/609 704/1221/612
f 703/1199/611 704/1221/612 705/1222/613
f 705/1223/613 704/1221/612 699/1224/609
f 705/1225/613 699/1226/609 706/1227/614
f 705/1228/613 706/1227/614 700/1229/608
f 700/1230/608 706/1227/614 699/1231/609
f 707/1232/615 705/1233/613 700/1234/608
f 705/1235/613 707/1232/615 703/1236/611
f 707/1232/615 700/1237/608 703/1238/611
f 708/1239/616 691/1240/599 695/1241/602
f 691/1242/599 708/1239/616 692/1243/600
f 696/1244/604 692/1245/600 708/1239/616
f 696/1236/604 708/1239/616 695/1246/602
f 710/1247/617 711/1248/617 709/1249/617
f 710/1250/618 709/1251/619 712/1252/620
f 712/1252/620 713/1253/621 710/1254/618
f 713/1255/621 712/1252/620 709/1256/619
f 713/1257/621 709/1220/619 714/1258/622
f 714/1258/622 715/1259/623 713/1199/621
f 715/1260/623 714/1258/622 709/1261/619
f 709/1262/619 710/1263/618 716/1264/624
f 715/1206/623 709/1265/619 716/1264/624
f 716/1264/624 710/1266/618 715/1206/623
f 717/1267/625 718/1268/625 719/1269/626
f 721/1270/627 717/1271/627 720/1272/628
f 718/1273/629 717/1274/630 722/1275/631
f 723/1189/632 722/1275/631 717/1188/630
f 718/1276/629 722/1275/631 723/1277/632
f 717/1278/630 721/1279/633 724/1280/634
f 717/1192/630 724/1280/634 723/1193/632
f 724/1280/634 721/1281/633 718/1195/629
f 718/1195/629 723/1282/632 724/1280/634
f 718/1283/629 725/1284/635 717/1234/636
f 721/1241/633 725/1284/635 718/1240/629
f 725/1284/635 721/1285/633 717/1236/636
f 715/1244/623 710/1245/618 726/1286/637
f 726/1286/637 713/1236/621 715/1235/623
f 713/1287/621 726/1286/637 710/1241/618
f 728/1288/638 888/1289/639 727/1290/640
f 727/1291/640 888/1289/639 729/1292/641
f 731/1293/642 730/1294/643 839/1295/644
f 733/1296/645 728/1297/638 732/1298/646
f 869/1299/647 734/1300/648 731/1301/642
f 736/1302/649 735/1303/650 898/1304/651
f 900/1305/652 735/1306/650 737/1307/653
f 739/1308/654 738/1309/655 911/1310/656
f 741/1311/657 739/1312/654 740/1313/658
f 743/1314/659 741/1311/657 742/1315/660
f 734/1316/648 852/1317/661 744/1318/662
f 745/1319/663 736/1320/649 904/1321/664
f 737/1322/653 745/1323/663 902/1324/665
f 746/1325/666 677/1326/667 671/1327/668
f 671/1328/669 916/1329/670 747/1330/671
f 676/1331/672 674/1332/673 920/1333/674
f 750/1334/675 749/1335/676 748/1336/677
f 925/1337/678 962/1338/679 751/1339/680
f 925/1337/678 752/1340/681 962/1338/679
f 752/1340/681 755/1341/682 962/1338/679
f 752/1340/681 753/1342/683 755/1341/682
f 754/1343/684 755/1341/682 803/1344/685
f 755/1341/682 753/1342/683 757/1345/686
f 802/1346/687 755/1341/682 757/1345/686
f 756/1347/688 757/1345/686 792/1348/689
f 792/1348/689 757/1345/686 753/1342/683
f 753/1342/683 758/1349/690 792/1348/689
f 758/1349/690 753/1342/683 776/1350/691
f 776/1350/691 753/1342/683 922/1351/692
f 759/1352/693 776/1350/691 922/1351/692
f 761/1353/694 758/1349/690 760/1354/695
f 762/1355/696 758/1349/690 761/1353/694
f 763/1356/697 761/1353/694 760/1354/695
f 760/1354/695 758/1349/690 764/1357/698
f 763/1356/697 760/1354/695 764/1357/698
f 758/1349/690 776/1350/691 765/1358/699
f 758/1349/690 765/1358/699 764/1357/698
f 762/1355/696 761/1353/694 766/1359/700
f 766/1359/700 761/1353/694 763/1356/697
f 763/1356/697 764/1357/698 767/1360/701
f 768/1361/702 763/1356/697 767/1360/701
f 766/1359/700 763/1356/697 768/1361/702
f 769/1362/703 767/1360/701 764/1357/698
f 769/1362/703 764/1357/698 765/1358/699
f 770/1363/704 766/1359/700 768/1361/702
f 769/1362/703 765/1358/699 771/1364/705
f 772/1365/706 766/1359/700 770/1363/704
f 772/1365/706 762/1355/696 766/1359/700
f 773/1366/707 772/1365/706 770/1363/704
f 777/1367/708 771/1364/705 765/1358/699
f 765/1358/699 776/1350/691 777/1367/708
f 758/1349/690 762/1355/696 772/1365/706
f 774/1368/709 772/1365/706 773/1366/707
f 774/1368/709 758/1349/690 772/1365/706
f 774/1368/709 773/1366/707 775/1369/710
f 771/1364/705 777/1367/708 778/1370/711
f 776/1350/691 779/1371/712 777/1367/708
f 759/1372/693 779/1371/712 776/1350/691
f 777/1367/708 780/1373/713 778/1370/711
f 777/1367/708 779/1371/712 780/1373/713
f 778/1370/711 780/1373/713 781/1374/714
f 782/1375/715 781/1374/714 780/1373/713
f 781/1374/714 782/1375/715 783/1376/716
f 779/1371/712 784/1377/717 780/1373/713
f 780/1373/713 784/1377/717 782/1375/715
f 779/1371/712 785/1378/718 784/1377/717
f 759/1372/693 785/1378/718 779/1371/712
f 785/1378/718 786/1379/719 784/1377/717
f 784/1377/717 786/1379/719 782/1375/715
f 787/1380/720 783/1376/716 782/1375/715
f 783/1376/716 787/1380/720 788/1381/721
f 792/1348/689 758/1349/690 791/1382/722
f 791/1382/722 758/1349/690 789/1383/723
f 789/1383/723 758/1349/690 774/1368/709
f 775/1369/710 789/1383/723 774/1368/709
f 790/1384/724 789/1383/723 775/1369/710
f 791/1382/722 789/1383/723 790/1384/724
f 792/1348/689 791/1382/722 756/1347/688
f 791/1382/722 795/1385/725 756/1347/688
f 795/1385/725 791/1382/722 793/1386/726
f 757/1345/686 756/1347/688 802/1346/687
f 794/1387/727 756/1347/688 795/1385/725
f 797/1388/728 756/1347/688 796/1389/729
f 798/1390/730 797/1388/728 796/1389/729
f 796/1389/729 756/1347/688 799/1391/731
f 796/1389/729 799/1391/731 798/1392/730
f 797/1388/728 798/1390/730 800/1393/732
f 801/1394/733 797/1388/728 800/1393/732
f 756/1347/688 828/1395/734 802/1346/687
f 802/1346/687 828/1395/734 812/1396/735
f 755/1341/682 802/1346/687 803/1344/685
f 807/1397/736 804/1398/737 803/1344/685
f 804/1398/737 754/1343/684 803/1344/685
f 804/1398/737 807/1397/736 965/1399/738
f 805/1400/739 965/1399/738 807/1397/736
f 807/1397/736 806/1401/740 805/1402/739
f 806/1401/740 741/1403/657 805/1402/739
f 807/1397/736 739/1404/654 806/1401/740
f 739/1404/654 807/1397/736 808/1405/741
f 808/1405/741 807/1397/736 803/1344/685
f 802/1346/687 808/1405/741 803/1344/685
f 802/1346/687 810/1406/742 808/1405/741
f 810/1406/742 739/1407/654 808/1405/741
f 810/1406/742 809/1408/743 738/1409/655
f 812/1396/735 810/1406/742 802/1346/687
f 810/1406/742 812/1396/735 811/1410/744
f 811/1410/744 809/1411/743 810/1406/742
f 828/1395/734 811/1410/744 812/1396/735
f 828/1395/734 821/1412/745 811/1410/744
f 811/1410/744 821/1412/745 813/1413/746
f 811/1410/744 813/1414/746 734/1415/648
f 821/1412/745 814/1416/747 813/1417/746
f 821/1412/745 815/1418/748 814/1419/747
f 815/1418/748 817/1420/749 816/1421/750
f 817/1420/749 815/1418/748 821/1412/745
f 816/1421/750 817/1420/749 818/1422/751
f 819/1423/752 818/1422/751 817/1420/749
f 818/1422/751 819/1423/752 820/1424/753
f 819/1423/752 817/1420/749 821/1412/745
f 819/1423/752 821/1412/745 820/1424/753
f 822/1425/754 820/1424/753 821/1412/745
f 822/1425/754 823/1426/755 820/1424/753
f 828/1395/734 822/1425/754 821/1412/745
f 823/1426/755 822/1425/754 824/1427/756
f 827/1428/757 824/1427/756 822/1425/754
f 825/1429/758 824/1427/756 827/1428/757
f 827/1428/757 822/1425/754 828/1395/734
f 826/1430/759 825/1429/758 827/1428/757
f 826/1430/759 827/1428/757 828/1395/734
f 829/1431/760 826/1430/759 828/1395/734
f 829/1431/760 830/1432/761 826/1430/759
f 825/1429/758 826/1430/759 830/1432/761
f 830/1432/761 831/1433/762 825/1429/758
f 828/1395/734 756/1347/688 797/1388/728
f 828/1395/734 832/1434/763 829/1431/760
f 830/1432/761 829/1431/760 832/1434/763
f 832/1434/763 828/1395/734 797/1388/728
f 831/1433/762 830/1432/761 833/1435/764
f 832/1434/763 833/1435/764 830/1432/761
f 833/1435/764 834/1436/765 831/1433/762
f 834/1436/765 833/1435/764 835/1437/766
f 797/1388/728 836/1438/767 832/1434/763
f 833/1435/764 832/1434/763 836/1438/767
f 836/1438/767 835/1437/766 833/1435/764
f 836/1438/767 797/1388/728 801/1439/733
f 835/1437/766 836/1438/767 801/1440/733
f 750/1334/675 748/1336/677 837/1441/768
f 729/1442/641 730/1443/643 751/1339/680
f 751/1339/680 727/1444/640 729/1442/641
f 728/1445/638 727/1446/640 751/1339/680
f 751/1339/680 730/1443/643 731/1447/642
f 838/1448/769 732/1449/646 728/1450/638
f 731/1451/642 734/1452/648 952/1453/770
f 739/1454/654 810/1406/742 738/1455/655
f 741/1456/657 806/1401/740 739/1404/654
f 734/1415/648 744/1457/662 811/1410/744
f 736/1458/649 987/1459/771 735/1460/650
f 735/1461/650 1000/1462/772 737/1463/653
f 986/1464/773 736/1465/649 745/1466/663
f 1000/1462/772 745/1467/663 737/1468/653
f 730/1469/643 840/1470/774 839/1295/644
f 841/1471/775 839/1295/644 840/1472/774
f 839/1295/644 841/1471/775 870/1473/776
f 841/1471/775 840/1474/774 732/1475/646
f 842/1476/777 841/1471/775 732/1477/646
f 841/1471/775 842/1478/777 843/1479/778
f 843/1480/778 868/1481/779 841/1471/775
f 843/1482/778 844/1483/780 868/1481/779
f 844/1484/780 846/1485/781 868/1481/779
f 845/1486/782 868/1481/779 846/1485/781
f 844/1484/780 805/1487/739 846/1485/781
f 867/1488/783 846/1485/781 805/1489/739
f 847/1490/784 867/1488/783 805/1489/739
f 741/1491/657 847/1490/784 805/1492/739
f 741/1491/657 743/1493/659 847/1490/784
f 847/1490/784 743/1494/659 850/1495/785
f 847/1490/784 850/1495/785 848/1496/786
f 738/1497/655 850/1495/785 743/1498/659
f 850/1495/785 738/1499/655 809/1500/743
f 850/1495/785 849/1501/787 848/1496/786
f 872/1502/788 848/1496/786 849/1501/787
f 849/1501/787 850/1495/785 851/1503/789
f 851/1503/789 850/1495/785 809/1504/743
f 851/1503/789 852/1317/661 849/1501/787
f 851/1503/789 744/1505/662 852/1317/661
f 852/1317/661 872/1502/788 849/1501/787
f 853/1506/790 848/1496/786 854/1507/791
f 865/1508/792 853/1506/790 854/1507/791
f 855/1509/793 854/1507/791 848/1496/786
f 857/1510/794 855/1509/795 856/1511/796
f 855/1509/793 857/1510/797 854/1507/791
f 897/1512/798 858/1513/799 855/1509/793
f 855/1509/793 858/1513/799 857/1510/797
f 854/1507/791 857/1510/797 866/1514/800
f 866/1514/800 857/1510/797 858/1513/799
f 865/1508/792 854/1507/791 866/1514/800
f 853/1506/790 859/1515/801 860/1516/802
f 865/1508/792 859/1517/801 853/1506/790
f 853/1506/790 860/1516/802 861/1518/803
f 862/1519/804 853/1506/790 861/1520/803
f 853/1506/790 862/1521/804 848/1496/786
f 848/1496/786 862/1521/804 864/1522/805
f 863/1523/806 864/1522/805 862/1524/804
f 864/1522/805 863/1525/806 865/1508/792
f 865/1508/792 863/1526/806 859/1527/801
f 865/1508/792 867/1488/783 864/1522/805
f 866/1514/800 867/1488/783 865/1508/792
f 864/1522/805 867/1488/783 848/1496/786
f 847/1490/784 848/1496/786 867/1488/783
f 846/1485/781 867/1488/783 845/1486/782
f 868/1481/779 845/1486/782 867/1488/783
f 867/1488/783 883/1528/807 868/1481/779
f 841/1471/775 868/1481/779 883/1528/807
f 841/1471/775 883/1528/807 875/1529/808
f 875/1529/808 870/1473/776 841/1471/775
f 839/1295/644 870/1473/776 869/1299/647
f 839/1295/644 869/1299/647 731/1301/642
f 871/1530/809 869/1299/647 870/1473/776
f 852/1317/661 869/1299/647 871/1530/809
f 852/1317/661 734/1316/648 869/1299/647
f 872/1502/788 852/1317/661 871/1530/809
f 870/1473/776 901/1531/810 871/1530/809
f 871/1530/809 901/1531/810 872/1502/788
f 873/1532/811 901/1531/810 870/1473/776
f 858/1513/799 873/1532/811 870/1473/776
f 858/1513/799 870/1473/776 875/1529/808
f 858/1513/799 898/1304/651 873/1532/811
f 873/1532/811 898/1304/651 874/1533/812
f 875/1529/808 877/1534/813 858/1513/799
f 876/1535/814 877/1534/813 875/1529/808
f 858/1513/799 878/1536/815 866/1514/800
f 858/1513/799 880/1537/816 878/1536/815
f 877/1534/813 879/1538/817 675/1539/818
f 675/1539/818 879/1538/817 676/1540/672
f 677/1541/667 877/1534/813 675/1542/818
f 880/1537/816 877/1534/813 677/1541/667
f 880/1537/816 858/1513/799 877/1534/813
f 746/1543/666 880/1537/816 677/1544/667
f 671/1545/668 880/1537/816 746/1543/666
f 671/1545/668 878/1536/815 880/1537/816
f 878/1536/815 671/1546/668 881/1547/819
f 881/1547/819 671/1546/668 669/1548/820
f 881/1547/819 669/1549/820 882/1550/821
f 866/1514/800 883/1528/807 867/1488/783
f 866/1514/800 878/1536/815 883/1528/807
f 886/1551/822 876/1535/814 875/1529/808
f 875/1529/808 883/1528/807 886/1551/822
f 876/1535/814 886/1551/822 666/1552/823
f 666/1552/823 674/1553/673 876/1535/814
f 674/1553/673 884/1554/824 876/1535/814
f 876/1535/814 884/1554/824 877/1534/813
f 674/1555/673 877/1534/813 884/1554/824
f 877/1534/813 674/1555/673 879/1538/817
f 676/1556/672 879/1538/817 674/1555/673
f 666/1552/823 886/1551/822 885/1557/825
f 887/1558/826 886/1551/822 883/1528/807
f 886/1551/822 665/1559/827 885/1557/825
f 666/1560/823 885/1557/825 665/1559/827
f 882/1561/821 665/1559/827 886/1551/822
f 887/1558/826 882/1561/821 886/1551/822
f 882/1550/821 887/1558/826 881/1547/819
f 878/1536/815 881/1547/819 883/1528/807
f 881/1547/819 887/1558/826 883/1528/807
f 889/1562/828 888/1289/639 728/1563/638
f 894/1564/829 888/1289/639 889/1562/828
f 894/1564/829 889/1562/828 891/1565/830
f 728/1566/638 891/1565/830 889/1562/828
f 890/1567/831 894/1564/829 891/1565/830
f 890/1567/831 891/1565/830 733/1296/645
f 891/1565/830 728/1297/638 733/1296/645
f 733/1296/645 892/1568/832 890/1567/831
f 732/1298/646 892/1568/832 733/1296/645
f 890/1567/831 895/1569/833 894/1564/829
f 894/1564/829 895/1569/833 893/1570/834
f 840/1571/774 888/1289/639 893/1570/834
f 840/1571/774 893/1570/834 895/1569/833
f 895/1569/833 732/1572/646 840/1573/774
f 732/1574/646 895/1569/833 890/1567/831
f 890/1567/831 892/1568/832 732/1574/646
f 893/1570/834 888/1289/639 894/1564/829
f 888/1289/639 840/1575/774 730/1576/643
f 729/1292/641 888/1289/639 730/1576/643
f 896/1577/835 898/1304/651 897/1512/798
f 896/1577/835 736/1578/649 898/1304/651
f 897/1512/798 898/1304/651 858/1513/799
f 900/1305/652 898/1304/651 735/1579/650
f 900/1305/652 899/1580/836 898/1304/651
f 899/1580/836 874/1533/812 898/1304/651
f 900/1305/652 901/1531/810 899/1580/836
f 901/1531/810 873/1532/811 899/1580/836
f 899/1580/836 873/1532/811 874/1533/812
f 901/1531/810 900/1305/652 902/1324/665
f 900/1305/652 737/1581/653 902/1324/665
f 902/1324/665 903/1582/837 901/1531/810
f 903/1582/837 872/1502/788 901/1531/810
f 903/1582/837 902/1324/665 904/1321/664
f 904/1321/664 902/1324/665 745/1323/663
f 848/1496/786 872/1502/788 903/1582/837
f 896/1577/835 903/1582/837 904/1321/664
f 896/1577/835 904/1321/664 736/1320/649
f 848/1496/786 903/1582/837 897/1512/798
f 897/1512/798 855/1509/793 848/1496/786
f 897/1512/798 903/1582/837 896/1577/835
f 907/1583/838 859/1584/801 905/1585/839
f 859/1586/801 907/1583/838 906/1587/840
f 860/1588/802 859/1586/801 906/1587/840
f 863/1589/806 905/1585/839 859/1590/801
f 863/1591/806 907/1583/838 905/1585/839
f 907/1583/838 863/1591/806 862/1592/804
f 906/1587/840 907/1583/838 862/1593/804
f 906/1587/840 862/1594/804 861/1595/803
f 860/1588/802 906/1587/840 861/1596/803
f 908/1597/841 912/1598/842 740/1313/658
f 739/1312/654 908/1597/841 740/1313/658
f 912/1598/842 913/1599/843 740/1313/658
f 909/1600/844 740/1313/658 913/1599/843
f 740/1313/658 909/1600/844 741/1311/657
f 913/1599/843 742/1315/660 909/1600/844
f 741/1311/657 909/1600/844 742/1315/660
f 913/1599/843 910/1601/845 742/1315/660
f 742/1315/660 910/1601/845 743/1314/659
f 915/1602/846 912/1598/842 908/1597/841
f 908/1597/841 911/1310/656 915/1602/846
f 908/1597/841 739/1603/654 911/1310/656
f 915/1602/846 913/1599/843 912/1598/842
f 743/1604/659 910/1601/845 913/1599/843
f 914/1605/847 743/1606/659 913/1599/843
f 743/1607/659 914/1605/847 738/1608/655
f 738/1609/655 914/1605/847 911/1310/656
f 914/1605/847 915/1602/846 911/1310/656
f 913/1599/843 915/1602/846 914/1605/847
f 916/1329/670 918/1610/848 917/1611/849
f 916/1329/670 677/1612/667 918/1610/848
f 919/1613/850 917/1611/849 918/1610/848
f 916/1329/670 917/1611/849 919/1613/850
f 677/1614/667 675/1615/818 920/1333/674
f 920/1333/674 918/1610/848 677/1612/667
f 675/1616/818 676/1331/672 920/1333/674
f 666/1617/823 920/1333/674 674/1618/673
f 665/1619/827 882/1620/821 921/1621/851
f 921/1621/851 920/1333/674 665/1622/827
f 666/1623/823 665/1622/827 920/1333/674
f 921/1621/851 882/1624/821 669/1625/820
f 921/1621/851 669/1625/820 747/1330/671
f 671/1328/669 747/1330/671 669/1625/820
f 671/1626/669 677/1627/667 916/1329/670
f 759/1352/693 922/1351/692 785/1378/718
f 785/1378/718 922/1351/692 786/1379/719
f 922/1351/692 925/1337/678 786/1379/719
f 786/1379/719 925/1337/678 782/1375/715
f 787/1380/720 782/1375/715 925/1337/678
f 925/1337/678 922/1351/692 753/1342/683
f 753/1342/683 752/1340/681 925/1337/678
f 925/1337/678 924/1628/852 787/1380/720
f 923/1629/853 787/1380/720 924/1628/852
f 925/1337/678 955/1630/854 924/1628/852
f 923/1631/853 924/1628/852 955/1630/854
f 925/1337/678 943/1632/855 927/1633/856
f 955/1630/854 925/1337/678 927/1633/856
f 955/1630/854 927/1633/856 749/1335/676
f 750/1634/675 955/1630/854 749/1335/676
f 749/1335/676 927/1633/856 926/1635/857
f 748/1336/677 749/1335/676 926/1635/857
f 943/1632/855 928/1636/858 927/1633/856
f 929/1637/859 926/1635/857 927/1633/856
f 748/1336/677 926/1635/857 929/1637/859
f 930/1638/860 927/1633/856 928/1636/858
f 929/1637/859 927/1633/856 930/1638/860
f 930/1638/860 928/1636/858 931/1639/861
f 929/1637/859 930/1638/860 932/1640/862
f 932/1640/862 930/1638/860 931/1639/861
f 932/1640/862 933/1641/863 929/1637/859
f 748/1336/677 929/1637/859 933/1641/863
f 934/1642/864 933/1641/863 932/1640/862
f 933/1641/863 934/1642/864 935/1643/865
f 936/1644/866 935/1643/865 934/1642/864
f 937/1645/867 934/1642/864 932/1640/862
f 934/1642/864 937/1645/867 936/1644/866
f 931/1639/861 938/1646/868 932/1640/862
f 932/1640/862 938/1646/868 937/1645/867
f 928/1636/858 939/1647/869 931/1639/861
f 938/1646/868 931/1639/861 939/1647/869
f 936/1644/866 937/1645/867 942/1648/870
f 936/1644/866 942/1648/870 940/1649/871
f 937/1645/867 938/1646/868 941/1650/872
f 938/1646/868 939/1647/869 941/1650/872
f 941/1650/872 942/1648/870 937/1645/867
f 943/1632/855 939/1647/869 928/1636/858
f 941/1650/872 939/1647/869 943/1632/855
f 943/1632/855 942/1648/870 941/1650/872
f 942/1648/870 943/1632/855 940/1649/871
f 940/1649/871 943/1632/855 949/1651/873
f 940/1649/871 949/1651/873 944/1652/874
f 940/1649/871 944/1652/874 945/1653/875
f 945/1653/875 946/1654/876 940/1649/871
f 945/1653/875 944/1652/874 949/1651/873
f 946/1654/876 945/1653/875 947/1655/877
f 947/1655/877 948/1656/878 946/1654/876
f 947/1655/877 945/1653/875 949/1651/873
f 948/1656/878 947/1655/877 950/1657/879
f 814/1658/747 948/1656/878 950/1657/879
f 947/1655/877 949/1651/873 950/1657/879
f 813/1659/746 814/1660/747 950/1657/879
f 950/1657/879 951/1661/880 813/1659/746
f 951/1661/880 950/1657/879 949/1651/873
f 951/1661/880 949/1651/873 943/1632/855
f 943/1632/855 953/1662/881 951/1661/880
f 813/1663/746 951/1661/880 953/1662/881
f 953/1662/881 952/1453/770 813/1663/746
f 813/1664/746 952/1453/770 734/1665/648
f 953/1662/881 943/1632/855 925/1337/678
f 953/1662/881 954/1666/882 952/1453/770
f 925/1337/678 954/1666/882 953/1662/881
f 925/1337/678 751/1339/680 954/1666/882
f 731/1667/642 952/1453/770 954/1666/882
f 751/1339/680 731/1668/642 954/1666/882
f 837/1441/768 956/1669/883 750/1334/675
f 957/1670/884 956/1669/883 837/1441/768
f 837/1441/768 960/1671/885 957/1670/884
f 748/1672/677 960/1671/885 837/1441/768
f 958/1673/886 956/1669/883 957/1670/884
f 923/1629/853 956/1669/883 958/1673/886
f 957/1670/884 960/1671/885 959/1674/887
f 788/1381/721 957/1670/884 959/1674/887
f 958/1673/886 957/1670/884 788/1381/721
f 958/1673/886 788/1381/721 787/1380/720
f 787/1380/720 923/1629/853 958/1673/886
f 955/1630/854 750/1334/675 956/1669/883
f 955/1630/854 956/1669/883 923/1629/853
f 962/1338/679 961/1675/888 751/1339/680
f 751/1339/680 961/1675/888 728/1445/638
f 963/1676/889 961/1675/888 962/1338/679
f 961/1675/888 963/1676/889 728/1450/638
f 962/1338/679 755/1341/682 754/1343/684
f 754/1343/684 970/1677/890 962/1338/679
f 970/1677/890 963/1676/889 962/1338/679
f 838/1448/769 728/1450/638 963/1676/889
f 971/1678/891 963/1676/889 970/1677/890
f 754/1343/684 964/1679/892 970/1677/890
f 804/1398/737 964/1679/892 754/1343/684
f 970/1677/890 964/1679/892 969/1680/893
f 804/1398/737 965/1399/738 964/1679/892
f 964/1679/892 966/1681/894 967/1682/895
f 964/1679/892 967/1682/895 969/1680/893
f 966/1681/894 964/1679/892 965/1399/738
f 967/1682/895 965/1399/738 805/1683/739
f 967/1682/895 966/1681/894 965/1399/738
f 967/1682/895 805/1684/739 844/1685/780
f 967/1682/895 844/1686/780 843/1687/778
f 968/1688/896 967/1682/895 843/1689/778
f 967/1682/895 968/1688/896 969/1680/893
f 842/1690/777 968/1688/896 843/1691/778
f 969/1680/893 971/1678/891 970/1677/890
f 963/1676/889 971/1678/891 842/1692/777
f 838/1448/769 963/1676/889 842/1693/777
f 842/1693/777 732/1694/646 838/1448/769
f 968/1688/896 842/1695/777 971/1678/891
f 968/1688/896 971/1678/891 969/1680/893
f 800/1393/732 972/1696/897 801/1394/733
f 972/1696/897 800/1393/732 798/1390/730
f 801/1439/733 972/1696/897 973/1697/898
f 973/1697/898 972/1696/897 798/1392/730
f 975/1698/899 974/1699/900 979/1700/901
f 795/1385/725 974/1699/900 975/1698/899
f 795/1385/725 793/1701/726 974/1699/900
f 795/1385/725 975/1698/899 794/1387/727
f 756/1347/688 794/1387/727 976/1702/902
f 976/1702/902 977/1703/903 756/1347/688
f 756/1347/688 977/1703/903 799/1391/731
f 799/1391/731 977/1703/903 978/1704/904
f 978/1704/904 798/1392/730 799/1391/731
f 980/1705/905 975/1698/899 979/1700/901
f 975/1698/899 980/1705/905 794/1387/727
f 981/1706/906 794/1387/727 980/1705/905
f 794/1387/727 981/1706/906 976/1702/902
f 976/1702/902 981/1706/906 982/1707/907
f 982/1707/907 977/1703/903 976/1702/902
f 977/1703/903 982/1707/907 983/1708/908
f 983/1708/908 978/1704/904 977/1703/903
f 984/1709/909 978/1704/904 983/1708/908
f 973/1697/898 798/1392/730 978/1704/904
f 978/1704/904 984/1709/909 973/1697/898
f 973/1697/898 984/1709/909 801/1440/733
f 983/1708/908 985/1710/910 984/1709/909
f 801/1711/733 984/1709/909 985/1710/910
f 974/1699/900 793/1701/726 791/1382/722
f 811/1410/744 851/1712/789 809/1411/743
f 811/1410/744 744/1713/662 851/1712/789
f 986/1464/773 987/1459/771 736/1714/649
f 988/1715/911 986/1464/773 745/1716/663
f 989/1717/912 986/1464/773 988/1718/911
f 989/1717/912 990/1719/913 986/1464/773
f 987/1459/771 986/1464/773 990/1719/913
f 735/1720/650 987/1459/771 991/1721/914
f 992/1722/915 991/1721/914 987/1459/771
f 735/1720/650 991/1721/914 992/1722/915
f 987/1459/771 993/1723/916 992/1724/915
f 993/1723/916 987/1459/771 990/1719/913
f 997/1725/917 993/1723/916 990/1719/913
f 993/1723/916 995/1726/918 992/1727/915
f 997/1725/917 995/1726/918 993/1723/916
f 992/1728/915 995/1726/918 994/1729/919
f 994/1730/919 995/1726/918 988/1731/911
f 995/1726/918 996/1732/920 988/1733/911
f 988/1734/911 996/1732/920 989/1717/912
f 989/1717/912 996/1732/920 997/1725/917
f 989/1717/912 997/1725/917 990/1719/913
f 996/1732/920 995/1726/918 997/1725/917
f 998/1735/921 1000/1462/772 999/1736/922
f 1000/1462/772 992/1737/915 999/1736/922
f 992/1737/915 1000/1462/772 735/1738/650
f 1001/1739/923 999/1736/922 992/1740/915
f 992/1741/915 994/1742/919 1001/1739/923
f 994/1743/919 988/1744/911 1001/1739/923
f 999/1736/922 1001/1739/923 998/1735/921
f 988/1745/911 1002/1746/924 1001/1739/923
f 1001/1739/923 1002/1746/924 998/1735/921
f 998/1735/921 1002/1746/924 1000/1462/772
f 988/1747/911 1000/1462/772 1002/1746/924
f 745/1748/663 1000/1462/772 988/1747/911
f 546/1066/483 553/1062/484 550/1064/486
s 0
f 513/1066/925 511/1066/925 503/1066/925 584/1066/925
s 1
f 554/1066/926 549/1749/927 548/1066/928 556/1066/926
s 0
f 538/1066/929 547/1066/929 550/1064/930
s 1
f 547/1059/481 546/1061/483 550/1064/486
f 545/1060/482 553/1062/484 546/1066/483
s 0
f 584/1066/931 502/1066/931 508/1066/931 525/1066/931
f 545/1060/932 579/1066/933 553/1062/934
f 578/1066/935 558/1066/935 552/1065/936
s 1
f 471/1066/937 480/1750/938 481/1066/939 476/1048/940
f 476/1048/470 477/1047/469 479/1066/941 473/1066/942
s 0
f 554/1066/943 467/1066/943 549/1749/944
f 467/1066/945 479/1066/945 549/1749/946
f 479/1066/947 478/1066/947 549/1749/948
s 1
f 479/1066/941 477/1047/469 478/1049/471
f 476/1048/470 482/1066/949 478/1049/471
s 0
f 527/1066/950 523/1066/950 571/1066/950 522/1066/950
f 582/1066/951 538/1066/951 478/1066/951
f 582/1066/952 535/1066/952 538/1066/952
f 535/1066/953 547/1066/953 538/1066/953
s 1
f 535/1066/954 545/1060/482 547/1059/481
s 0
f 535/1066/955 537/1066/955 545/1060/956
f 537/1066/957 531/1066/957 545/1060/958
f 531/1066/959 519/1066/959 545/1060/960
f 519/1066/961 569/1066/961 545/1060/962
s 1
f 569/1751/963 568/1752/964 545/1060/965
s 0
f 568/1752/966 579/1066/967 545/1060/968
f 521/1066/969 541/1066/969 578/1066/969
f 541/1066/970 580/1066/970 578/1066/970
f 483/1753/971 526/1066/972 516/1754/972 517/1755/972
f 579/1066/973 568/1752/974 578/1066/973
f 568/1752/975 518/1066/976 578/1066/976
f 518/1066/977 521/1066/977 578/1066/977
s 1
f 557/1756/978 556/1757/979 558/1066/980
s 0
f 581/1758/981 539/1066/982 558/1066/982
f 539/1066/983 557/1756/984 558/1066/983
s 1
f 557/1756/978 559/1066/985 556/1757/979
s 0
f 559/1066/986 555/1066/986 556/1757/987
f 555/1066/988 554/1066/988 556/1066/988
f 555/1066/989 544/1066/989 554/1066/989
s 1
f 581/1758/990 580/1759/991 541/1066/992 539/1066/992
s 0
f 543/1760/993 479/1066/994 467/1066/994
f 573/1761/995 524/1066/996 469/1066/996 528/1066/996
f 529/1066/997 533/1066/997 530/1057/998 534/1066/997
f 481/1066/999 482/1066/999 476/1048/1000
f 473/1066/1001 474/1066/1001 476/1066/1001
f 474/1066/1002 471/1066/1002 476/1066/1002
f 496/1066/1003 582/1066/1003 478/1049/1004 495/1066/1003
f 481/1066/1005 485/1066/1005 482/1066/1005
f 485/1066/1006 507/1066/1006 495/1066/1006
s 1
f 507/1049/1007 506/1047/1008 495/1066/1009
s 0
f 506/1047/1010 508/1066/1011 495/1066/1011
f 508/1066/1012 499/1066/1012 495/1066/1012
f 499/1066/1013 509/1066/1013 495/1066/1013
f 509/1066/1014 500/1066/1014 495/1066/1014
f 500/1066/1015 498/1066/1015 495/1066/1015
f 498/1066/1016 496/1066/1016 495/1066/1016
f 496/1066/1017 493/1066/1017 582/1066/1017
f 483/1066/1018 480/1750/1019 474/1066/1018 470/1066/1018
s 1
f 536/1047/1020 537/1762/1021 582/1066/1022
s 0
f 537/1066/1023 535/1066/1023 582/1066/1023
s 1
f 536/1047/1020 531/1066/1024 537/1066/1021
f 534/1066/1025 530/1057/479 531/1056/478
f 532/1058/480 519/1066/1026 531/1066/478
s 0
f 520/1066/1027 577/1066/1027 541/1066/1027 521/1066/1027
s 1
f 487/1051/473 486/1050/472 531/1066/1028
s 0
f 486/1050/1029 534/1066/1030 531/1056/1031
f 532/1058/1032 569/1066/1033 519/1066/1033
s 1
f 518/1066/1034 568/1752/964 569/1751/963
s 0
f 532/1058/1035 518/1066/1036 569/1751/1037
f 514/1055/1038 575/1066/1039 486/1050/1040 488/1052/1041
f 533/1066/1042 520/1066/1042 521/1066/1042
s 1
f 509/1066/1043 499/1066/1043 508/1763/1044 502/1066/1043
s 0
f 478/1066/1045 538/1066/1045 550/1064/1046 549/1749/1047
f 577/1066/1048 562/1066/1048 541/1066/1048
f 562/1066/1049 539/1066/1049 541/1066/1049
f 540/1066/1050 562/1066/1050 557/1066/1050
f 562/1066/1051 560/1066/1051 557/1066/1051
s 1
f 560/1764/1052 559/1765/985 557/1756/978
f 539/1766/1053 540/1767/1054 557/1066/1055
f 562/1066/1056 540/1066/1054 539/1766/1053
s 0
f 542/1066/1057 555/1066/1057 559/1066/1057
s 1
f 560/1066/1052 562/1066/1058 559/1765/985
s 0
f 562/1066/1059 563/1066/1059 559/1765/1060
f 563/1066/1061 468/1066/1061 559/1765/1062
f 468/1066/1063 470/1066/1063 559/1765/1064
f 485/1066/1065 495/1066/1065 478/1049/1066 482/1066/1065
f 544/1066/1067 542/1066/1067 559/1066/1067
f 542/1066/1068 544/1066/1068 555/1066/1068
f 475/1066/1069 473/1066/1069 544/1066/1069
s 1
f 475/1768/1070 474/1769/1071 473/1066/1072
s 0
f 484/1066/1073 485/1066/1073 481/1066/1073
s 1
f 480/1750/938 484/1066/1074 481/1066/939
s 0
f 480/1750/1075 471/1066/1076 474/1066/1076
s 1
f 475/1066/1070 470/1066/1077 474/1769/1071
s 0
f 529/1066/1078 576/1066/1078 577/1066/1078 520/1066/1078
f 484/1066/1079 507/1066/1079 485/1066/1079
f 484/1066/1080 517/1066/1080 507/1066/1080
s 1
f 517/1755/1081 516/1754/1082 507/1066/1007
f 516/1754/1082 506/1047/1008 507/1049/1007
f 504/1770/1083 505/1771/1084 506/1066/1085
s 0
f 505/1771/1086 508/1066/1087 506/1047/1088
f 516/1754/1089 504/1770/1090 506/1066/1089
f 492/1772/1091 536/1066/1092 582/1066/1092 493/1054/1093
s 1
f 505/1771/1084 504/1770/1083 508/1066/1094
s 0
f 504/1770/1095 525/1066/1096 508/1066/1096
f 573/1761/1097 528/1066/1098 574/1066/1098 572/1066/1098
f 502/1066/1099 498/1066/1099 509/1773/1100
f 498/1066/1101 500/1066/1101 509/1066/1101
s 1
f 501/1066/1102 497/1773/1103 498/1049/1104
f 497/1773/1103 496/1066/1105 498/1066/1104
s 0
f 502/1066/1106 503/1066/1106 498/1066/1106
f 503/1066/1107 511/1066/1107 498/1066/1107
f 511/1066/1108 501/1066/1108 498/1049/1109
f 497/1773/1110 494/1066/1111 496/1066/1111
f 494/1066/1112 493/1066/1112 496/1066/1112
f 494/1066/1113 490/1066/1113 493/1066/1113
f 490/1066/1114 488/1066/1114 493/1066/1114
s 1
f 488/1052/474 487/1051/473 493/1066/1115
f 487/1066/473 492/1772/1116 493/1054/1115
s 0
f 575/1066/1117 529/1066/1117 534/1066/1117
f 579/1066/1118 578/1066/1118 552/1065/1119 553/1062/1120
f 486/1050/1121 575/1066/1122 534/1066/1122
s 1
f 533/1066/1123 532/1058/480 530/1057/479
s 0
f 526/1066/1124 472/1066/1124 470/1066/1124 566/1774/1125
f 529/1066/1126 520/1066/1126 533/1066/1126
s 1
f 544/1775/1127 543/1760/1128 467/1066/1129 554/1066/1129
s 0
f 532/1058/1130 533/1066/1131 521/1066/1131 518/1066/1131
f 567/1066/1132 563/1066/1132 562/1066/1132
f 572/1066/1133 574/1066/1133 562/1066/1133
f 558/1066/1134 556/1066/1134 548/1066/1134 552/1065/1135
s 1
f 564/1776/1136 566/1774/1137 562/1066/1138
s 0
f 566/1774/1139 567/1066/1140 562/1066/1140
f 567/1066/1141 566/1774/1142 563/1066/1141
f 566/1774/1143 470/1066/1144 563/1066/1144
f 470/1066/1145 468/1066/1145 563/1066/1145
s 1
f 548/1777/928 549/1749/927 550/1064/486 552/1065/487
s 0
f 472/1066/1146 483/1066/1146 470/1066/1146
s 1
f 480/1750/938 483/1066/1147 484/1049/1074
f 483/1753/1147 517/1066/1148 484/1066/1074
s 0
f 492/1772/1149 487/1066/1150 531/1066/1150 536/1066/1150
f 526/1066/1151 527/1066/1151 516/1754/1151
f 527/1066/1152 525/1066/1152 516/1754/1152
f 525/1066/1153 504/1770/1154 516/1754/1153
f 584/1066/1155 503/1066/1155 502/1066/1155
f 527/1066/1156 583/1066/1156 525/1066/1156
s 1
f 583/1778/1157 584/1779/1158 525/1066/1159
s 0
f 469/1066/1160 513/1066/1160 584/1066/1160
f 470/1066/1161 475/1066/1161 544/1066/1161 559/1765/1162
s 1
f 583/1778/1157 469/1066/1163 584/1066/1158
s 0
f 511/1066/1164 497/1773/1165 501/1066/1164
f 561/1066/1166 527/1066/1166 526/1066/1166 566/1774/1167
s 1
f 513/1066/1168 510/1055/477 511/1054/476
f 512/1053/475 491/1066/1169 511/1054/476
s 0
f 491/1066/1170 490/1066/1170 511/1054/1171
f 491/1066/1172 512/1053/1173 490/1066/1172
f 512/1053/1174 514/1066/1175 490/1066/1175
s 1
f 514/1055/1176 515/1780/1177 490/1066/1178
f 515/1780/1177 489/1781/1179 490/1048/1178
f 489/1781/1179 488/1066/1180 490/1066/1178
s 0
f 489/1781/1181 515/1780/1182 488/1066/1183
s 1
f 515/1780/1177 514/1055/1176 488/1066/1184
f 573/1761/1185 572/1782/1186 575/1066/1187
f 572/1066/1186 576/1066/1188 575/1783/1187
f 576/1066/1188 529/1066/1189 575/1066/1187
s 0
f 514/1055/1190 573/1761/1191 575/1066/1192
f 581/1758/1193 558/1066/1194 578/1066/1194 580/1759/1195
f 528/1066/1196 565/1066/1196 574/1066/1196
f 565/1066/1197 522/1066/1197 574/1066/1197
f 522/1066/1198 571/1066/1198 574/1066/1198
f 523/1066/1199 561/1066/1199 571/1066/1199
f 561/1066/1200 564/1066/1200 571/1066/1200
s 1
f 543/1760/1128 544/1775/1127 473/1066/942 479/1066/941
f 561/1066/1201 566/1774/1137 564/1776/1136
s 0
f 571/1066/1202 564/1066/1202 562/1066/1202 574/1066/1202
f 483/1066/1203 472/1066/1203 526/1066/1203
f 522/1066/1204 583/1066/1204 527/1066/1204
f 561/1066/1205 523/1066/1205 527/1066/1205
f 522/1066/1206 570/1066/1206 583/1066/1206
f 570/1066/1207 469/1066/1207 583/1778/1207
f 570/1066/1208 528/1066/1208 469/1066/1208
f 572/1066/1209 562/1066/1209 577/1066/1209 576/1066/1209
f 490/1066/1210 494/1066/1210 497/1773/1211 511/1066/1210
f 514/1066/1212 512/1053/1213 513/1066/1212
s 1
f 512/1053/475 510/1055/477 513/1066/1168
s 0
f 524/1066/1214 573/1761/1215 514/1055/1216
f 570/1066/1217 565/1066/1217 528/1066/1217
f 570/1066/1218 522/1066/1218 565/1066/1218
