# Blender 5.1.1
# www.blender.org
o Body
v -0.034684 -0.233232 0.238950
v 0.115337 -0.211372 0.236402
v 0.058243 -0.251413 0.133500
v 0.053662 -0.277980 0.035787
v 0.014463 -0.283938 -0.073505
v 0.155582 -0.143747 0.214311
v 0.147587 -0.182162 0.177378
v 0.177262 -0.194792 0.011423
v 0.175968 -0.232071 -0.017835
v 0.170390 -0.204086 0.042762
v 0.119508 -0.275296 0.022729
v 0.196179 -0.239335 -0.108901
v 0.150939 -0.262337 -0.059291
v 0.085044 -0.286946 -0.044692
v 0.158757 -0.179583 -0.181552
v 0.167094 -0.198818 -0.173630
v 0.066753 -0.180988 -0.228997
v 0.084579 -0.198878 -0.213050
v -0.026734 -0.203202 -0.221360
v 0.080146 -0.251997 -0.161643
v 0.038220 -0.281576 -0.080224
v -0.045811 -0.274323 0.044875
v -0.136726 -0.190742 0.236989
v -0.136932 -0.221180 0.101715
v -0.142911 -0.186282 0.211577
v -0.161491 -0.117522 0.237038
v -0.162262 -0.139472 0.118174
v -0.163631 -0.188845 0.082114
v -0.176622 -0.203437 0.010972
v -0.108783 -0.285682 0.009949
v -0.136237 -0.267601 0.009068
v -0.180653 -0.247041 -0.081861
v -0.181811 -0.238970 -0.127149
v -0.193635 -0.198872 -0.158754
v -0.058931 -0.285580 -0.068422
v -0.071293 -0.261513 -0.146150
v -0.083140 -0.174167 -0.220395
v -0.181486 -0.136641 -0.167767
v -0.103052 -0.197349 -0.206566
v 0.003550 -0.052996 -0.212569
v -0.065693 -0.090524 -0.235636
v -0.054047 -0.180414 -0.269962
v -0.055180 -0.148711 -0.259644
v 0.048399 -0.179942 -0.268158
v -0.071839 -0.162875 -0.237998
v -0.062607 -0.087290 -0.178420
v -0.052372 -0.085059 -0.197898
v 0.028593 -0.069768 -0.165416
v 0.073838 -0.107460 -0.182274
v 0.036017 -0.033412 -0.105766
v 0.000375 -0.009272 -0.048373
v 0.062870 -0.000510 -0.020396
v 0.127099 -0.112201 -0.164234
v 0.179774 -0.098625 -0.141315
v 0.176002 -0.082239 -0.037800
v 0.087955 -0.022869 -0.062249
v 0.156619 -0.056876 -0.056512
v 0.170253 -0.135059 0.004004
v 0.111237 -0.023659 0.029871
v 0.169520 -0.141618 0.068248
v 0.161214 -0.111249 0.190232
v 0.142697 -0.065543 0.252380
v 0.144918 -0.064700 0.230812
v 0.072832 -0.006132 0.268775
v -0.036618 0.004348 0.283317
v 0.059311 0.000323 0.210466
v 0.125051 -0.037780 0.145742
v 0.062714 -0.096940 -0.238941
v 0.049886 -0.148950 -0.259860
v 0.058696 -0.171609 -0.242637
v 0.072814 -0.145461 -0.221353
v 0.052268 -0.081834 -0.192482
v 0.000585 -0.153396 0.496107
v -0.046526 -0.152334 0.729863
v 0.001612 -0.013364 0.471866
v -0.053325 -0.012250 0.493276
v -0.065645 -0.011808 0.553419
v -0.000038 -0.079496 0.515817
v -0.036510 -0.114689 0.730879
v -0.043337 -0.093213 0.734903
v -0.069881 -0.178520 0.904072
v -0.091483 -0.171200 1.129839
v -0.056135 -0.143154 0.969006
v -0.058059 -0.130275 0.837368
v -0.068446 -0.112574 0.984700
v -0.082271 -0.090437 0.878282
v -0.089857 -0.136781 1.099717
v -0.098713 -0.140152 1.151294
v -0.123350 -0.094006 1.110289
v -0.120633 -0.094932 1.218150
v -0.132105 -0.092008 1.171584
v -0.157791 -0.094309 1.215403
v -0.164269 -0.102050 1.215189
v -0.168441 -0.117116 1.214984
v -0.171640 -0.150113 1.215787
v -0.175747 -0.140845 1.198400
v -0.150814 -0.181218 1.217753
v -0.119935 -0.195555 1.220332
v -0.161277 -0.186878 1.173374
v -0.163323 -0.101546 1.133050
v -0.149621 -0.198213 1.155077
v -0.113126 -0.189602 1.181847
v -0.178844 -0.146233 1.145260
v -0.186944 -0.125524 1.030317
v -0.126682 -0.083179 1.019533
v -0.114715 -0.053947 0.809312
v -0.064585 -0.032931 0.701135
v -0.171684 -0.032402 0.591540
v -0.124917 -0.004221 0.575743
v -0.109679 -0.027725 0.321096
v -0.042139 0.000375 0.331930
v -0.125730 -0.043494 0.261524
v -0.138332 -0.053327 0.288366
v -0.159767 -0.109819 0.294282
v -0.140099 -0.195757 0.307467
v -0.188498 -0.083543 0.498699
v -0.026008 -0.262951 0.382738
v -0.000177 -0.260844 0.354827
v -0.102314 -0.245378 0.320233
v -0.000446 -0.231134 0.436005
v -0.101378 -0.248118 0.444235
v -0.009986 -0.192882 0.475459
v -0.062013 -0.221658 0.501373
v -0.164229 -0.178117 0.485640
v -0.109835 -0.228405 0.489711
v -0.049579 -0.192630 0.644121
v -0.085235 -0.191353 0.725620
v -0.066333 -0.176094 0.783645
v -0.159355 -0.178506 0.783154
v -0.121688 -0.196105 0.775201
v -0.073849 -0.199231 0.957580
v -0.113967 -0.228899 0.916830
v -0.174736 -0.220117 0.948266
v -0.154436 -0.065216 0.746087
v -0.172662 -0.119232 0.821214
v -0.175811 -0.159325 0.733225
v 0.000933 -0.066547 0.514691
v 0.014410 -0.014117 0.479032
v 0.037554 -0.127699 0.736607
v 0.026061 -0.005794 0.365186
v 0.060300 -0.124199 0.857089
v 0.067209 -0.150818 0.866914
v 0.097255 -0.078918 0.895896
v 0.067188 -0.166407 1.006465
v 0.121056 -0.061876 0.847890
v 0.065729 -0.029001 0.680105
v 0.100157 -0.004798 0.518527
v 0.151929 -0.070267 0.780503
v 0.181805 -0.106905 0.747745
v 0.065454 -0.114406 0.976308
v 0.105356 -0.136754 1.221787
v 0.098741 -0.124768 1.137507
v 0.117716 -0.109556 1.218722
v 0.145858 -0.090920 1.215334
v 0.136859 -0.094770 1.175341
v 0.169591 -0.117752 1.199844
v 0.169929 -0.162718 1.219229
v 0.176935 -0.159173 1.178017
v 0.147046 -0.194602 1.172365
v 0.120688 -0.193069 1.225236
v 0.110323 -0.188128 1.198739
v 0.086498 -0.198740 1.033113
v 0.065808 -0.181374 0.957307
v 0.111133 -0.225304 0.913839
v 0.059669 -0.166325 0.791027
v 0.004336 -0.158734 0.509192
v 0.019479 -0.203109 0.478958
v 0.055866 -0.259312 0.421088
v 0.047051 -0.178608 0.695490
v 0.067519 -0.225136 0.492714
v 0.108573 -0.194985 0.732803
v 0.075274 -0.222745 0.580097
v 0.152417 -0.190252 0.807328
v 0.190773 -0.098833 0.629712
v 0.162529 -0.179201 0.704212
v 0.125545 -0.219371 0.468179
v 0.011137 -0.258087 0.397849
v 0.065920 -0.250886 0.308122
v 0.122405 -0.237762 0.358348
v 0.137185 -0.192903 0.270964
v 0.158638 -0.118025 0.284686
v 0.119862 -0.019144 0.388681
v 0.117939 -0.028715 0.305223
v 0.028447 0.009208 0.293491
v 0.154343 -0.049330 0.364572
v 0.140216 -0.012860 0.572196
v 0.168723 -0.042528 0.661847
v 0.117614 -0.014124 0.652384
v 0.186384 -0.111068 0.468082
v 0.181322 -0.174301 0.883579
v 0.166455 -0.226360 0.938375
v 0.145563 -0.209659 1.085910
v 0.181536 -0.156623 1.144117
v 0.187927 -0.164766 1.074789
v 0.170931 -0.106759 0.866328
v 0.132829 -0.093147 1.131781
v 0.161333 -0.106178 1.119714
v 0.144681 -0.111552 1.216642
v 0.441507 -0.055358 0.303731
v 0.439830 -0.060033 0.307998
v 0.422019 -0.052465 0.313229
v 0.415478 -0.039356 0.307991
v 0.411378 -0.007778 0.288340
v 0.417196 -0.029279 0.299927
v 0.458404 -0.043999 0.285927
v 0.440676 -0.015686 0.276488
v 0.436676 -0.005564 0.271797
v -0.412864 -0.005726 0.282264
v -0.457239 -0.021610 0.268686
v -0.422568 -0.058584 0.313280
v 0.143435 -0.099764 1.216067
v -0.104163 -0.199773 1.283260
v -0.115423 -0.216588 1.254031
v -0.092766 -0.191957 1.269783
v -0.106271 -0.189984 1.198032
v -0.105495 -0.140016 1.216805
v -0.146113 -0.013350 1.287078
v -0.130049 -0.090112 1.186306
v -0.137072 -0.052647 1.214214
v -0.132279 -0.054788 1.279658
v -0.174393 -0.104050 1.186457
v -0.138324 0.012352 1.258054
v -0.212042 0.063656 1.270286
v -0.156124 0.052816 1.271217
v -0.147641 0.032730 1.247737
v -0.208977 0.057984 1.240295
v -0.201121 0.070763 1.248526
v -0.224454 -0.041801 1.286755
v -0.232541 -0.017188 1.271056
v -0.171303 -0.183536 1.272202
v -0.139622 -0.216370 1.271020
v -0.155647 -0.186740 1.208631
v -0.179863 -0.079271 1.200873
v -0.214231 -0.078603 1.255549
v -0.181050 -0.026691 1.214906
v -0.180969 -0.004123 1.286985
v -0.162925 -0.098293 1.213564
v -0.161176 -0.155929 1.226143
v -0.120002 -0.176232 1.222376
v -0.131016 -0.099925 1.217346
v 0.115752 -0.217835 1.271935
v 0.107863 -0.182029 1.284360
v 0.094325 -0.196714 1.274701
v 0.103674 -0.189008 1.199007
v 0.109751 -0.124689 1.214919
v 0.141444 -0.086336 1.178333
v 0.129706 -0.088670 1.276951
v 0.151568 0.034115 1.282327
v 0.139822 -0.054955 1.207940
v 0.154225 0.043470 1.268040
v 0.114388 -0.097591 1.245245
v 0.209444 0.067946 1.267569
v 0.220639 0.052616 1.254418
v 0.188154 0.058030 1.242670
v 0.233324 -0.023242 1.286788
v 0.147703 -0.205088 1.279162
v 0.231667 -0.043841 1.271951
v 0.134106 -0.002653 1.247781
v 0.181359 -0.066628 1.207112
v 0.174448 -0.114056 1.194871
v 0.158514 -0.185183 1.212560
v 0.156513 -0.205409 1.263202
v 0.143621 -0.211506 1.234889
v 0.179073 -0.012459 1.288085
v 0.123737 -0.196491 1.280270
v 0.165800 -0.104154 1.215408
v 0.130209 -0.180564 1.222109
v 0.131002 -0.099917 1.217350
v 0.385335 -0.048720 0.273122
v 0.401505 -0.020829 0.253940
v 0.289069 -0.139021 0.189610
v 0.321961 -0.086847 0.199476
v 0.289846 -0.133568 0.188170
v 0.267357 -0.138285 0.131293
v 0.257555 -0.169714 0.128003
v 0.425937 -0.041495 0.227598
v 0.440640 -0.087393 0.250380
v 0.432731 -0.072860 0.298884
v 0.400772 -0.067257 0.293922
v 0.298116 -0.168503 0.193784
v 0.372333 -0.152781 0.244455
v 0.331519 -0.226696 0.150468
v 0.395772 -0.163410 0.187353
v 0.361632 -0.141023 0.094230
v 0.284771 -0.129871 0.137131
v 0.231590 -0.107659 0.061524
v 0.174988 -0.123824 -0.002051
v 0.183256 -0.082678 -0.059814
v 0.195616 -0.095972 -0.032302
v 0.305425 -0.116385 0.102458
v 0.318325 -0.133622 0.077337
v 0.267680 -0.107756 0.022203
v 0.318119 -0.211479 0.048784
v 0.207757 -0.092667 -0.104313
v 0.267300 -0.155112 -0.060759
v 0.204037 -0.144412 -0.161589
v 0.214929 -0.203975 -0.136600
v 0.262207 -0.186845 -0.056948
v 0.207951 -0.232896 -0.055437
v 0.179329 -0.227124 -0.013291
v 0.210010 -0.218169 0.060038
v 0.237969 -0.196960 0.095126
v 0.243802 -0.237632 0.053097
v -0.446666 -0.063965 0.272134
v -0.385635 -0.107635 0.270432
v -0.290410 -0.144223 0.188980
v -0.369692 -0.175347 0.220737
v -0.392514 -0.143922 0.140739
v -0.361220 -0.209865 0.132945
v -0.316885 -0.222750 0.158845
v -0.197321 -0.214952 0.043161
v -0.215079 -0.235112 0.033408
v -0.178810 -0.223021 -0.007080
v -0.204792 -0.236720 -0.043428
v -0.221257 -0.225532 -0.102994
v -0.184369 -0.085232 -0.106131
v -0.209165 -0.106350 -0.122405
v -0.168915 -0.081822 -0.025729
v -0.183069 -0.087860 -0.047649
v -0.253355 -0.123409 -0.023916
v -0.197256 -0.155044 0.047965
v -0.174973 -0.121451 -0.002843
v -0.286267 -0.142189 0.183727
v -0.273075 -0.147811 0.138081
v -0.384286 -0.040032 0.248613
v -0.415233 -0.023504 0.242137
v -0.297134 -0.110543 0.155679
v -0.285494 -0.231551 0.072111
v -0.280980 -0.192052 0.161340
v -0.332298 -0.204294 0.070710
v -0.347834 -0.092898 0.127763
v -0.288736 -0.110299 0.081368
v -0.277613 -0.123184 0.119070
v -0.188381 -0.103264 -0.022651
v -0.255192 -0.148765 -0.080203
v -0.220919 -0.186248 -0.145508
v -0.266287 -0.201322 -0.039198
v -0.329796 -0.139197 0.074767
v -0.121438 -0.133007 -0.177491
v -0.179961 -0.118851 -0.163556
v -0.152131 -0.093803 -0.135325
v -0.142732 -0.069739 -0.107331
v -0.044417 -0.056921 -0.143065
v -0.065215 0.000057 -0.023572
v -0.116835 -0.028825 0.039289
v -0.139213 -0.034775 -0.025782
v -0.153520 -0.053475 -0.008455
v -0.165668 -0.121095 0.077585
v -0.137700 -0.052433 0.137725
v -0.161592 -0.125618 0.177833
v -0.138557 -0.053531 0.235023
v -0.051162 0.004957 0.216382
v 0.408429 -0.071878 0.290280
v 0.370081 -0.075000 0.242324
v 0.425207 -0.065395 0.301647
v 0.417746 -0.019480 0.306926
v 0.382821 -0.074712 0.265075
v 0.413757 -0.033457 0.249367
v 0.392186 -0.070938 0.196453
v 0.419706 -0.028946 0.244861
v 0.435048 -0.078651 0.269264
v 0.407122 -0.052378 0.218232
v 0.431535 -0.083481 0.267785
v 0.420500 0.006037 0.294227
v 0.428860 0.022598 0.286220
v 0.468972 0.100069 0.317491
v 0.444051 -0.009595 0.276874
v 0.444943 -0.054990 0.301775
v 0.478032 -0.038636 0.360142
v 0.454714 0.041637 0.315683
v 0.460182 0.044989 0.313876
v 0.476071 0.096053 0.319245
v 0.479977 0.091497 0.312238
v 0.464217 0.037043 0.313680
v 0.473668 0.031697 0.323951
v 0.531125 0.064299 0.346866
v 0.550129 0.066802 0.375600
v 0.506693 0.019098 0.333418
v 0.520560 0.049820 0.347908
v 0.487092 0.032900 0.331139
v 0.501090 0.025696 0.339469
v 0.564697 0.041080 0.387961
v 0.566701 0.027803 0.393130
v 0.511213 -0.000855 0.349110
v 0.558549 0.032486 0.391225
v 0.508644 0.001449 0.352276
v 0.562226 0.005949 0.390249
v 0.566390 -0.004529 0.399977
v 0.558429 0.001452 0.397620
v 0.496556 -0.022863 0.355554
v 0.495939 -0.021493 0.357007
v 0.537849 -0.045425 0.405511
v 0.530056 -0.046041 0.404587
v 0.424656 -0.037520 0.316527
v 0.448373 0.041122 0.322330
v 0.494981 -0.046617 0.364329
v 0.539318 -0.048955 0.402067
v 0.502341 -0.020805 0.340145
v 0.569012 -0.005147 0.393918
v 0.569671 0.036689 0.387483
v 0.490210 -0.015586 0.307187
v 0.554453 0.067874 0.369941
v 0.550890 0.072965 0.363493
v 0.520386 0.034208 0.327281
v 0.460457 0.042661 0.295428
v 0.472401 0.098175 0.307333
v 0.450970 0.074552 0.311829
v 0.492949 0.025147 0.305893
v 0.506090 0.018363 0.327947
v -0.392763 -0.083436 0.272561
v -0.409024 -0.095979 0.264693
v -0.404077 -0.060300 0.290274
v -0.414000 -0.015895 0.263846
v -0.377091 -0.061726 0.231197
v -0.420382 -0.090875 0.217843
v -0.446952 -0.054876 0.268944
v -0.405949 -0.056851 0.214077
v -0.418512 -0.098188 0.256929
v -0.408442 -0.105985 0.212602
v -0.428030 0.016647 0.318647
v -0.418915 -0.004777 0.301020
v -0.471952 0.091237 0.322493
v -0.422216 -0.000124 0.283776
v -0.430032 -0.014061 0.266738
v -0.445866 0.052009 0.291969
v -0.432734 0.047309 0.303421
v -0.473766 0.101225 0.311700
v -0.471038 0.102661 0.308559
v -0.468608 0.033609 0.311366
v -0.548137 0.075974 0.367192
v -0.472757 0.037221 0.305762
v -0.494606 0.006331 0.306677
v -0.447901 -0.044508 0.285933
v -0.431455 -0.050453 0.314830
v -0.478545 -0.042259 0.358922
v -0.456775 -0.052648 0.309530
v -0.510914 -0.000956 0.348589
v -0.563474 0.002148 0.396188
v -0.570788 0.034719 0.390331
v -0.571674 0.034203 0.389794
v -0.523967 0.022390 0.343075
v -0.540476 0.015846 0.352609
v -0.509221 0.024554 0.333625
v -0.505916 0.020076 0.332814
v -0.550131 0.061333 0.371938
v -0.533051 0.051317 0.338729
v -0.553178 0.069281 0.368146
v -0.508184 -0.013967 0.341914
v -0.496100 -0.022970 0.353074
v -0.538019 -0.044438 0.404920
v -0.495890 -0.030948 0.346338
v -0.491963 -0.030165 0.325989
v -0.495876 -0.022309 0.357595
v -0.528830 -0.048120 0.405383
v -0.528319 -0.051978 0.397385
v -0.539039 -0.048635 0.402081
v -0.554323 -0.000546 0.392225
v -0.511772 0.005908 0.353226
v -0.560122 0.034086 0.391311
v -0.564647 -0.003689 0.389198
v -0.458268 0.045243 0.313708
v -0.472562 0.088938 0.323553
v -0.443536 0.028025 0.322966
v -0.483404 -0.001276 0.341050
v -0.483677 0.028429 0.331079
v -0.543429 0.064443 0.373366
v -0.031959 -0.034084 -0.463958
v -0.057056 -0.121184 -0.465145
v -0.001493 -0.229491 -0.375923
v -0.093116 -0.135779 -0.432969
v -0.091170 -0.094976 -0.398842
v -0.088413 -0.170511 -0.398585
v -0.083284 -0.079235 -0.424056
v -0.090099 -0.093463 -0.413078
v -0.086421 -0.096361 -0.429334
v -0.086007 -0.072322 -0.366504
v -0.077938 -0.063128 -0.361790
v -0.070986 -0.055391 -0.352637
v -0.069778 -0.058139 -0.407660
v -0.096498 -0.124849 -0.376883
v -0.092163 -0.099475 -0.355787
v -0.084061 -0.071998 -0.350403
v -0.094458 -0.151734 -0.379563
v -0.092244 -0.148085 -0.353051
v -0.052484 -0.173007 -0.280937
v 0.073057 -0.183809 -0.340045
v 0.067211 -0.180126 -0.312544
v 0.069062 -0.191573 -0.332642
v 0.049498 -0.197032 -0.316802
v 0.041158 -0.195750 -0.301683
v 0.026209 -0.205234 -0.310414
v 0.060930 -0.169532 -0.291818
v 0.049248 -0.168221 -0.264509
v 0.035583 -0.183663 -0.273743
v -0.035089 -0.173036 -0.256431
v 0.041487 -0.170391 -0.261300
v 0.015814 -0.187431 -0.269593
v -0.001805 -0.191147 -0.268246
v -0.035858 -0.187099 -0.281633
v -0.025707 -0.186329 -0.270784
v 0.006085 -0.190200 -0.269626
v -0.027163 -0.203375 -0.304117
v -0.002167 -0.198219 -0.282675
v -0.057178 -0.199611 -0.331563
v -0.051122 -0.195660 -0.314784
v -0.050822 -0.189272 -0.301365
v -0.059376 -0.178841 -0.297609
v -0.039852 -0.198461 -0.305382
v -0.028250 -0.193376 -0.285404
v 0.013838 -0.213679 -0.322871
v 0.013779 -0.207375 -0.304361
v 0.024538 -0.213067 -0.328972
v -0.002990 -0.224843 -0.345912
v 0.050250 -0.211316 -0.353295
v 0.055115 -0.204532 -0.342739
v -0.075796 -0.206809 -0.374022
v -0.078779 -0.193259 -0.358358
v 0.079595 -0.091610 -0.458099
v 0.088742 -0.099460 -0.411917
v 0.075350 -0.167683 -0.445970
v 0.070067 -0.141664 -0.460612
v -0.025313 -0.224498 -0.395717
v -0.037927 -0.205480 -0.432338
v 0.040931 -0.218255 -0.384804
v -0.045723 -0.223729 -0.369274
v -0.081064 -0.195349 -0.402024
v -0.055195 -0.217420 -0.390163
v 0.013552 -0.224435 -0.415571
v 0.079013 -0.184900 -0.421066
v 0.093963 -0.124719 -0.408897
v 0.094957 -0.119887 -0.399609
v 0.093073 -0.116104 -0.411814
v 0.088208 -0.143336 -0.435240
v 0.083676 -0.169896 -0.397182
v 0.070561 -0.063188 -0.349859
v 0.078070 -0.093195 -0.347448
v 0.078849 -0.083957 -0.350763
v 0.069585 -0.063096 -0.346954
v 0.021231 -0.143589 -0.487481
v 0.013931 -0.129729 -0.490040
v 0.049616 -0.159239 -0.476948
v -0.032442 -0.071626 -0.488454
v -0.057160 -0.056627 -0.461282
v -0.059592 -0.061282 -0.466281
v 0.072894 -0.045450 -0.423383
v 0.063991 -0.038367 -0.431231
v 0.068610 -0.040867 -0.404951
v 0.010841 -0.026433 -0.490750
v -0.015593 -0.019914 -0.463090
v 0.029239 -0.016330 -0.460751
v 0.040484 -0.023867 -0.467597
v 0.039241 -0.030225 -0.483352
v 0.044187 -0.026198 -0.466374
v -0.027364 -0.045611 -0.481587
v -0.026816 -0.069117 -0.491728
v -0.003092 -0.059888 -0.499099
v 0.005319 -0.077435 -0.499911
v 0.030347 -0.066685 -0.495490
v -0.031972 -0.084147 -0.490006
v -0.012310 -0.123822 -0.486281
v -0.043876 -0.195063 -0.445676
v -0.003575 -0.199485 -0.471838
v -0.049613 -0.167791 -0.466005
v -0.041200 -0.195007 -0.448020
v -0.003915 -0.220903 -0.423072
v -0.051752 -0.189615 -0.446755
v -0.030469 -0.185508 -0.466701
v 0.073362 -0.066382 -0.459173
v 0.076273 -0.066294 -0.448747
v -0.003105 -0.225720 -0.403475
v -0.024702 -0.211366 -0.433265
v 0.041408 -0.218675 -0.434805
v 0.037248 -0.223595 -0.421100
v 0.007944 -0.215901 -0.448296
v 0.068973 -0.206988 -0.382870
v 0.048693 -0.213374 -0.432670
v 0.045757 -0.172711 -0.469960
v 0.063745 -0.061311 -0.477378
v 0.067043 -0.046387 -0.445050
v 0.051056 -0.103398 -0.481856
v 0.042914 -0.104900 -0.486817
v 0.071996 -0.075620 -0.329763
v -0.039061 -0.226671 -0.375026
v -0.024203 -0.227185 -0.352962
v 0.069501 -0.103973 -0.323640
v 0.031702 -0.172093 -0.260994
v -0.016976 -0.189937 -0.274443
v -0.026310 -0.177624 -0.258752
v -0.047757 -0.161665 -0.284415
v -0.024103 -0.216868 -0.348271
v 0.073145 -0.178796 -0.355973
v 0.039725 -0.202009 -0.408291
v 0.033294 -0.172517 -0.268369
v 0.060163 -0.176486 -0.422113
v 0.023512 -0.038508 -0.428117
v 0.067397 -0.077659 -0.430061
v 0.019763 -0.128112 -0.463829
v -0.061845 -0.052770 -0.411329
v -0.004073 -0.079890 -0.464879
v -0.038212 -0.194219 -0.422759
v -0.044996 -0.153531 -0.447368
v -0.070075 -0.102396 -0.436254
v -0.084354 -0.158819 -0.378061
v -0.080674 -0.092109 -0.370734
v -0.074339 -0.116080 -0.330795
v -0.000098 -0.008407 -0.284868
v 0.024682 -0.052712 -0.264304
v 0.004368 -0.007174 -0.289167
v -0.004654 -0.008736 -0.284792
v -0.022444 -0.065513 -0.272650
v -0.004013 -0.016255 -0.256671
v -0.028985 -0.026180 -0.279221
v -0.028243 -0.055705 -0.286141
v -0.000835 -0.060765 -0.271529
v -0.010129 -0.021822 -0.268283
v 0.024946 -0.061081 -0.279075
v 0.023478 -0.028931 -0.285238
v 0.016388 -0.019103 -0.281915
v -0.005699 -0.010217 -0.284666
v -0.007655 -0.010071 -0.285080
v -0.006812 -0.014163 -0.280592
v -0.009364 -0.010391 -0.284914
v 0.005074 -0.009823 -0.284916
v 0.009614 -0.014287 -0.280614
v 0.008943 -0.015365 -0.278698
v 0.021918 -0.026791 -0.285534
v 0.019257 -0.016051 -0.281565
v 0.019438 -0.023732 -0.283749
v 0.027130 -0.043915 -0.284367
v -0.006070 -0.006730 -0.274324
v 0.013305 -0.013262 -0.285677
v 0.017338 -0.024130 -0.315190
v -0.023895 -0.019392 -0.287872
v -0.017416 -0.020474 -0.315266
v -0.032291 -0.065329 -0.312723
v 0.031166 -0.065329 -0.312723
v 0.022954 -0.020768 -0.286511
v -0.026174 -0.062579 -0.287751
v -0.008113 -0.008216 -0.289076
v 0.013471 -0.020723 -0.279481
v 0.014076 -0.032167 -0.264559
v -0.000323 -0.016288 -0.280183
v 0.022828 -0.080936 -0.283262
v -0.021869 -0.082041 -0.281240
v 0.001614 -0.084854 -0.252517
v -0.025193 -0.072958 -0.273945
v -0.010297 -0.021042 -0.277846
v -0.021896 -0.062962 -0.261549
v -0.012468 -0.040136 -0.268531
v -0.009271 -0.018307 -0.285515
v -0.010416 -0.034814 -0.259254
v 0.013354 -0.035493 -0.257579
v 0.008588 -0.070256 -0.302495
v 0.028964 -0.062749 -0.288302
v 0.041246 -0.016057 -0.354821
v 0.037462 -0.014915 -0.356336
v 0.031837 -0.010344 -0.355337
v 0.029804 -0.013493 -0.357391
v 0.031761 -0.015244 -0.359069
v 0.025421 -0.012631 -0.354982
v -0.043154 -0.017762 -0.347114
v -0.046878 -0.019552 -0.347868
v -0.050021 -0.021578 -0.347694
v -0.048689 -0.025318 -0.351141
v 0.043069 -0.020647 -0.354338
v 0.045761 -0.025374 -0.352026
v 0.033092 -0.016179 -0.357001
v 0.033507 -0.015102 -0.357614
v 0.024432 -0.016351 -0.357325
v 0.025853 -0.018642 -0.351365
v 0.018238 -0.019164 -0.352362
v 0.043429 -0.023798 -0.352522
v 0.039906 -0.019776 -0.350378
v 0.040412 -0.019190 -0.348312
v 0.027029 -0.015533 -0.347403
v 0.031403 -0.014817 -0.346976
v 0.015998 -0.019672 -0.349076
v -0.032374 -0.016014 -0.346844
v -0.030673 -0.016264 -0.351916
v -0.024022 -0.018145 -0.348040
v -0.033362 -0.015712 -0.346507
v -0.043308 -0.018377 -0.347629
v -0.041378 -0.018381 -0.347589
v -0.038795 -0.016476 -0.355252
v -0.042879 -0.019937 -0.349927
v -0.039610 -0.015543 -0.355770
v -0.032335 -0.013973 -0.357040
v -0.020337 -0.019493 -0.348903
v -0.024288 -0.019086 -0.352948
v 0.037759 -0.038045 -0.363869
v 0.035847 -0.036407 -0.368119
v 0.046390 -0.036770 -0.348680
v 0.032513 -0.044261 -0.347095
v 0.019625 -0.038274 -0.358497
v 0.015184 -0.037206 -0.356975
v 0.027915 -0.031160 -0.337118
v 0.024489 -0.038262 -0.341231
v 0.042605 -0.037868 -0.346247
v -0.034164 -0.043265 -0.350831
v -0.028629 -0.022802 -0.363282
v -0.026791 -0.036631 -0.363939
v -0.045237 -0.036907 -0.359088
v -0.047287 -0.027346 -0.347748
v -0.040560 -0.036323 -0.340848
v -0.031512 -0.027303 -0.337207
v -0.021872 -0.036694 -0.346500
v -0.034770 -0.015020 -0.352106
v 0.031791 -0.015475 -0.351105
v -0.038279 -0.044556 -0.345630
v -0.025570 -0.029507 -0.361424
v -0.027461 -0.036603 -0.364157
v -0.044996 -0.037065 -0.359317
v -0.048639 -0.025874 -0.351865
v -0.040575 -0.036011 -0.340825
v -0.035859 -0.026730 -0.338029
v -0.022305 -0.036917 -0.345995
v 0.031225 -0.040451 -0.342080
v 0.041147 -0.031208 -0.366158
v 0.042470 -0.038093 -0.346212
v 0.024448 -0.038393 -0.341364
v 0.015617 -0.033531 -0.356303
v 0.036970 -0.038401 -0.363875
v 0.027579 -0.039319 -0.363841
v 0.019409 -0.037679 -0.359069
v 0.030280 -0.016790 -0.353019
v -0.034192 -0.015074 -0.353633
v 0.067566 -0.107986 -0.300007
v 0.081539 -0.126768 -0.331314
v 0.065193 -0.102768 -0.296624
v 0.063601 -0.099490 -0.295991
v 0.044739 -0.081296 -0.254094
v 0.079667 -0.109371 -0.353245
v 0.085169 -0.121667 -0.351241
v 0.011037 -0.053504 -0.228938
v 0.022424 -0.010883 -0.281288
v -0.006756 -0.000446 -0.283760
v -0.004913 0.000543 -0.284389
v -0.065443 -0.098407 -0.296715
v -0.081875 -0.127454 -0.329288
v -0.087086 -0.120491 -0.352597
v -0.082242 -0.111733 -0.353883
v -0.084611 -0.113007 -0.354582
v -0.078008 -0.093488 -0.348408
v -0.013559 -0.053204 -0.227291
v -0.023963 -0.010197 -0.281066
v 0.015956 -0.019003 -0.349274
v 0.026370 -0.018794 -0.356701
v 0.060935 -0.120949 -0.189424
v 0.061477 -0.121053 -0.190158
v 0.065329 -0.125352 -0.192950
v 0.064725 -0.109654 -0.297819
v 0.056014 -0.147570 -0.242758
v 0.030875 -0.178422 -0.240926
v -0.002775 -0.216417 -0.342744
v -0.006968 -0.186158 -0.260135
v -0.075689 -0.149671 -0.212192
v -0.055237 -0.170212 -0.228703
v 0.051462 -0.201758 -0.205965
v 0.071207 -0.180338 -0.210167
v 0.056609 -0.194154 -0.199531
v 0.050336 -0.197722 -0.197351
v 0.042655 -0.200407 -0.195002
v 0.051570 -0.197203 -0.197731
v 0.057446 -0.193532 -0.199549
v 0.062335 -0.189367 -0.200976
v 0.044162 -0.200134 -0.195455
v 0.052428 -0.196842 -0.197995
v 0.044933 -0.199994 -0.195686
v 0.058226 -0.193017 -0.199791
v 0.035782 -0.201650 -0.192940
v 0.065257 -0.185772 -0.202987
v 0.034728 -0.201658 -0.192630
v 0.025244 -0.201637 -0.189860
v 0.024073 -0.201514 -0.189540
v 0.011676 -0.200364 -0.186652
v 0.068930 -0.183867 -0.209391
v 0.068100 -0.183663 -0.205541
v 0.072600 -0.171299 -0.208570
v 0.072015 -0.175522 -0.209345
v 0.072601 -0.169966 -0.208243
v 0.072413 -0.161741 -0.205994
v 0.072264 -0.160596 -0.205533
v 0.071552 -0.151141 -0.203843
v 0.072603 -0.168383 -0.207855
v 0.072257 -0.174074 -0.209098
v 0.072604 -0.166749 -0.207455
v 0.071554 -0.150992 -0.203870
v 0.069305 -0.136421 -0.199624
v 0.011143 -0.200322 -0.186561
v -0.001818 -0.200546 -0.185453
v -0.070228 -0.185873 -0.208765
v -0.047650 -0.202784 -0.204808
v -0.073980 -0.178546 -0.208821
v -0.074818 -0.168945 -0.207273
v -0.074686 -0.172686 -0.208040
v -0.073965 -0.144973 -0.204830
v -0.067613 -0.123534 -0.193255
v -0.071598 -0.136135 -0.199217
v -0.073225 -0.147317 -0.202956
v -0.069320 -0.129977 -0.195403
v -0.066899 -0.124578 -0.191582
v -0.067597 -0.124477 -0.280662
v -0.061901 -0.186933 -0.347788
v -0.054919 -0.185468 -0.417934
v -0.073275 -0.072346 -0.417571
v -0.081882 -0.117015 -0.354107
v -0.082816 -0.136521 -0.361931
v -0.075801 -0.125698 -0.329419
v -0.054776 -0.088905 -0.262187
v -0.054635 -0.094225 -0.256066
v -0.014550 -0.056679 -0.224651
v -0.050314 -0.090549 -0.245392
v -0.005841 -0.063354 -0.203963
v -0.001205 -0.087094 -0.179270
v -0.005495 -0.089268 -0.178601
v -0.011980 -0.088934 -0.180164
v -0.013542 -0.091466 -0.179340
v -0.013637 -0.091622 -0.179263
v -0.018485 -0.093230 -0.179854
v -0.022087 -0.093779 -0.180539
v -0.005727 -0.078169 -0.184726
v -0.032806 -0.098836 -0.181375
v -0.033146 -0.099307 -0.181464
v -0.038610 -0.100834 -0.183427
v -0.045525 -0.104272 -0.185517
v -0.048602 -0.106155 -0.186324
v -0.043114 -0.103055 -0.184653
v -0.052313 -0.099242 -0.192717
v -0.054299 -0.112159 -0.187180
v -0.053586 -0.111496 -0.187061
v -0.050956 -0.108086 -0.186879
v -0.059714 -0.117300 -0.188260
v -0.059576 -0.117451 -0.188066
v -0.059774 -0.117511 -0.188185
v -0.062235 -0.120824 -0.188372
v -0.062551 -0.121094 -0.188584
v 0.064910 -0.125622 -0.192422
v 0.079431 -0.118622 -0.352681
v 0.062831 -0.082510 -0.279544
v 0.068654 -0.089196 -0.305303
v 0.070893 -0.060701 -0.344863
v 0.077970 -0.096332 -0.382221
v 0.043067 -0.034062 -0.422903
v -0.008350 -0.039278 -0.444168
v -0.022167 -0.017743 -0.420697
v -0.047349 -0.028385 -0.414464
v -0.078332 -0.085011 -0.360354
v -0.063006 -0.032920 -0.344167
v -0.061361 -0.054916 -0.270306
v -0.064297 -0.083494 -0.288418
v -0.031783 -0.060614 -0.240437
v -0.013164 -0.047652 -0.228948
v -0.034247 -0.015746 -0.333429
v -0.004337 0.011576 -0.317281
v -0.005672 0.007687 -0.311314
v 0.005823 0.006700 -0.320888
v 0.015004 0.006817 -0.318569
v 0.018612 0.000859 -0.305505
v -0.018206 -0.018466 -0.349482
v -0.033309 -0.014653 -0.345681
v -0.038830 -0.015561 -0.345508
v -0.049172 -0.023575 -0.351064
v -0.034963 -0.012641 -0.357561
v -0.047380 -0.017491 -0.355280
v -0.020659 -0.016227 -0.354825
v 0.001061 -0.005348 -0.362349
v -0.042645 -0.006898 -0.363390
v 0.027440 -0.025095 -0.421212
v 0.014511 -0.049983 -0.231851
v 0.052306 -0.036601 -0.266131
v 0.006355 -0.001883 -0.236427
v -0.019408 -0.005984 -0.245124
v 0.028102 -0.009694 -0.279436
v 0.025416 -0.008575 -0.280315
v 0.055539 -0.029489 -0.345926
v 0.049789 -0.030043 -0.349371
v 0.029056 -0.016284 -0.340304
v 0.012174 -0.017793 -0.357101
v 0.032077 -0.016040 -0.344800
v 0.015120 -0.018469 -0.348059
v 0.021348 -0.016716 -0.358519
v 0.034626 -0.014500 -0.358057
v 0.039378 -0.009247 -0.369807
v 0.040746 -0.019545 -0.348313
v 0.044558 -0.022452 -0.354374
v 0.044596 -0.022013 -0.355021
v 0.033507 -0.013942 -0.358713
v 0.073397 -0.107373 -0.299372
v 0.082115 -0.122933 -0.320116
v 0.092267 -0.124476 -0.350779
v 0.086272 -0.127175 -0.336080
v 0.082078 -0.113989 -0.353057
v 0.074500 -0.109710 -0.325439
v 0.086590 -0.120332 -0.311452
v 0.080244 -0.105441 -0.344484
v -0.003749 0.001516 -0.283259
v -0.001549 0.007716 -0.292212
v 0.025118 -0.008638 -0.281033
v 0.023755 -0.007656 -0.280428
v 0.008443 0.000044 -0.283443
v 0.001811 0.006257 -0.276637
v -0.011255 0.000954 -0.283385
v -0.025964 -0.006624 -0.281839
v -0.025235 -0.008010 -0.281245
v -0.028877 -0.015322 -0.356329
v -0.042222 -0.017442 -0.347019
v -0.020477 -0.019908 -0.350059
v -0.087099 -0.125448 -0.340805
v -0.086039 -0.116764 -0.353919
v -0.083147 -0.109159 -0.354179
v -0.075836 -0.113743 -0.310670
v -0.094103 -0.126802 -0.346980
v -0.091773 -0.111286 -0.353931
v -0.073315 -0.099328 -0.307183
v -0.083280 -0.116517 -0.313472
v 0.017661 -0.021317 -0.350323
v 0.019938 -0.021381 -0.350696
v 0.020863 -0.022007 -0.349693
v 0.020347 -0.021894 -0.352007
v 0.045273 -0.025207 -0.352198
v 0.036731 -0.016005 -0.356912
v 0.071678 -0.171352 -0.212058
v 0.069700 -0.137610 -0.200298
v 0.070890 -0.142276 -0.203516
v 0.067376 -0.114851 -0.220034
v 0.059038 -0.117623 -0.190147
v 0.056913 -0.111571 -0.192712
v 0.047300 -0.107447 -0.187392
v 0.058779 -0.118490 -0.189346
v 0.054023 -0.113322 -0.188537
v 0.048145 -0.108087 -0.187497
v 0.053479 -0.113130 -0.188282
v 0.058244 -0.119526 -0.188206
v 0.052842 -0.112577 -0.188186
v 0.052366 -0.112117 -0.188143
v 0.042720 -0.102819 -0.186768
v 0.046612 -0.106783 -0.187288
v 0.047940 -0.107861 -0.187477
v 0.042485 -0.102520 -0.186740
v 0.017527 -0.091979 -0.180896
v 0.040898 -0.101947 -0.185948
v 0.034050 -0.100662 -0.182460
v 0.038753 -0.091835 -0.190269
v 0.011829 -0.090819 -0.179548
v 0.006944 -0.086401 -0.180662
v 0.005472 -0.086445 -0.180361
v 0.003262 -0.086343 -0.179993
v 0.003273 -0.086111 -0.180098
v 0.013209 -0.087270 -0.181652
v 0.002104 -0.087301 -0.179447
v 0.013168 -0.076990 -0.188237
v 0.015209 -0.058570 -0.228103
v 0.018476 -0.071745 -0.213531
v 0.040344 -0.082505 -0.244441
v 0.065921 -0.124551 -0.194317
v 0.066693 -0.129222 -0.195227
v 0.066131 -0.128012 -0.194322
v 0.069596 -0.137301 -0.200123
v 0.065801 -0.126613 -0.193731
v 0.064446 -0.125920 -0.191840
v 0.076567 -0.128582 -0.331237
v 0.063405 -0.144371 -0.291971
v 0.079190 -0.123336 -0.347662
v -0.024895 -0.187093 -0.438813
v -0.074927 -0.103506 -0.423735
v -0.045740 -0.103832 -0.450865
v -0.012324 -0.068603 -0.454547
v 0.061786 -0.084601 -0.434334
v 0.049939 -0.127949 -0.448822
v 0.063808 -0.188654 -0.403422
v 0.080145 -0.127449 -0.396696
v -0.069003 -0.129266 -0.194902
v -0.068578 -0.128314 -0.194231
v -0.073477 -0.178545 -0.207704
v -0.074115 -0.176362 -0.208245
v -0.074681 -0.158248 -0.206300
v -0.073191 -0.147899 -0.202839
v -0.071528 -0.135938 -0.199104
v -0.072754 -0.178545 -0.206097
v -0.074985 -0.170208 -0.207711
v -0.074518 -0.159184 -0.205953
v -0.073211 -0.147549 -0.202909
v -0.071255 -0.135199 -0.198645
v -0.068068 -0.127174 -0.193428
v -0.067589 -0.126100 -0.192672
v -0.008772 -0.000910 -0.292374
v 0.015416 -0.012309 -0.287643
v -0.027854 -0.034258 -0.272722
v -0.030101 -0.030871 -0.287562
v -0.000140 -0.005526 -0.303817
v 0.021670 -0.014750 -0.281100
v 0.026926 -0.039769 -0.280354
v 0.025436 -0.054166 -0.292862
v 0.007184 -0.065611 -0.245236
v 0.008136 -0.074390 -0.255189
v -0.018774 -0.076040 -0.259186
v -0.013900 -0.080904 -0.285370
v -0.007410 -0.011924 -0.262917
v 0.015324 -0.013385 -0.265044
v -0.008552 -0.001368 -0.282470
v 0.001030 -0.060223 -0.257389
v -0.025695 -0.024875 -0.266559
vn 0.2013 -0.9794 -0.0134
vn 0.2882 -0.9183 0.2714
vn 0.7080 -0.6188 0.3404
vn -0.0461 -0.9859 0.1606
vn 0.2657 -0.9069 -0.3269
vn 0.4905 -0.8288 0.2692
vn 0.6693 -0.6996 0.2504
vn 0.9922 0.0894 0.0874
vn 0.8314 -0.5011 0.2401
vn 0.7688 -0.3644 0.5256
vn 0.1548 -0.8128 0.5617
vn 0.3859 -0.9164 -0.1065
vn 0.1254 -0.8974 -0.4231
vn 0.1551 -0.9815 -0.1126
vn 0.1333 -0.8611 -0.4906
vn 0.4021 -0.6215 -0.6724
vn 0.7053 0.3391 -0.6226
vn 0.3219 -0.5595 -0.7638
vn 0.8303 -0.5047 -0.2366
vn -0.4327 -0.7221 -0.5398
vn 0.0105 -0.9916 -0.1291
vn -0.4284 -0.9013 -0.0634
vn -0.1729 -0.9587 0.2259
vn -0.7274 -0.6609 0.1846
vn -0.4890 -0.8124 0.3177
vn -0.9508 -0.1664 0.2614
vn -0.8941 -0.4043 0.1926
vn -0.9897 0.0509 0.1336
vn -0.4841 0.4744 0.7352
vn -0.3100 -0.9488 0.0598
vn -0.6915 -0.6846 0.2306
vn -0.0400 -0.7778 0.6272
vn -0.3299 -0.8715 -0.3629
vn -0.6554 -0.6681 -0.3522
vn -0.0287 -0.9976 -0.0631
vn -0.1305 -0.8940 -0.4287
vn -0.3358 -0.5279 -0.7801
vn -0.3714 0.4971 -0.7842
vn -0.4958 0.6521 -0.5736
vn 0.0391 0.3578 -0.9330
vn -0.7812 -0.1233 -0.6120
vn 0.1606 0.6744 -0.7207
vn -0.3321 -0.9396 -0.0831
vn 0.5695 0.0090 -0.8219
vn -0.9644 -0.0591 -0.2578
vn -0.6815 0.3682 -0.6325
vn -0.6504 0.7367 0.1851
vn -0.3183 0.9437 -0.0897
vn 0.9397 0.3060 -0.1525
vn 0.3039 0.7255 -0.6175
vn 0.1977 0.8452 -0.4965
vn 0.0900 0.9938 -0.0651
vn 0.1819 0.9812 -0.0642
vn 0.3501 0.8092 -0.4718
vn 0.6038 0.7911 -0.0977
vn -0.0360 0.9809 -0.1909
vn 0.3276 0.9444 -0.0258
vn 0.9391 0.3343 0.0793
vn 0.7770 0.6264 0.0622
vn -0.2657 0.9295 0.2560
vn 0.9589 0.2834 0.0111
vn 0.7738 0.6310 0.0553
vn 0.8600 0.4055 -0.3098
vn 0.7420 0.6704 -0.0054
vn 0.4797 0.8009 -0.3584
vn 0.3257 0.9452 0.0218
vn 0.0802 0.9915 -0.1021
vn 0.9132 -0.0686 -0.4018
vn -0.0549 0.3842 -0.9216
vn 0.4570 -0.7714 -0.4429
vn 0.9624 0.1638 -0.2168
vn 0.7461 0.6640 -0.0489
vn 0.9300 0.2837 0.2337
vn 0.9941 -0.0988 0.0439
vn -0.4760 0.2813 0.8332
vn -0.5427 0.7892 -0.2875
vn 0.2883 0.9355 0.2044
vn -0.1253 0.9921 0.0011
vn -0.2748 0.9605 0.0446
vn 0.6790 0.7197 0.1451
vn 0.8455 0.4912 0.2093
vn 0.9795 -0.0690 0.1893
vn 0.9912 0.0852 0.1014
vn 0.8874 -0.4399 0.1378
vn 0.7208 0.6819 0.1244
vn 0.9651 0.2289 0.1272
vn 0.9844 -0.0058 0.1757
vn 0.7110 0.6774 0.1887
vn -0.2490 0.9620 0.1120
vn 0.6128 0.7818 0.1151
vn 0.7948 0.5808 0.1761
vn 0.9130 0.3848 0.1356
vn 0.2793 -0.1890 0.9414
vn 0.5139 0.8578 -0.0056
vn -0.6390 0.7690 0.0186
vn 0.1197 0.9928 0.0061
vn -0.9938 -0.0326 0.1063
vn -0.9959 0.0759 0.0484
vn -0.9779 -0.1889 0.0898
vn -0.2800 -0.2382 0.9300
vn -0.1247 -0.0993 0.9872
vn -0.6858 -0.7208 0.1009
vn -0.6862 -0.7103 0.1568
vn -0.4535 -0.3447 0.8219
vn 0.6176 -0.7601 0.2021
vn -0.3642 -0.9182 0.1558
vn 0.7606 -0.6452 0.0722
vn 0.1563 -0.9873 -0.0296
vn -0.9470 0.3208 -0.0167
vn -0.8680 -0.4961 -0.0227
vn -0.9739 0.2247 0.0305
vn -0.5432 0.8187 0.1863
vn 0.2684 0.9427 0.1983
vn 0.2576 0.9340 0.2477
vn -0.7708 0.6234 -0.1315
vn -0.8114 0.5842 0.0154
vn -0.4505 0.8879 -0.0934
vn -0.4996 0.8365 0.2252
vn -0.9947 -0.0014 -0.1025
vn -0.9984 0.0145 -0.0549
vn -0.9143 -0.3994 -0.0675
vn -0.3962 -0.9017 -0.1729
vn -0.0014 -0.9921 0.1255
vn -0.3197 -0.9025 0.2885
vn 0.1943 -0.8389 0.5085
vn 0.5329 -0.7770 0.3351
vn -0.3767 -0.9147 0.1467
vn 0.3514 -0.9216 0.1648
vn 0.6076 -0.7745 0.1762
vn -0.3141 -0.9427 0.1124
vn -0.8784 -0.4772 -0.0263
vn 0.2788 -0.9518 0.1281
vn -0.1904 -0.9816 -0.0110
vn 0.6220 -0.7826 -0.0244
vn -0.7260 -0.6674 -0.1660
vn -0.8682 -0.4954 0.0273
vn -0.8829 0.4220 0.2059
vn -0.0706 0.9843 0.1618
vn -0.9518 -0.2604 0.1621
vn 0.1280 0.9885 0.0801
vn 0.2053 0.9777 -0.0439
vn -0.9239 0.3407 0.1744
vn -0.6223 0.7605 0.1852
vn -0.9574 -0.2459 0.1515
vn -0.9974 0.0719 0.0030
vn -0.6208 0.7667 0.1636
vn -0.8287 0.5444 0.1298
vn 0.2944 0.9440 0.1490
vn 0.2851 0.9371 0.2012
vn -0.1236 0.9910 0.0518
vn 0.1958 0.9764 0.0916
vn 0.8006 0.5875 0.1178
vn 0.8817 0.4718 0.0086
vn 0.9698 0.2151 0.1146
vn -0.2776 0.9514 0.1336
vn -0.8530 0.4995 0.1512
vn 0.7650 0.6430 0.0370
vn -0.9947 0.0046 0.1027
vn -0.0872 0.9961 -0.0129
vn 0.0311 0.0967 0.9948
vn -0.0922 0.1229 0.9881
vn 0.8487 0.5206 0.0933
vn 0.1604 0.1178 0.9800
vn 0.9403 -0.3186 0.1195
vn 0.5200 -0.8428 0.1388
vn 0.5042 -0.8014 0.3217
vn -0.7389 -0.6496 0.1791
vn 0.1889 -0.9701 0.1525
vn -0.5583 -0.8208 0.1203
vn -0.8629 -0.5053 0.0114
vn -0.3309 -0.9432 -0.0301
vn -0.9078 -0.4045 0.1109
vn -0.6325 -0.7696 0.0877
vn -0.8297 -0.5304 0.1741
vn -0.4841 -0.6780 0.5532
vn -0.2546 -0.9471 0.1955
vn 0.0973 -0.9687 0.2284
vn -0.0148 -0.9918 0.1270
vn 0.0545 -0.9985 -0.0091
vn 0.7269 -0.6749 -0.1269
vn 0.7348 -0.6778 0.0237
vn 0.7893 -0.6126 -0.0419
vn 0.9863 -0.1520 -0.0639
vn 0.2300 -0.9557 0.1838
vn -0.0954 -0.9900 0.1035
vn 0.2134 -0.9532 -0.2141
vn 0.8772 -0.4664 -0.1138
vn 0.9882 0.0840 -0.1282
vn 0.5707 0.8182 -0.0693
vn 0.8251 0.5534 -0.1141
vn 0.8498 0.5259 0.0365
vn 0.5365 0.8432 -0.0347
vn 0.9958 -0.0706 -0.0587
vn 0.9960 -0.0852 0.0251
vn 0.9981 -0.0453 0.0429
vn 0.6295 -0.7765 -0.0255
vn 0.9730 -0.2173 0.0780
vn 0.0869 0.0596 0.9944
vn 0.5496 0.2791 0.7874
vn 0.3889 0.4777 0.7877
vn 0.4380 0.5157 0.7363
vn 0.4360 0.5166 0.7369
vn -0.3985 0.1551 0.9039
vn 0.3925 0.5524 0.7354
vn 0.4583 0.4432 0.7704
vn -0.1021 0.8438 0.5269
vn 0.4367 0.5163 0.7367
vn 0.6736 0.2957 0.6774
vn 0.0150 0.2930 0.9560
vn -0.1413 0.7798 -0.6099
vn 0.0811 0.0585 0.9950
vn 0.6712 -0.7057 0.2272
vn 0.9894 0.1390 0.0408
vn 0.1050 0.1273 0.9863
vn -0.2879 -0.8876 -0.3597
vn -0.3962 -0.0503 -0.9168
vn 0.9673 0.2207 0.1247
vn 0.0109 0.1336 0.9910
vn 0.8481 0.3803 -0.3689
vn -0.1357 -0.8083 -0.5730
vn 0.6299 0.3800 -0.6774
vn 0.5410 0.5188 -0.6619
vn -0.3902 0.1782 -0.9033
vn -0.5218 0.2546 -0.8142
vn 0.9619 0.2253 0.1548
vn 0.5937 0.5454 0.5917
vn -0.0865 0.2262 0.9702
vn -0.3109 0.8704 -0.3819
vn -0.3813 0.2304 -0.8953
vn -0.9443 -0.0670 -0.3221
vn -0.1288 0.0660 0.9895
vn -0.7888 -0.4328 0.4365
vn -0.9049 -0.2248 -0.3613
vn -0.3769 -0.9252 -0.0441
vn -0.7901 0.5155 -0.3315
vn -0.0626 0.1612 0.9849
vn 0.8168 -0.5276 -0.2335
vn 0.8751 0.2303 -0.4255
vn -0.2265 0.4183 -0.8796
vn -0.5943 -0.3687 -0.7147
vn 0.1857 -0.4894 0.8521
vn -0.9904 0.0602 0.1243
vn 0.3183 -0.6120 0.7239
vn -0.9299 0.2217 0.2934
vn 0.0353 -0.9504 -0.3090
vn 0.3346 -0.3114 -0.8894
vn -0.9641 0.2637 -0.0307
vn -0.5868 -0.6994 -0.4081
vn -0.8780 0.4666 -0.1065
vn -0.5105 0.3970 -0.7627
vn -0.8199 0.5724 0.0141
vn -0.9113 0.3536 -0.2111
vn 0.0671 0.3383 0.9387
vn 0.7462 0.2336 -0.6234
vn -0.1468 0.4705 -0.8701
vn 0.1474 0.0682 0.9867
vn 0.9614 -0.2749 0.0078
vn -0.0102 -0.2662 0.9639
vn 0.5383 0.1706 -0.8253
vn 0.8127 0.2939 -0.5032
vn -0.1459 0.3560 -0.9230
vn 0.8514 -0.5243 0.0146
vn 0.1737 -0.9104 -0.3755
vn -0.0058 0.0694 0.9976
vn -0.0756 -0.3417 0.9368
vn -0.7158 -0.1135 -0.6890
vn 0.1493 0.1983 -0.9687
vn 0.5543 -0.4041 -0.7276
vn 0.9279 -0.3318 -0.1699
vn 0.5300 0.5554 -0.6407
vn 0.4165 -0.6893 0.5928
vn -0.4172 0.8718 -0.2566
vn -0.0698 0.9456 -0.3179
vn -0.7849 0.5474 0.2903
vn -0.6853 0.0627 0.7256
vn -0.8919 0.2373 0.3850
vn -0.6925 0.7212 0.0189
vn -0.6967 0.7172 0.0171
vn -0.6769 0.5280 0.5128
vn -0.7214 0.2342 0.6517
vn 0.7758 0.1753 -0.6061
vn 0.1209 -0.7181 0.6853
vn -0.5804 -0.1641 0.7976
vn -0.5907 -0.4256 0.6855
vn 0.8364 -0.5344 -0.1222
vn 0.1675 -0.9432 0.2870
vn -0.6014 -0.5338 0.5944
vn 0.7232 -0.5614 -0.4022
vn -0.6514 0.5143 0.5578
vn -0.2670 0.9083 0.3221
vn 0.2267 0.9680 0.1075
vn 0.3038 0.9527 0.0010
vn 0.5750 0.7722 -0.2705
vn 0.7573 0.3919 -0.5224
vn 0.8776 -0.1782 -0.4451
vn 0.8348 0.4202 -0.3559
vn 0.6855 0.6953 -0.2159
vn 0.7130 0.2184 -0.6663
vn 0.7342 -0.4344 -0.5217
vn 0.4261 -0.8807 -0.2068
vn -0.7564 -0.4316 0.4916
vn -0.1483 -0.9663 0.2102
vn -0.7430 -0.4223 0.5193
vn -0.3558 0.7180 -0.5982
vn -0.9106 -0.4133 0.0022
vn -0.8437 0.0955 -0.5283
vn 0.2427 -0.5391 0.8065
vn 0.8720 -0.0762 0.4836
vn 0.5143 -0.5972 0.6155
vn -0.4997 -0.7352 0.4580
vn 0.1089 -0.8833 0.4559
vn -0.7632 -0.6458 -0.0213
vn 0.8077 -0.2469 0.5354
vn 0.7359 -0.5507 0.3938
vn 0.2624 -0.9196 0.2923
vn -0.3229 -0.9371 -0.1324
vn -0.5554 -0.7708 -0.3120
vn -0.8692 -0.2351 -0.4350
vn -0.8133 -0.0496 -0.5797
vn -0.6843 0.6275 -0.3714
vn -0.8320 0.5454 -0.1014
vn -0.4981 0.8588 0.1202
vn -0.1973 0.9319 0.3044
vn -0.6714 0.6907 -0.2686
vn 0.6805 0.4913 0.5437
vn 0.0438 0.9857 0.1625
vn 0.8235 0.2232 0.5215
vn 0.6722 0.6039 0.4283
vn 0.7084 0.6493 0.2768
vn 0.5804 0.8053 -0.1211
vn 0.7474 0.5796 0.3248
vn -0.1717 0.7672 -0.6180
vn -0.6712 0.4777 -0.5668
vn -0.7047 -0.5582 -0.4379
vn -0.0775 -0.9944 0.0717
vn 0.3406 0.8779 0.3367
vn -0.2773 0.9596 -0.0485
vn -0.9046 0.2290 -0.3596
vn -0.3291 0.9442 0.0155
vn -0.7938 0.6081 0.0117
vn -0.2285 0.9542 -0.1932
vn -0.6485 0.7587 0.0627
vn -0.1858 0.8306 -0.5250
vn -0.2844 0.6152 -0.7353
vn -0.2617 0.7059 -0.6582
vn -0.2123 0.6928 -0.6892
vn -0.3122 0.8410 -0.4419
vn -0.5496 0.8267 -0.1205
vn -0.9287 0.3353 0.1585
vn -0.9528 0.2993 0.0519
vn -0.7912 0.6115 0.0109
vn -0.9571 0.2897 0.0117
vn 0.2955 0.6077 0.7371
vn -0.4604 0.8675 -0.1884
vn 0.2125 -0.9713 -0.1067
vn 0.2367 -0.9263 0.2931
vn -0.8695 0.4898 0.0643
vn -0.7223 -0.0894 0.6857
vn -0.8182 0.5700 0.0758
vn -0.3460 0.8245 -0.4478
vn 0.3569 0.6874 -0.6325
vn 0.3823 0.5573 -0.7371
vn 0.1384 0.9783 -0.1544
vn 0.1522 -0.8691 -0.4707
vn 0.9080 0.0133 -0.4187
vn -0.8986 0.4385 -0.0135
vn 0.5511 0.0456 -0.8332
vn -0.0022 0.3005 -0.9538
vn -0.8266 0.1753 0.5348
vn -0.8524 0.5013 -0.1486
vn 0.6374 -0.2744 -0.7200
vn 0.6486 -0.6964 -0.3070
vn -0.4883 0.0778 0.8692
vn 0.4208 -0.8577 -0.2954
vn -0.6257 -0.0455 0.7787
vn -0.3429 0.1093 0.9330
vn 0.2282 0.7246 0.6502
vn -0.2374 0.1787 0.9548
vn 0.4897 -0.1348 0.8614
vn 0.5815 -0.1478 0.8000
vn 0.5321 0.6553 0.5361
vn 0.0415 0.6696 0.7416
vn -0.4682 0.2306 0.8530
vn -0.5678 0.2274 0.7911
vn -0.6619 0.6685 0.3391
vn -0.6380 0.6118 0.4677
vn -0.0167 -0.0123 0.9998
vn -0.5025 0.3716 0.7806
vn -0.5306 0.3575 0.7685
vn -0.6057 0.3414 0.7187
vn -0.3974 0.5354 0.7453
vn -0.0128 0.3023 0.9531
vn -0.6664 -0.1347 0.7333
vn -0.5155 0.5424 0.6634
vn 0.9770 0.2022 0.0670
vn -0.5101 -0.2361 0.8271
vn -0.5119 0.4031 0.7586
vn 0.1235 0.9650 0.2314
vn -0.5627 0.1812 0.8066
vn -0.0645 0.9716 0.2278
vn 0.7258 -0.5232 -0.4466
vn 0.7675 -0.3922 -0.5071
vn 0.5257 -0.7742 -0.3524
vn 0.7944 -0.2931 -0.5320
vn 0.7806 -0.0565 -0.6225
vn 0.7894 -0.6094 -0.0743
vn 0.7780 -0.2686 -0.5679
vn 0.5539 0.3965 -0.7322
vn 0.4744 0.3414 -0.8114
vn 0.4521 0.0776 -0.8886
vn 0.1865 0.2952 -0.9370
vn 0.7709 -0.1041 0.6284
vn 0.7475 0.4233 0.5119
vn -0.5474 -0.8123 0.2015
vn 0.8449 0.5233 0.1108
vn 0.0362 0.1964 -0.9799
vn -0.4720 0.5471 -0.6913
vn -0.5966 -0.6815 -0.4238
vn -0.8811 -0.1838 -0.4357
vn -0.6154 0.1057 -0.7811
vn -0.7350 -0.6698 0.1053
vn 0.9469 0.3206 0.0226
vn -0.4153 0.3370 -0.8450
vn 0.8246 0.3165 -0.4689
vn 0.8035 0.4326 0.4089
vn 0.8903 0.4484 0.0800
vn 0.3029 -0.3562 0.8839
vn -0.2871 0.1966 -0.9375
vn -0.5912 0.3658 -0.7188
vn 0.6464 0.5699 -0.5073
vn -0.5045 0.4176 -0.7557
vn 0.4861 0.3391 0.8055
vn -0.7250 -0.2926 -0.6235
vn -0.5801 -0.0488 -0.8131
vn 0.6679 0.7208 0.1851
vn -0.6630 0.0935 -0.7427
vn 0.4284 -0.3045 0.8507
vn -0.3343 -0.9358 -0.1115
vn 0.4690 -0.6033 0.6451
vn -0.6303 -0.6255 -0.4599
vn -0.9130 0.0752 -0.4009
vn -0.7036 -0.6645 -0.2518
vn -0.7885 -0.3412 -0.5118
vn -0.5507 0.2204 -0.8051
vn -0.6614 -0.5492 -0.5109
vn -0.8364 -0.4732 -0.2765
vn -0.0413 -0.8246 0.5642
vn -0.5737 0.4486 -0.6853
vn -0.8591 0.4453 -0.2522
vn -0.8682 0.0088 -0.4962
vn -0.5348 -0.7965 0.2821
vn -0.5390 0.4183 0.7311
vn -0.8920 -0.0249 -0.4513
vn -0.2499 -0.8753 0.4140
vn -0.8788 0.2317 -0.4172
vn -0.7265 -0.3353 -0.5998
vn -0.2150 -0.9281 -0.3039
vn 0.4834 0.2199 0.8473
vn 0.4732 0.4833 0.7366
vn 0.4656 0.4710 0.7493
vn 0.5520 0.2956 0.7797
vn 0.5569 0.3810 0.7380
vn 0.3118 0.2740 0.9098
vn 0.5949 0.6921 0.4088
vn -0.4296 0.1846 0.8839
vn -0.7488 -0.3323 0.5734
vn 0.3613 0.0402 0.9316
vn 0.5538 0.0224 0.8323
vn -0.7676 0.6404 -0.0268
vn -0.9985 -0.0284 0.0473
vn -0.7478 0.6633 0.0280
vn 0.9329 -0.2477 0.2616
vn 0.7889 -0.4110 0.4569
vn 0.9326 -0.0947 0.3482
vn 0.2413 -0.9241 0.2962
vn 0.2249 -0.9181 0.3263
vn 0.2257 -0.9246 0.3069
vn 0.9984 -0.0520 -0.0238
vn 0.9981 -0.0610 -0.0043
vn 0.9776 0.1315 -0.1644
vn 0.7901 0.6104 0.0560
vn 0.7446 0.6593 -0.1045
vn 0.6402 0.7563 -0.1347
vn 0.5809 0.8043 -0.1253
vn 0.4326 0.8408 -0.3254
vn 0.2582 0.9374 -0.2335
vn 0.1715 0.9098 -0.3781
vn 0.2710 -0.9516 0.1448
vn 0.9613 0.1921 0.1977
vn 0.6751 -0.7137 0.1868
vn 0.7074 -0.5806 0.4032
vn -0.3339 -0.6775 0.6553
vn -0.3221 -0.8717 0.3692
vn -0.7925 -0.6099 0.0073
vn -0.9145 -0.1624 0.3705
vn 0.8243 -0.5452 0.1527
vn -0.1411 -0.9830 0.1176
vn 0.2255 -0.8770 -0.4242
vn 0.9003 0.2173 -0.3771
vn 0.3650 0.8330 -0.4158
vn 0.8057 -0.2715 -0.5264
vn 0.1440 -0.2737 -0.9510
vn -0.0847 0.3994 -0.9129
vn -0.5804 0.6230 -0.5244
vn -0.2767 -0.7773 -0.5650
vn -0.5502 -0.3052 -0.7773
vn -0.7315 0.0599 -0.6792
vn -0.9789 0.2039 -0.0131
vn -0.9100 -0.4141 0.0216
vn -0.5068 0.5943 0.6245
vn -0.9630 0.1484 0.2249
vn 0.0643 0.6890 0.7219
vn -0.9010 0.2857 0.3265
vn 0.5294 -0.2848 -0.7991
vn 0.0956 -0.3217 -0.9420
vn 0.1599 0.0534 -0.9857
vn 0.9794 0.1018 0.1746
vn 0.4470 -0.3577 -0.8199
vn -0.5732 -0.4869 -0.6591
vn -0.4660 -0.1703 -0.8682
vn 0.9792 0.0922 -0.1810
vn 0.0635 0.0548 -0.9965
vn 0.2897 -0.6369 -0.7145
vn -0.6027 0.7526 -0.2653
vn -0.1512 0.8085 -0.5688
vn 0.4798 -0.3828 -0.7894
vn 0.0617 0.6398 -0.7661
vn 0.2986 -0.3029 -0.9050
vn -0.3016 -0.5857 -0.7523
vn -0.3233 -0.8306 -0.4534
vn -0.1298 0.2325 -0.9639
vn 0.7193 0.5309 0.4479
vn 0.0636 0.0548 -0.9965
vn -0.1295 0.2325 -0.9639
vn -0.7988 -0.5948 -0.0905
vn -0.2512 -0.5258 -0.8127
vn 0.0676 0.9481 -0.3108
vn 0.7844 0.5651 -0.2556
vn -0.5432 0.7614 -0.3538
vn -0.9000 0.4161 0.1299
vn 0.1173 -0.1451 0.9824
vn -0.9018 -0.4247 -0.0802
vn -0.1113 -0.3396 0.9340
vn -0.0190 -0.5426 0.8398
vn 0.8046 -0.5793 -0.1308
vn 0.9157 -0.0645 0.3966
vn 0.2727 0.0612 0.9602
vn -0.1483 0.8181 0.5556
vn -0.2598 0.7921 0.5523
vn 0.7289 0.2906 -0.6199
vn -0.1402 0.0661 -0.9879
vn -0.7358 0.4845 0.4732
vn 0.6272 -0.3016 -0.7181
vn 0.3888 -0.7512 0.5334
vn -0.3428 -0.5362 -0.7713
vn -0.9694 0.1924 -0.1521
vn -0.6100 0.0838 0.7880
vn -0.3923 0.9142 -0.1017
vn -0.5107 0.8558 -0.0824
vn -0.0045 0.9029 0.4298
vn 0.3789 0.5570 -0.7390
vn 0.1494 0.6421 -0.7519
vn 0.4483 0.5372 -0.7144
vn 0.1826 0.5297 -0.8283
vn -0.2523 0.5888 -0.7679
vn -0.3013 0.5807 -0.7563
vn -0.4556 0.6550 -0.6028
vn -0.1546 0.6392 -0.7533
vn -0.2693 0.5991 -0.7541
vn -0.2278 0.5337 -0.8144
vn 0.2353 0.7079 0.6660
vn 0.1625 0.5067 0.8466
vn 0.0157 0.5003 0.8657
vn 0.1265 0.7418 0.6586
vn -0.0231 0.5010 0.8651
vn -0.0683 0.9020 0.4263
vn 0.0860 0.9291 0.3596
vn -0.1079 0.9365 0.3337
vn 0.5741 0.7400 -0.3505
vn 0.2355 0.7080 0.6658
vn 0.1068 0.9494 -0.2954
vn 0.0861 0.9291 0.3597
vn -0.0713 0.7949 -0.6026
vn 0.0862 0.9291 0.3596
vn -0.0809 0.9919 0.0982
vn 0.2602 0.9655 0.0098
vn 0.0279 0.9975 -0.0654
vn -0.1036 0.9769 -0.1868
vn -0.0083 0.5580 -0.8298
vn -0.2190 0.9729 0.0738
vn -0.1238 0.7778 -0.6163
vn 0.0175 0.6051 -0.7960
vn -0.0110 0.9780 0.2085
vn 0.0287 0.6085 0.7931
vn 0.0129 0.8906 0.4546
vn -0.2585 0.3221 0.9108
vn -0.0099 0.9825 0.1858
vn 0.4370 -0.8631 -0.2532
vn 0.0587 -0.9002 -0.4314
vn 0.4438 -0.7542 0.4840
vn 0.3415 -0.8993 -0.2734
vn -0.5445 -0.7785 0.3123
vn -0.1630 -0.9155 -0.3679
vn 0.3424 -0.4435 0.8283
vn -0.5641 -0.6164 0.5494
vn 0.3533 -0.4852 0.7998
vn 0.8485 0.0880 0.5218
vn 0.3441 -0.6355 -0.6912
vn -0.4054 -0.6664 0.6257
vn -0.5611 -0.3142 -0.7658
vn -0.8721 -0.0681 -0.4846
vn -0.4716 -0.5258 0.7079
vn 0.5337 -0.5665 0.6278
vn 0.9728 -0.2209 0.0694
vn -0.1079 0.9816 0.1575
vn 0.0286 0.9868 -0.1597
vn -0.8638 0.3642 -0.3480
vn -0.3662 -0.0166 -0.9304
vn -0.2220 -0.3129 0.9235
vn -0.3992 -0.4816 -0.7802
vn -0.8532 -0.4152 0.3157
vn -0.7277 -0.1830 0.6610
vn 0.7444 0.0577 0.6652
vn 0.8618 -0.2935 0.4138
vn 0.0761 -0.9410 -0.3299
vn -1.0000 -0.0002 0.0001
vn -0.3006 -0.9449 -0.1298
vn 0.8944 0.0001 -0.4473
vn -0.3089 0.1362 -0.9413
vn 0.3824 -0.7463 0.5448
vn 0.4929 -0.8607 -0.1274
vn 0.2516 -0.9222 -0.2936
vn -0.3900 0.3305 -0.8595
vn -0.6101 -0.6223 -0.4904
vn 0.0628 0.9228 0.3801
vn 0.8309 0.2606 0.4917
vn 0.1311 0.9896 -0.0600
vn 0.8206 -0.4716 0.3229
vn 0.8604 0.0503 0.5071
vn -0.0333 -0.6884 0.7246
vn 0.3836 -0.4423 0.8107
vn 0.6350 0.0034 0.7725
vn 0.4030 -0.0868 0.9111
vn 0.9009 0.0738 0.4278
vn -0.4435 -0.8256 -0.3488
vn 0.2119 0.4978 -0.8410
vn 0.5932 0.1208 0.7959
vn -0.0796 0.6645 0.7431
vn -0.1555 -0.2802 0.9473
vn 0.3800 -0.8925 -0.2431
vn 0.3462 0.8285 0.4401
vn 0.2184 0.5822 -0.7832
vn 0.1787 -0.5858 -0.7905
vn 0.1913 -0.8878 -0.4187
vn -0.4408 -0.0126 0.8975
vn -0.3949 -0.6038 0.6925
vn 0.0763 -0.7594 -0.6462
vn 0.2391 -0.8185 -0.5224
vn -0.3000 0.6913 -0.6573
vn 0.2743 0.0287 -0.9612
vn -0.4330 0.2299 0.8716
vn -0.6665 0.3561 0.6550
vn -0.0546 -0.8063 -0.5890
vn 0.2616 -0.3143 0.9126
vn -0.1832 0.7144 -0.6753
vn 0.8012 0.1674 0.5744
vn -0.1826 0.8915 -0.4145
vn 0.5302 0.7282 0.4342
vn 0.6311 0.3682 0.6827
vn 0.4561 0.7433 0.4893
vn 0.2813 0.4909 0.8246
vn 0.6298 0.5811 -0.5155
vn 0.6638 0.6607 0.3505
vn 0.0048 0.4669 -0.8843
vn 0.7685 0.3253 0.5509
vn 0.7585 0.4767 0.4443
vn 0.6688 0.2926 0.6834
vn 0.9603 0.2710 -0.0668
vn 0.7482 -0.6270 0.2171
vn 0.9649 0.2309 0.1250
vn 0.7002 -0.7133 -0.0295
vn -0.1376 -0.9647 0.2244
vn 0.2500 -0.7477 -0.6152
vn 0.1673 -0.9813 0.0952
vn -0.7302 -0.6469 0.2199
vn -0.4884 -0.7648 -0.4202
vn -0.9552 -0.2827 0.0872
vn -0.9674 0.0148 -0.2530
vn -0.1983 -0.7718 -0.6042
vn 0.0711 -0.9649 -0.2528
vn 0.5697 -0.5247 -0.6326
vn 0.6324 -0.1006 -0.7681
vn -0.3103 -0.9239 -0.2238
vn 0.4797 -0.7777 0.4063
vn 0.5539 -0.7316 0.3974
vn 0.3279 -0.8730 0.3611
vn 0.2363 -0.5919 -0.7706
vn 0.6110 -0.7459 0.2651
vn 0.7220 -0.6659 0.1876
vn -0.2337 -0.1517 -0.9604
vn -0.2929 -0.0030 -0.9561
vn -0.2818 -0.0325 -0.9589
vn -0.4926 0.7156 0.4953
vn -0.2813 -0.0267 -0.9592
vn 0.6248 0.0036 0.7808
vn 0.0961 -0.9878 0.1223
vn -0.2216 0.3044 -0.9264
vn 0.8467 -0.3162 0.4280
vn -0.0927 -0.9853 -0.1432
vn -0.0681 0.7044 -0.7065
vn 0.6572 -0.0555 0.7517
vn 0.8760 -0.2514 0.4116
vn 0.8895 -0.1997 0.4109
vn -0.9276 0.0298 -0.3725
vn 0.9937 0.0832 -0.0745
vn -0.9951 -0.0132 -0.0983
vn 0.8933 -0.1078 0.4363
vn 0.9715 -0.0537 -0.2310
vn 0.9822 0.0522 -0.1802
vn 0.9960 0.0800 -0.0394
vn 0.9356 0.0615 0.3476
vn -0.1167 -0.9900 0.0791
vn -0.1110 -0.9679 -0.2256
vn -0.0258 -0.8774 -0.4791
vn -0.7107 -0.1271 -0.6919
vn -0.8583 -0.2987 0.4172
vn -0.9927 -0.0136 0.1194
vn -0.8689 0.4869 -0.0893
vn -0.9762 0.1824 0.1175
vn -0.5186 -0.3166 0.7942
vn -0.9434 -0.0283 0.3304
vn -0.7394 -0.0961 0.6664
vn 0.4762 0.7509 -0.4576
vn -0.7931 0.5827 0.1771
vn -0.8146 0.5751 0.0754
vn -0.9702 -0.2241 -0.0918
vn -0.7286 -0.6177 -0.2960
vn -0.8133 -0.0870 -0.5754
vn -0.9913 0.1233 -0.0468
vn -0.9958 0.0588 -0.0698
vn -0.9371 -0.2534 0.2400
vn -0.9320 0.2450 0.2670
vn -0.8386 0.0404 0.5433
vn -0.6027 0.7147 0.3550
vn -0.3926 0.7166 0.5765
vn 0.3881 0.7303 0.5622
vn 0.7379 0.6736 -0.0413
vn -0.1696 0.4816 0.8598
vn -0.2334 0.4855 0.8425
vn 0.1908 -0.4082 -0.8927
vn 0.1853 -0.2696 -0.9450
vn -0.2492 0.4866 0.8373
vn -0.2850 0.5100 0.8116
vn -0.3938 0.6011 0.6954
vn -0.1337 -0.0908 0.9868
vn 0.4620 -0.7623 -0.4532
vn -0.4563 0.4768 0.7513
vn 0.5411 -0.6403 -0.5452
vn -0.5041 0.4082 0.7611
vn -0.5302 0.4005 0.7473
vn 0.4362 -0.3088 -0.8452
vn 0.4302 -0.2896 -0.8550
vn -0.6537 0.4275 0.6245
vn 0.2629 -0.1808 -0.9477
vn 0.5588 -0.4103 -0.7207
vn -0.5178 0.5408 -0.6629
vn -0.7129 0.4574 0.5315
vn 0.7522 0.1177 0.6483
vn 0.9893 -0.0869 -0.1174
vn 0.6639 0.6118 0.4301
vn -0.7306 -0.4746 0.4908
vn -0.0219 -0.8400 -0.5422
vn 0.5457 -0.7430 0.3875
vn 0.7038 0.6999 0.1216
vn 0.9347 0.3544 -0.0280
vn 0.8310 0.4549 0.3201
vn 0.9930 0.0003 -0.1185
vn 0.6096 0.1934 -0.7688
vn 0.3113 0.8786 -0.3621
vn -0.4041 0.3567 -0.8423
vn -0.5358 0.6377 -0.5534
vn -0.0749 0.9216 -0.3808
vn -0.5181 0.8398 -0.1621
vn -0.9501 0.3117 0.0142
vn -0.9637 0.1030 0.2463
vn -0.8449 0.5289 0.0803
vn -0.8658 0.3081 0.3942
vn -0.6982 0.5950 0.3981
vn -0.7652 0.0569 0.6413
vn -0.4672 0.8275 -0.3114
vn -0.3539 0.8846 -0.3038
vn -0.4889 0.8684 -0.0823
vn -0.3801 0.9012 0.2082
vn 0.4827 0.8617 -0.1565
vn -0.0102 -0.9958 0.0905
vn 0.4828 0.8616 -0.1564
vn -0.3250 0.9396 0.1069
vn 0.6345 0.7714 -0.0493
vn 0.2365 0.9609 -0.1438
vn -0.0389 0.9922 -0.1187
vn -0.4612 0.8311 -0.3109
vn -0.4486 0.5419 0.7107
vn -0.8736 0.4159 0.2525
vn -0.0424 0.6346 0.7717
vn -0.1637 0.5484 0.8200
vn 0.4684 0.8458 -0.2554
vn 0.7519 0.6591 0.0144
vn 0.4006 0.5830 0.7069
vn 0.2515 0.9584 0.1353
vn 0.6339 0.7371 0.2342
vn 0.4700 0.8441 -0.2581
vn 0.2790 0.9156 -0.2897
vn 0.4740 0.8539 0.2148
vn 0.6944 0.7123 0.1016
vn 0.3306 0.8547 -0.4003
vn 0.2704 0.9159 0.2966
vn 0.1440 0.9760 0.1634
vn -0.1303 0.9167 0.3776
vn -0.0172 0.4774 0.8785
vn -0.1986 0.9398 0.2780
vn 0.1401 0.7551 0.6405
vn 0.7842 0.5880 -0.1981
vn 0.5890 0.4440 0.6753
vn 0.7046 0.5924 0.3906
vn 0.1337 0.8834 0.4492
vn 0.6805 0.7312 -0.0474
vn -0.3124 -0.8775 0.3638
vn 0.8682 0.4461 0.2172
vn 0.2205 -0.9740 0.0521
vn 0.9614 0.2683 -0.0608
vn 0.0005 -0.1607 -0.9870
vn 0.8280 0.5492 0.1127
vn 0.8691 0.4707 0.1521
vn 0.0147 0.6993 0.7147
vn 0.4721 0.8276 -0.3037
vn -0.5414 0.8392 0.0516
vn -0.1226 0.9560 0.2664
vn -0.3642 0.2107 0.9072
vn -0.0632 0.5808 -0.8116
vn -0.1484 -0.9580 0.2453
vn -0.9702 -0.2126 0.1161
vn -0.8957 0.4368 0.0835
vn -0.0069 -0.2541 -0.9672
vn -0.0132 0.3055 -0.9521
vn -0.9181 0.0862 0.3870
vn -0.8051 0.5210 0.2835
vn 0.3239 0.8791 -0.3497
vn 0.2106 0.9776 0.0009
vn 0.2550 0.9247 -0.2826
vn -0.0350 0.3994 0.9161
vn 0.9803 0.1768 0.0885
vn 0.6960 -0.7149 0.0672
vn 0.9124 0.3549 0.2040
vn 0.6199 0.7193 0.3136
vn 0.7458 0.5873 0.3143
vn 0.6394 0.4838 0.5976
vn 0.5686 0.4590 0.6827
vn 0.5950 0.4626 0.6573
vn 0.5928 0.5050 0.6273
vn 0.6466 0.7302 -0.2207
vn 0.5310 0.3943 0.7500
vn 0.5541 0.4324 0.7113
vn 0.4489 0.5139 0.7310
vn 0.0679 -0.0225 0.9974
vn -0.4611 -0.6392 -0.6155
vn -0.5495 -0.7946 -0.2579
vn 0.4369 0.3186 0.8412
vn 0.5361 0.4338 0.7242
vn 0.3487 0.3964 0.8493
vn 0.3107 0.4018 0.8614
vn 0.4809 0.4058 0.7772
vn 0.3096 0.5018 0.8077
vn 0.1913 0.3240 0.9265
vn -0.0687 0.1292 0.9892
vn 0.1827 0.3042 0.9349
vn -0.1814 -0.2884 -0.9402
vn -0.0853 -0.4188 -0.9041
vn -0.0182 0.6840 0.7292
vn 0.3353 0.8001 0.4974
vn 0.6210 0.7479 0.2345
vn 0.7580 0.6324 0.1596
vn 0.8002 -0.0651 0.5962
vn -0.8262 0.0404 -0.5619
vn 0.7122 0.1993 0.6731
vn 0.8361 -0.0342 0.5474
vn -0.8138 0.0524 -0.5788
vn 0.9198 -0.2174 0.3268
vn 0.9589 -0.2724 0.0795
vn 0.6563 -0.7278 -0.1990
vn 0.9538 -0.0977 -0.2840
vn -0.0624 -0.5719 -0.8179
vn 0.3772 -0.2065 -0.9028
vn -0.4049 -0.0780 -0.9110
vn -0.0206 0.1204 -0.9925
vn 0.6803 0.2526 -0.6881
vn -0.7215 -0.1315 0.6798
vn -0.7074 -0.1728 0.6854
vn -0.9146 -0.1597 0.3716
vn -0.8686 -0.3043 0.3910
vn -0.8998 -0.1625 0.4049
vn -0.9742 0.0280 0.2238
vn -0.9645 0.0468 0.2601
vn -0.8610 -0.0435 0.5067
vn -0.9345 -0.1953 0.2977
vn -0.9214 -0.0069 0.3886
vn -0.8698 -0.0439 0.4914
vn -0.4166 -0.2341 0.8784
vn -0.7622 -0.1033 0.6391
vn -0.7259 -0.1399 0.6735
vn 0.3773 -0.7545 -0.5370
vn 0.8369 0.0821 0.5412
vn 0.0602 0.0344 0.9976
vn -0.6608 -0.0789 0.7464
vn -0.6075 -0.7897 0.0853
vn -0.5683 0.3879 0.7257
vn 0.2081 0.5672 0.7969
vn -0.4420 0.7552 -0.4840
vn -0.5001 -0.8041 -0.3215
vn 0.8079 0.3668 -0.4613
vn 0.1374 -0.3694 -0.9190
vn -0.6469 -0.3857 -0.6578
vn -0.1588 -0.1764 -0.9714
vn 0.6099 -0.2246 -0.7600
vn -0.0161 -0.9215 0.3882
vn -0.4377 0.5223 -0.7318
vn 0.3036 -0.8944 -0.3284
vn 0.5277 0.1737 0.8315
vn 0.0763 0.9315 0.3557
vn 0.0993 0.9306 0.3522
vn -0.3975 -0.8375 0.3749
vn 0.8113 0.5433 -0.2160
vn 0.7561 0.6124 -0.2307
vn 0.7621 0.6009 -0.2411
vn 0.4458 0.1830 -0.8763
vn 0.4657 0.1860 -0.8652
vn -0.9806 0.1963 -0.0021
vn -0.9950 0.0623 0.0785
vn -0.9878 0.1482 0.0487
vn -0.6527 0.7442 0.1420
vn -0.7725 0.6244 -0.1161
vn -0.7740 0.6175 -0.1398
vn -0.5265 0.6422 -0.5571
vn -0.3267 -0.9408 0.0903
vn -0.6470 0.7542 -0.1124
vn -0.3069 -0.8348 0.4571
vn -0.6112 0.7897 -0.0529
vn -0.1391 -0.6698 0.7294
vn -0.7777 0.6233 0.0815
vn -0.3176 -0.8818 -0.3486
vn 0.0206 0.8095 0.5868
vn 0.8186 0.5128 0.2588
vn 0.7418 0.6303 0.2291
vn 0.9187 0.3763 0.1199
vn 0.9241 0.3637 0.1171
vn 0.8896 0.4451 0.1025
vn 0.9474 0.3082 0.0857
vn 0.9150 0.3880 0.1104
vn 0.9607 0.2762 -0.0267
vn 0.9423 0.3324 0.0406
vn 0.9607 0.2632 -0.0883
vn 0.9570 0.2902 -0.0030
vn 0.9633 0.2120 -0.1648
vn 0.9675 -0.1857 0.1716
vn 0.8983 0.4057 -0.1688
vn 0.6382 0.7253 0.2581
vn 0.8578 0.4484 -0.2510
vn 0.8984 0.3954 -0.1912
vn 0.6721 -0.1002 -0.7336
vn 0.5739 -0.0864 -0.8144
vn -0.9630 -0.2639 0.0551
vn -0.9471 -0.3144 0.0646
vn 0.8256 0.4755 -0.3037
vn 0.3810 0.8986 -0.2176
vn 0.5305 -0.0610 -0.8455
vn 0.8881 0.2018 -0.4129
vn 0.6902 -0.0954 -0.7173
vn -0.0849 -0.0447 -0.9954
vn -0.1098 0.0039 -0.9939
vn 0.1282 0.1071 -0.9860
vn 0.0301 -0.0939 -0.9951
vn 0.2624 -0.1307 -0.9561
vn 0.2253 -0.1273 -0.9659
vn 0.2287 -0.1154 -0.9666
vn -0.0565 -0.2209 -0.9737
vn -0.2936 -0.0088 -0.9559
vn -0.3035 0.0032 -0.9528
vn -0.4006 0.3551 -0.8447
vn -0.5301 0.3254 -0.7830
vn 0.4480 -0.3392 -0.8272
vn 0.2199 -0.0298 -0.9751
vn 0.3455 -0.1263 -0.9299
vn -0.5652 0.6937 -0.4464
vn -0.6685 0.7311 -0.1367
vn -0.4658 -0.8489 0.2499
vn 0.1862 -0.9820 0.0315
vn 0.9716 -0.2320 -0.0462
vn 0.9428 -0.3147 -0.1102
vn -0.9590 0.2611 0.1106
vn -0.7250 0.5185 -0.4535
vn -0.9232 0.3739 -0.0886
vn -0.9593 0.2793 -0.0425
vn -0.0158 0.6124 0.7904
vn -0.0087 0.6257 0.7800
vn -0.8170 0.1308 0.5616
vn -0.6719 -0.5673 0.4762
vn -0.6443 -0.6534 0.3975
vn -0.6929 -0.6213 0.3659
vn -0.6047 -0.6576 0.4493
vn -0.4131 -0.7595 0.5025
vn -0.4757 -0.7608 0.4415
vn -0.4480 -0.7748 0.4460
vn -0.4242 -0.7852 0.4511
vn -0.4221 -0.7858 0.4521
vn -0.4241 -0.7851 0.4513
vn -0.4218 -0.7859 0.4522
vn -0.2196 -0.7832 0.5818
vn 0.0721 -0.4486 0.8908
vn 0.1915 0.5335 0.8238
vn -0.9971 0.0360 -0.0671
vn -0.9986 0.0200 -0.0482
vn 0.9760 0.0417 0.2139
vn 0.9549 0.0503 0.2926
vn 0.9535 0.0274 0.3003
vn 0.9196 0.3601 0.1571
vn 0.9548 0.0257 0.2960
vn 0.9755 -0.2196 0.0098
vn 0.9654 0.2508 -0.0713
vn 0.6783 -0.3340 -0.6545
vn 0.9670 -0.1243 0.2222
vn 0.9855 -0.1216 0.1184
vn 0.9687 -0.2123 0.1283
vn 0.9668 -0.1710 0.1897
vn 0.9625 0.2623 -0.0692
vn 0.9630 0.2500 -0.1009
vn 0.9389 0.2207 -0.2640
vn 0.9624 0.2203 -0.1592
vn 0.9648 0.1927 -0.1790
vn 0.9445 0.3240 -0.0552
vn 0.9434 -0.3101 0.1180
vn 0.7014 -0.6817 0.2080
vn 0.7153 -0.6867 0.1296
vn 0.7333 -0.6783 -0.0463
vn 0.7971 -0.1650 -0.5808
vn -0.3931 -0.8103 0.4346
vn -0.3639 -0.8162 0.4487
vn 0.0060 0.9387 0.3447
vn 0.0279 0.9348 0.3541
vn 0.7354 -0.5867 0.3391
vn 0.3053 -0.5059 -0.8068
vn 0.1619 -0.3319 -0.9293
vn -0.1673 -0.2094 -0.9634
vn -0.1991 -0.2059 -0.9581
vn -0.2352 -0.2091 -0.9492
vn -0.0869 -0.2249 -0.9705
vn -0.0283 -0.1959 -0.9802
vn -0.0112 -0.1873 -0.9822
vn -0.0951 -0.2289 -0.9688
vn -0.5291 0.0848 -0.8443
vn -0.2418 -0.2088 -0.9476
vn -0.2661 -0.2136 -0.9400
vn -0.2780 -0.4588 -0.8439
vn -0.6348 -0.0872 -0.7677
vn -0.6420 -0.0884 -0.7616
vn -0.7207 -0.2926 -0.6285
vn -0.6483 -0.0699 -0.7582
vn -0.7799 -0.2200 -0.5859
vn -0.6651 0.3096 0.6795
vn -0.6526 0.3170 0.6882
vn -0.6136 0.0744 -0.7861
vn -0.5632 0.2256 -0.7949
vn -0.8833 0.2781 -0.3774
vn -0.9448 0.2102 -0.2512
vn -0.9427 0.2182 -0.2522
vn -0.9339 0.2499 -0.2558
vn -0.8711 0.0290 0.4903
vn -0.9805 -0.1435 0.1343
vn -0.9901 0.1165 -0.0782
vn -0.9894 0.1321 -0.0604
vn -0.9510 0.1844 -0.2481
vn 0.6322 -0.5326 -0.5628
vn -0.8865 -0.1758 0.4280
vn -0.8838 -0.3051 0.3547
vn -0.7213 -0.5859 0.3694
vn -0.7025 -0.6062 0.3728
vn -0.3792 -0.6468 0.6617
vn -0.4765 -0.7750 0.4151
vn -0.5376 -0.7566 0.3722
vn -0.5466 -0.7314 0.4078
vn -0.5086 -0.7730 0.3793
vn -0.4578 -0.8252 0.3309
vn -0.5609 -0.7399 0.3714
vn -0.8013 -0.5669 0.1910
vn 0.9266 -0.0179 0.3756
vn 0.9344 0.0332 0.3548
vn 0.9396 -0.0196 0.3416
vn -0.4999 -0.7852 0.3653
vn -0.1732 -0.8567 0.4858
vn -0.4900 -0.7943 0.3592
vn 0.0769 -0.5674 -0.8199
vn 0.0063 -0.9604 -0.2785
vn -0.2189 -0.8658 0.4499
vn -0.2147 -0.8443 0.4909
vn -0.2221 -0.8626 0.4544
vn 0.2025 -0.7195 0.6643
vn 0.1860 -0.6635 0.7247
vn 0.2013 -0.6730 0.7117
vn 0.1932 -0.6491 0.7358
vn -0.1924 -0.8792 0.4358
vn 0.0800 -0.8959 0.4371
vn 0.1856 -0.8639 0.4683
vn 0.1743 -0.8699 0.4613
vn 0.2652 -0.7111 0.6512
vn 0.2713 -0.7198 0.6390
vn 0.4289 -0.7120 0.5559
vn 0.5382 -0.7291 0.4228
vn 0.5621 -0.7184 0.4097
vn 0.8266 -0.4068 0.3889
vn 0.9123 -0.2098 0.3518
vn 0.9341 -0.3547 0.0404
vn 0.7743 0.5365 -0.3357
vn 0.7666 0.5545 -0.3238
vn 0.7639 0.5450 -0.3456
vn 0.9627 -0.2686 0.0338
vn 0.9374 -0.3359 0.0924
vn 0.9732 0.0230 -0.2289
vn -0.7995 -0.3962 -0.4514
vn -0.9415 -0.0988 0.3223
vn 0.8838 -0.3138 -0.3470
vn -0.6786 0.6281 -0.3808
vn -0.6432 0.7650 -0.0324
vn -0.5816 0.6344 -0.5093
vn 0.9102 -0.0000 -0.4141
vn 0.9102 -0.0309 -0.4129
vn -0.3417 -0.3347 -0.8782
vn 0.1877 -0.7602 -0.6220
vn 0.2064 0.2125 -0.9551
vn 0.2208 0.1956 -0.9555
vn -0.9832 -0.0469 -0.1763
vn 0.4547 -0.6756 -0.5803
vn -0.4319 -0.7167 -0.5475
vn 0.3434 -0.3443 -0.8738
vn -0.4527 -0.6448 -0.6159
vn -0.5200 -0.5358 -0.6652
vn -0.0976 0.1813 -0.9786
vn -0.8115 0.4513 -0.3712
vn -0.7239 -0.4151 -0.5510
vn -0.6429 -0.0886 -0.7608
vn -0.9711 -0.2210 -0.0904
vn -0.9724 -0.2123 0.0964
vn -0.9475 -0.2965 0.1199
vn 0.9400 0.0409 0.3388
vn 0.9533 0.0021 0.3019
vn -0.5750 -0.7894 -0.2149
vn -0.4846 -0.8736 -0.0441
vn -0.5005 -0.7903 0.3534
vn -0.4493 -0.8930 0.0262
vn -0.1790 -0.8886 0.4223
vn -0.4497 -0.8908 -0.0652
vn -0.1957 -0.9746 0.1091
vn -0.1154 -0.9918 0.0546
vn -0.2765 -0.9469 0.1641
vn 0.0572 -0.9862 0.1556
vn -0.7476 0.0400 -0.6629
vn -0.8804 0.1010 -0.4633
vn -0.0742 -0.9969 0.0267
vn 0.2398 -0.8481 0.4725
vn 0.2541 -0.8481 0.4649
vn -0.4763 -0.7773 -0.4109
vn 0.1708 -0.9713 0.1653
vn 0.2051 -0.9312 0.3014
vn 0.3196 -0.8830 0.3439
vn 0.3313 -0.8663 0.3738
vn 0.3310 -0.8820 0.3354
vn 0.3569 -0.8717 0.3358
vn 0.3456 -0.8719 0.3468
vn 0.3655 -0.8657 0.3421
vn 0.3689 -0.8699 0.3273
vn 0.5152 -0.5110 0.6881
vn -0.9163 -0.3233 -0.2363
vn 0.4797 -0.8177 0.3182
vn 0.4589 -0.8751 0.1538
vn 0.4997 -0.7953 0.3431
vn 0.6360 -0.7458 0.1982
vn 0.2756 0.7334 0.6214
vn 0.4971 -0.7989 0.3387
vn 0.5521 -0.7936 0.2557
vn 0.8709 -0.3991 0.2868
vn 0.6061 -0.7502 -0.2642
vn 0.6404 -0.7396 -0.2070
vn 0.6419 -0.7488 -0.1654
vn 0.7105 -0.6738 -0.2029
vn 0.4257 -0.8229 -0.3764
vn 0.4260 -0.6108 0.6674
vn 0.3672 -0.9251 0.0971
vn 0.5951 0.1566 -0.7882
vn 0.4909 -0.0462 -0.8700
vn 0.6111 0.0536 -0.7897
vn -0.0947 -0.9674 -0.2349
vn -0.0951 -0.9675 -0.2341
vn -0.0942 -0.9672 -0.2361
vn -0.2011 -0.9385 -0.2807
vn -0.2739 -0.9064 -0.3215
vn -0.3888 -0.8022 -0.4531
vn -0.3880 -0.8020 -0.4541
vn -0.3856 -0.8015 -0.4571
vn -0.3847 -0.8013 -0.4583
vn -0.4378 -0.7353 -0.5173
vn -0.3523 -0.8226 -0.4463
vn -0.9596 -0.2800 -0.0286
vn -0.2698 -0.9225 -0.2762
vn -0.4586 -0.7880 -0.4108
vn -0.1167 -0.9767 -0.1801
vn -0.0773 -0.9884 -0.1308
vn -0.0211 -0.9907 -0.1344
vn 0.3817 -0.5840 -0.7164
vn 0.2900 -0.8455 0.4483
vn 0.2973 -0.8369 0.4595
vn 0.2685 -0.9387 0.2162
vn 0.2836 -0.9344 0.2154
vn 0.3503 -0.9311 0.1014
vn 0.3414 -0.6411 0.6873
vn 0.2006 -0.9101 -0.3625
vn -0.0952 -0.9676 -0.2339
vn -0.1338 -0.9636 -0.2313
vt 0.928840 0.588930
vt 0.919252 0.643898
vt 0.896289 0.589025
vt 0.917031 0.719770
vt 0.952192 0.659035
vt 0.952410 0.705280
vt 0.877208 0.730771
vt 0.853122 0.625283
vt 0.872360 0.589217
vt 0.842638 0.591319
vt 0.859880 0.588930
vt 0.831218 0.707363
vt 0.827290 0.652840
vt 0.817986 0.686878
vt 0.832678 0.747476
vt 0.824710 0.729650
vt 0.834540 0.754112
vt 0.854946 0.778818
vt 0.835019 0.777674
vt 0.835190 0.761950
vt 0.896071 0.768166
vt 0.903720 0.839451
vt 0.830793 0.803956
vt 0.842006 0.857777
vt 0.830740 0.834490
vt 0.823899 0.857465
vt 0.897433 0.882038
vt 0.882900 0.896321
vt 0.904483 0.897427
vt 0.887580 0.898430
vt 0.912298 0.894677
vt 0.936240 0.884710
vt 0.922270 0.887450
vt 0.952699 0.814218
vt 0.942484 0.880323
vt 0.953275 0.808862
vt 0.925802 0.788872
vt 0.953166 0.727165
vt 0.714460 0.588930
vt 0.674781 0.710510
vt 0.699943 0.589167
vt 0.736016 0.604836
vt 0.644787 0.716347
vt 0.645220 0.667610
vt 0.734612 0.673425
vt 0.763535 0.593698
vt 0.745429 0.588951
vt 0.762831 0.598693
vt 0.764054 0.678714
vt 0.764310 0.631320
vt 0.781436 0.672876
vt 0.786440 0.695090
vt 0.713007 0.738138
vt 0.768617 0.731697
vt 0.731416 0.739200
vt 0.762400 0.761800
vt 0.765077 0.747174
vt 0.760850 0.815747
vt 0.761967 0.769806
vt 0.765450 0.825410
vt 0.764548 0.805155
vt 0.684584 0.782395
vt 0.645220 0.760250
vt 0.691559 0.826547
vt 0.645220 0.822240
vt 0.661966 0.883096
vt 0.645220 0.834710
vt 0.709559 0.878353
vt 0.675450 0.887520
vt 0.689000 0.892600
vt 0.740958 0.885063
vt 0.720480 0.894870
vt 0.766746 0.831526
vt 0.770030 0.873070
vt 0.774706 0.855678
vt 0.348535 0.053039
vt 0.407228 0.048250
vt 0.428452 0.048786
vt 0.355397 0.048786
vt 0.368522 0.048786
vt 0.305287 0.048786
vt 0.315822 0.048786
vt 0.318400 0.012740
vt 0.351186 0.027395
vt 0.317167 0.045102
vt 0.330990 0.012740
vt 0.343920 0.012740
vt 0.349919 0.016423
vt 0.371590 0.012740
vt 0.371590 0.045570
vt 0.357760 0.045570
vt 0.408304 0.027559
vt 0.422030 0.045570
vt 0.430570 0.045570
vt 0.441056 0.016755
vt 0.442300 0.030110
vt 0.420105 0.011490
vt 0.520050 0.908830
vt 0.510820 0.912990
vt 0.508860 0.899660
vt 0.534526 0.863374
vt 0.495385 0.869724
vt 0.472590 0.856250
vt 0.460880 0.853830
vt 0.467667 0.811918
vt 0.446360 0.829100
vt 0.460364 0.855465
vt 0.446429 0.788164
vt 0.483058 0.758340
vt 0.500388 0.783812
vt 0.551595 0.783607
vt 0.586423 0.877757
vt 0.579120 0.886800
vt 0.574119 0.810667
vt 0.574810 0.793510
vt 0.574820 0.804320
vt 0.578792 0.766831
vt 0.598594 0.702017
vt 0.516959 0.728985
vt 0.600380 0.744340
vt 0.583910 0.760980
vt 0.621020 0.727650
vt 0.625090 0.735390
vt 0.602620 0.670260
vt 0.609860 0.694250
vt 0.599740 0.657610
vt 0.572445 0.624497
vt 0.541469 0.604068
vt 0.587096 0.599537
vt 0.546617 0.591422
vt 0.574450 0.588930
vt 0.525755 0.658008
vt 0.511450 0.588930
vt 0.523810 0.588930
vt 0.479969 0.622654
vt 0.479336 0.589078
vt 0.450156 0.587946
vt 0.463510 0.588930
vt 0.446667 0.648807
vt 0.446360 0.672160
vt 0.446625 0.711656
vt 0.387655 0.097740
vt 0.397200 0.097740
vt 0.403795 0.103375
vt 0.325260 0.097511
vt 0.344565 0.097740
vt 0.435990 0.089110
vt 0.410664 0.073553
vt 0.450350 0.073670
vt 0.435990 0.056280
vt 0.423390 0.056280
vt 0.407663 0.088977
vt 0.387655 0.089110
vt 0.391182 0.067090
vt 0.396790 0.056280
vt 0.385557 0.056128
vt 0.376651 0.089038
vt 0.354570 0.089110
vt 0.345764 0.068015
vt 0.373396 0.055171
vt 0.344570 0.089110
vt 0.335775 0.089110
vt 0.329072 0.056031
vt 0.344570 0.056280
vt 0.318734 0.088383
vt 0.312110 0.065370
vt 0.343371 0.388915
vt 0.350630 0.303891
vt 0.365620 0.332630
vt 0.370980 0.385231
vt 0.337120 0.404000
vt 0.294214 0.415842
vt 0.328504 0.416540
vt 0.287471 0.516501
vt 0.321414 0.447609
vt 0.317832 0.476164
vt 0.311360 0.510020
vt 0.251636 0.367431
vt 0.285311 0.378352
vt 0.305464 0.263367
vt 0.318152 0.261470
vt 0.341234 0.267842
vt 0.325036 0.226399
vt 0.303262 0.201473
vt 0.319064 0.202106
vt 0.321890 0.215260
vt 0.270536 0.186863
vt 0.319149 0.148376
vt 0.292073 0.127723
vt 0.292038 0.087405
vt 0.302040 0.105690
vt 0.275296 0.124521
vt 0.238707 0.110504
vt 0.243112 0.062674
vt 0.272660 0.066976
vt 0.287519 0.067742
vt 0.273866 0.042625
vt 0.279790 0.017370
vt 0.281040 0.026290
vt 0.242436 0.032490
vt 0.251645 0.008583
vt 0.235991 0.008134
vt 0.221057 0.052442
vt 0.225850 0.008560
vt 0.231410 0.008560
vt 0.218936 0.008448
vt 0.193490 0.020571
vt 0.191796 0.047893
vt 0.208950 0.008560
vt 0.214690 0.008560
vt 0.194111 0.008758
vt 0.166208 0.033567
vt 0.176350 0.008560
vt 0.165258 0.008584
vt 0.149796 0.008267
vt 0.163530 0.008560
vt 0.148115 0.008587
vt 0.135308 0.027427
vt 0.120359 0.008569
vt 0.113720 0.015000
vt 0.112980 0.022420
vt 0.156903 0.042742
vt 0.093979 0.131157
vt 0.093410 0.080740
vt 0.080153 0.118355
vt 0.118743 0.156900
vt 0.197618 0.105672
vt 0.150007 0.143419
vt 0.191431 0.219889
vt 0.221516 0.267696
vt 0.248302 0.231211
vt 0.279906 0.292265
vt 0.218235 0.533920
vt 0.225413 0.356100
vt 0.243217 0.517066
vt 0.271896 0.553943
vt 0.238280 0.554000
vt 0.225739 0.552495
vt 0.200040 0.554000
vt 0.181695 0.525334
vt 0.195439 0.404628
vt 0.135215 0.513800
vt 0.182033 0.553572
vt 0.174133 0.553795
vt 0.147920 0.554000
vt 0.114240 0.554000
vt 0.095457 0.504790
vt 0.102960 0.554000
vt 0.050691 0.474273
vt 0.091660 0.554000
vt 0.045720 0.554000
vt 0.044000 0.542000
vt 0.034270 0.462040
vt 0.034080 0.450850
vt 0.033592 0.408480
vt 0.091664 0.438718
vt 0.032839 0.427456
vt 0.028640 0.412700
vt 0.072895 0.400007
vt 0.071739 0.313598
vt 0.027050 0.357300
vt 0.036070 0.336450
vt 0.042480 0.318520
vt 0.097717 0.409279
vt 0.142184 0.410524
vt 0.097334 0.267525
vt 0.122304 0.238867
vt 0.083580 0.232381
vt 0.061010 0.268790
vt 0.072610 0.216730
vt 0.070720 0.225900
vt 0.150048 0.234400
vt 0.160817 0.267415
vt 0.075920 0.170540
vt 0.406014 0.387156
vt 0.405430 0.395080
vt 0.393480 0.383160
vt 0.424850 0.423349
vt 0.387790 0.354970
vt 0.399240 0.312790
vt 0.418850 0.458200
vt 0.437303 0.493629
vt 0.423390 0.507000
vt 0.420910 0.478250
vt 0.491663 0.472764
vt 0.431524 0.226939
vt 0.453024 0.186568
vt 0.467948 0.298293
vt 0.436410 0.211790
vt 0.441150 0.191940
vt 0.442616 0.170272
vt 0.446380 0.136310
vt 0.490692 0.173789
vt 0.473446 0.124397
vt 0.452630 0.113170
vt 0.504959 0.205488
vt 0.493487 0.319578
vt 0.477373 0.394875
vt 0.440561 0.541665
vt 0.527406 0.244996
vt 0.547399 0.194034
vt 0.556379 0.263249
vt 0.517123 0.051781
vt 0.489217 0.046170
vt 0.456582 0.107154
vt 0.534307 0.058162
vt 0.469881 0.042415
vt 0.479250 0.025980
vt 0.517667 0.029322
vt 0.487949 0.007812
vt 0.501870 0.007810
vt 0.507090 0.007810
vt 0.526833 0.007802
vt 0.545808 0.017340
vt 0.536134 0.007825
vt 0.545660 0.007810
vt 0.566639 0.007420
vt 0.571445 0.031986
vt 0.590511 0.007831
vt 0.598500 0.034885
vt 0.595594 0.007843
vt 0.604560 0.007810
vt 0.614339 0.016053
vt 0.622620 0.007810
vt 0.629010 0.007810
vt 0.649970 0.024830
vt 0.649990 0.033450
vt 0.605769 0.076207
vt 0.655512 0.057131
vt 0.642530 0.098217
vt 0.664662 0.133161
vt 0.681283 0.139199
vt 0.681260 0.172020
vt 0.631214 0.161553
vt 0.671656 0.229677
vt 0.683120 0.206190
vt 0.687370 0.226840
vt 0.677389 0.288423
vt 0.698540 0.271540
vt 0.718096 0.393834
vt 0.717850 0.324690
vt 0.731760 0.363430
vt 0.714880 0.417640
vt 0.695642 0.417553
vt 0.665507 0.412223
vt 0.711840 0.422260
vt 0.709500 0.427120
vt 0.670077 0.457455
vt 0.705450 0.441990
vt 0.659661 0.357783
vt 0.636445 0.266937
vt 0.604386 0.222698
vt 0.601070 0.285078
vt 0.628905 0.486036
vt 0.558566 0.422848
vt 0.630506 0.425843
vt 0.694161 0.470931
vt 0.702400 0.469590
vt 0.703410 0.458790
vt 0.699020 0.494640
vt 0.656084 0.515975
vt 0.690032 0.533249
vt 0.684970 0.554750
vt 0.661760 0.554750
vt 0.640080 0.554750
vt 0.618190 0.554750
vt 0.601569 0.535743
vt 0.596280 0.554750
vt 0.585350 0.554750
vt 0.555629 0.529677
vt 0.558740 0.554750
vt 0.546600 0.554750
vt 0.498502 0.523595
vt 0.533990 0.554750
vt 0.517887 0.482384
vt 0.514736 0.554708
vt 0.495960 0.554750
vt 0.487721 0.554516
vt 0.445190 0.554750
vt 0.437540 0.554750
vt 0.524917 0.315483
vt 0.501644 0.365623
vt 0.582202 0.180731
vt 0.555192 0.330406
vt 0.570784 0.082488
vt 0.604135 0.148895
vt 0.568444 0.047931
vt 0.207347 0.008558
vt 0.204560 0.011030
vt 0.210340 0.011050
vt 0.208900 0.011040
vt 0.213260 0.008560
vt 0.158732 0.010883
vt 0.161950 0.008560
vt 0.624220 0.007810
vt 0.624330 0.010000
vt 0.627410 0.007810
vt 0.541320 0.007810
vt 0.541310 0.010270
vt 0.544210 0.007810
vt 0.892070 0.021650
vt 0.891910 0.020510
vt 0.889900 0.021690
vt 0.920470 0.021310
vt 0.920350 0.020510
vt 0.916440 0.020510
vt 0.881527 0.021284
vt 0.883580 0.021790
vt 0.883480 0.020510
vt 0.838810 0.020510
vt 0.838770 0.022020
vt 0.840740 0.020510
vt 0.277910 0.008560
vt 0.279510 0.008560
vt 0.274770 0.010960
vt 0.090299 0.584588
vt 0.079180 0.584340
vt 0.142500 0.584880
vt 0.793400 0.021780
vt 0.836830 0.022020
vt 0.832950 0.022020
vt 0.843264 0.022012
vt 0.844560 0.022010
vt 0.913720 0.021430
vt 0.848410 0.022000
vt 0.887750 0.021720
vt 0.879560 0.021850
vt 0.506940 0.010320
vt 0.544210 0.010260
vt 0.538420 0.010280
vt 0.500020 0.010310
vt 0.493420 0.007810
vt 0.532730 0.010320
vt 0.527230 0.010360
vt 0.521710 0.010370
vt 0.512380 0.007810
vt 0.517720 0.010360
vt 0.235351 0.008560
vt 0.224490 0.008560
vt 0.219000 0.008560
vt 0.792455 0.367912
vt 0.794093 0.386903
vt 0.788045 0.373929
vt 0.833625 0.371041
vt 0.799897 0.368133
vt 0.829639 0.396041
vt 0.831616 0.384130
vt 0.810557 0.468981
vt 0.790876 0.418627
vt 0.793454 0.430628
vt 0.797168 0.448384
vt 0.828953 0.402034
vt 0.847623 0.457225
vt 0.836555 0.419900
vt 0.829844 0.412302
vt 0.843686 0.509625
vt 0.857652 0.432312
vt 0.867787 0.431280
vt 0.870457 0.477485
vt 0.878947 0.448008
vt 0.835128 0.500269
vt 0.841014 0.524189
vt 0.823503 0.511557
vt 0.841288 0.533072
vt 0.827524 0.518780
vt 0.866884 0.534259
vt 0.860256 0.541922
vt 0.872484 0.529569
vt 0.895195 0.531802
vt 0.908790 0.499714
vt 0.907713 0.518836
vt 0.921523 0.492707
vt 0.938636 0.404813
vt 0.942382 0.432808
vt 0.947752 0.391286
vt 0.945575 0.416440
vt 0.912005 0.464801
vt 0.947642 0.387109
vt 0.942760 0.380174
vt 0.941773 0.366982
vt 0.945873 0.366982
vt 0.901177 0.366982
vt 0.923370 0.366982
vt 0.901455 0.374073
vt 0.906973 0.397343
vt 0.902449 0.413170
vt 0.877260 0.430485
vt 0.895665 0.419769
vt 0.876108 0.430504
vt 0.974171 0.484945
vt 0.994679 0.501082
vt 0.992766 0.510682
vt 0.945916 0.489962
vt 0.948751 0.503270
vt 0.951018 0.443575
vt 0.987231 0.454632
vt 0.982984 0.421742
vt 0.984889 0.410938
vt 0.861954 0.566410
vt 0.851775 0.566101
vt 0.855595 0.555103
vt 0.891185 0.555103
vt 0.863450 0.566101
vt 0.893706 0.566101
vt 0.884000 0.566101
vt 0.907754 0.566101
vt 0.930636 0.555103
vt 0.922664 0.566101
vt 0.918018 0.566101
vt 0.937081 0.566101
vt 0.945252 0.566037
vt 0.958038 0.565616
vt 0.981893 0.555103
vt 0.966655 0.566101
vt 0.961756 0.566101
vt 1.786226 0.384854
vt 1.791671 0.384532
vt 1.785509 0.375795
vt 1.789164 0.414140
vt 1.804686 0.450225
vt 1.833662 0.370668
vt 1.816164 0.367912
vt 1.829639 0.396041
vt 1.829185 0.410588
vt 1.820914 0.436800
vt 1.832366 0.415813
vt 1.839959 0.422708
vt 1.809669 0.484091
vt 1.814832 0.495167
vt 1.852192 0.455819
vt 1.862427 0.432192
vt 1.839323 0.519488
vt 1.839869 0.491637
vt 1.840882 0.532596
vt 1.849543 0.538787
vt 1.855318 0.541020
vt 1.879143 0.529833
vt 1.861591 0.525862
vt 1.890180 0.536651
vt 1.900723 0.527884
vt 1.906246 0.520648
vt 1.914404 0.488450
vt 1.926671 0.480577
vt 1.939808 0.446307
vt 1.942118 0.435640
vt 1.945575 0.416440
vt 1.876778 0.455659
vt 1.866885 0.431353
vt 1.883338 0.429450
vt 1.872250 0.430847
vt 1.898360 0.417253
vt 1.885539 0.427109
vt 1.907024 0.401744
vt 1.936290 0.389522
vt 1.923630 0.380344
vt 1.901750 0.378669
vt 1.947176 0.384296
vt 1.949470 0.366982
vt 1.932943 0.366982
vt 1.901177 0.366982
vt 1.901455 0.374073
vt 1.918501 0.366982
vt 1.958097 0.520722
vt 1.989977 0.519192
vt 1.972190 0.477473
vt 1.953087 0.512560
vt 1.993989 0.476444
vt 1.990421 0.465399
vt 1.948410 0.451601
vt 1.956265 0.424109
vt 1.980546 0.400934
vt 1.971293 0.373361
vt 1.955050 0.398426
vt 1.983210 0.370867
vt 1.979314 0.368327
vt 1.971145 0.366348
vt 1.966971 0.366987
vt 1.855595 0.566101
vt 1.863449 0.566101
vt 1.859536 0.555103
vt 1.889042 0.566101
vt 1.875100 0.565709
vt 1.919567 0.555103
vt 1.909511 0.567395
vt 1.918018 0.566101
vt 1.942785 0.566101
vt 1.947286 0.566101
vt 1.981893 0.555103
vt 1.956547 0.566101
vt 1.982678 0.566101
vt 1.986552 0.566101
vt 0.869709 0.056530
vt 0.839054 0.055995
vt 0.857100 0.020510
vt 0.841700 0.020510
vt 0.835874 0.020525
vt 0.872700 0.020510
vt 0.888959 0.031032
vt 0.884470 0.020510
vt 0.880510 0.020510
vt 0.897740 0.020510
vt 0.892990 0.020510
vt 0.814568 0.042747
vt 0.830100 0.020510
vt 0.822250 0.020510
vt 0.818140 0.020510
vt 0.809581 0.174551
vt 0.805860 0.020510
vt 0.765998 0.141544
vt 0.787183 0.038959
vt 0.785850 0.020510
vt 0.758294 0.124646
vt 0.773010 0.080510
vt 0.788487 0.116102
vt 0.784236 0.163668
vt 0.753897 0.154589
vt 0.772112 0.171006
vt 0.753210 0.165980
vt 0.753830 0.161260
vt 0.848371 0.168358
vt 0.910243 0.098305
vt 0.906450 0.020510
vt 0.911189 0.038316
vt 0.910550 0.020510
vt 0.914480 0.020510
vt 0.922300 0.020510
vt 0.922550 0.030900
vt 0.923380 0.034970
vt 0.945659 0.140972
vt 0.935680 0.070830
vt 0.946550 0.094170
vt 0.884731 0.121470
vt 0.960510 0.163580
vt 0.961430 0.170170
vt 0.910138 0.167909
vt 0.956454 0.210983
vt 0.884906 0.216418
vt 0.754844 0.269175
vt 0.750330 0.175880
vt 0.781781 0.220496
vt 0.725928 0.250989
vt 0.732220 0.228890
vt 0.766990 0.283660
vt 0.759850 0.275770
vt 0.780387 0.300449
vt 0.782576 0.283900
vt 0.810281 0.234326
vt 0.829261 0.189480
vt 0.871980 0.282063
vt 0.851005 0.282002
vt 0.807134 0.319976
vt 0.786670 0.320610
vt 0.781540 0.311510
vt 0.792350 0.329350
vt 0.774576 0.349531
vt 0.840560 0.349629
vt 0.864260 0.361580
vt 0.853360 0.361220
vt 0.879405 0.335700
vt 0.895615 0.352455
vt 0.873520 0.360330
vt 0.915737 0.302511
vt 0.906730 0.343810
vt 0.934040 0.311620
vt 0.940170 0.302760
vt 0.949295 0.286279
vt 0.946280 0.293950
vt 0.930005 0.237428
vt 0.963760 0.280640
vt 0.953980 0.286190
vt 0.986058 0.273398
vt 0.974190 0.277170
vt 0.983780 0.254260
vt 0.987627 0.233803
vt 0.950325 0.242734
vt 0.167051 0.607708
vt 0.127829 0.599738
vt 0.161898 0.583287
vt 0.116200 0.583410
vt 0.120080 0.583410
vt 0.131019 0.701316
vt 0.083920 0.628945
vt 0.104180 0.583410
vt 0.038129 0.682025
vt 0.058360 0.633840
vt 0.050923 0.729467
vt 0.038111 0.689380
vt 0.085733 0.679906
vt 0.074145 0.728921
vt 0.100402 0.727378
vt 0.022931 0.765366
vt 0.041069 0.811436
vt 0.045480 0.852820
vt 0.010300 0.817070
vt 0.008780 0.829630
vt 0.056174 0.818772
vt 0.053980 0.865610
vt 0.047950 0.856780
vt 0.072703 0.860789
vt 0.060100 0.874470
vt 0.100157 0.882521
vt 0.066450 0.883160
vt 0.094920 0.912630
vt 0.087390 0.906740
vt 0.112306 0.837012
vt 0.128443 0.899152
vt 0.155855 0.922397
vt 0.130000 0.924510
vt 0.178073 0.891206
vt 0.162434 0.920512
vt 0.193516 0.905408
vt 0.180230 0.913400
vt 0.216750 0.860545
vt 0.213000 0.874380
vt 0.220542 0.860709
vt 0.173970 0.826546
vt 0.241489 0.831489
vt 0.239951 0.835329
vt 0.218838 0.841107
vt 0.254570 0.827150
vt 0.244140 0.832400
vt 0.267907 0.819933
vt 0.252384 0.799512
vt 0.264780 0.803700
vt 0.267090 0.815570
vt 0.226674 0.730937
vt 0.243470 0.738840
vt 0.233157 0.707064
vt 0.205729 0.712918
vt 0.190465 0.619657
vt 0.235200 0.684550
vt 0.221070 0.643380
vt 0.227690 0.660450
vt 0.200690 0.583410
vt 0.208590 0.583410
vt 0.170910 0.583410
vt 0.174940 0.583410
vt 0.169837 0.706698
vt 0.155627 0.749465
vt 0.112508 0.763006
vt 0.080829 0.778411
vt 0.207857 0.739270
vt 0.187895 0.757071
vt 0.147399 0.858482
vt 0.392380 0.588930
vt 0.404967 0.619063
vt 0.368230 0.588930
vt 0.345274 0.601594
vt 0.433550 0.671890
vt 0.433550 0.695850
vt 0.395624 0.759774
vt 0.433550 0.744140
vt 0.358977 0.723458
vt 0.407353 0.840151
vt 0.433550 0.804640
vt 0.433550 0.829020
vt 0.433550 0.852700
vt 0.419070 0.853660
vt 0.374690 0.888350
vt 0.346000 0.877467
vt 0.371440 0.897380
vt 0.368940 0.912070
vt 0.350170 0.904300
vt 0.340460 0.900070
vt 0.310620 0.889420
vt 0.307422 0.854498
vt 0.329965 0.834627
vt 0.300437 0.850962
vt 0.301650 0.834920
vt 0.338419 0.817873
vt 0.304440 0.814690
vt 0.305150 0.793400
vt 0.344911 0.763790
vt 0.304120 0.782330
vt 0.330261 0.754733
vt 0.279120 0.744870
vt 0.268900 0.739270
vt 0.296169 0.697846
vt 0.342687 0.661512
vt 0.262710 0.717040
vt 0.266310 0.705840
vt 0.277250 0.670400
vt 0.298620 0.632086
vt 0.282380 0.644630
vt 0.285980 0.617280
vt 0.305390 0.588930
vt 0.330760 0.588930
vt 0.343430 0.588930
vt 0.804875 0.448997
vt 0.860543 0.354155
vt 0.827074 0.396498
vt 0.846018 0.352241
vt 0.835259 0.352642
vt 0.779792 0.352910
vt 0.736716 0.365850
vt 0.715702 0.435639
vt 0.718891 0.490227
vt 0.771641 0.352033
vt 0.760562 0.352641
vt 0.670793 0.352641
vt 0.680149 0.352743
vt 0.647717 0.352640
vt 0.618558 0.374999
vt 0.616861 0.352262
vt 0.608880 0.352640
vt 0.504121 0.390727
vt 0.443262 0.444086
vt 0.451236 0.452133
vt 0.423809 0.423714
vt 0.447583 0.349178
vt 0.512874 0.350830
vt 0.582012 0.343322
vt 0.587049 0.335558
vt 0.607706 0.304292
vt 0.415655 0.232975
vt 0.390303 0.394421
vt 0.339007 0.324215
vt 0.378069 0.386957
vt 0.383857 0.390343
vt 0.336255 0.380260
vt 0.330052 0.380132
vt 0.255244 0.323144
vt 0.298300 0.384393
vt 0.277040 0.390958
vt 0.288852 0.387480
vt 0.306350 0.177544
vt 0.277103 0.200953
vt 0.192081 0.318473
vt 0.127629 0.303668
vt 0.120374 0.314748
vt 0.129126 0.314666
vt 0.124302 0.281946
vt 0.133980 0.242760
vt 0.015069 0.309318
vt 0.032379 0.329743
vt 0.113431 0.276014
vt 0.007738 0.308396
vt 0.006973 0.312858
vt 0.036646 0.286281
vt 0.064829 0.278108
vt 0.054968 0.280633
vt 0.114173 0.268594
vt 0.131714 0.213980
vt 0.084457 0.167998
vt 0.110611 0.227874
vt 0.085440 0.201536
vt 0.098872 0.211718
vt 0.019746 0.139454
vt 0.024476 0.147392
vt 0.087425 0.140796
vt 0.099235 0.146633
vt 0.117535 0.157956
vt 0.142099 0.181197
vt 0.192040 0.149387
vt 0.089252 0.077550
vt 0.131868 0.161566
vt 0.100255 0.131479
vt 0.109992 0.141985
vt 0.061118 0.063654
vt 0.065563 0.059650
vt 0.121515 0.083356
vt 0.113159 0.076388
vt 0.146111 0.104759
vt 0.230134 0.033172
vt 0.184070 0.135345
vt 0.198389 0.066518
vt 0.194585 0.083316
vt 0.212332 0.022556
vt 0.215653 0.019395
vt 0.239804 0.037316
vt 0.250624 0.155061
vt 0.242103 0.087321
vt 0.240642 0.105307
vt 0.293491 0.073918
vt 0.256007 0.117055
vt 0.269978 0.069317
vt 0.267341 0.073794
vt 0.380357 0.176819
vt 0.325732 0.088533
vt 0.299296 0.065193
vt 0.329446 0.068673
vt 0.331258 0.073600
vt 0.344847 0.154566
vt 0.361361 0.118465
vt 0.401877 0.026913
vt 0.366999 0.084777
vt 0.363804 0.102178
vt 0.408154 0.020587
vt 0.404001 0.016585
vt 0.412034 0.035581
vt 0.409283 0.087612
vt 0.410137 0.071814
vt 0.480868 0.046116
vt 0.415346 0.145074
vt 0.446752 0.055296
vt 0.444373 0.065142
vt 0.478263 0.007535
vt 0.471220 0.007013
vt 0.488916 0.059700
vt 0.474509 0.181661
vt 0.483161 0.108259
vt 0.484386 0.092182
vt 0.596452 0.099486
vt 0.522289 0.133393
vt 0.533893 0.124780
vt 0.520772 0.163163
vt 0.605604 0.088917
vt 0.587405 0.111662
vt 0.600252 0.122525
vt 0.605874 0.113999
vt 0.544588 0.189979
vt 0.489068 0.229794
vt 0.533050 0.202936
vt 0.538031 0.274688
vt 0.517518 0.230984
vt 0.583702 0.246760
vt 0.636488 0.256549
vt 0.592925 0.241907
vt 0.654262 0.239427
vt 0.649097 0.236505
vt 0.650473 0.279549
vt 0.846785 0.400426
vt 0.852976 0.352233
vt 0.864224 0.352640
vt 0.777026 0.445489
vt 0.814009 0.352809
vt 0.768293 0.350255
vt 0.778937 0.352641
vt 0.726143 0.352637
vt 0.710341 0.443531
vt 0.632739 0.480379
vt 0.651509 0.456734
vt 0.710584 0.351453
vt 0.714528 0.352641
vt 0.623611 0.352143
vt 0.604597 0.407319
vt 0.608703 0.353090
vt 0.616257 0.352641
vt 0.572912 0.463710
vt 0.458787 0.460715
vt 0.520970 0.407292
vt 0.435850 0.435892
vt 0.444831 0.383321
vt 0.484250 0.378482
vt 0.410826 0.410483
vt 0.406510 0.407014
vt 0.544206 0.408781
vt 0.534563 0.420916
vt 0.567015 0.377088
vt 0.564202 0.329797
vt 0.576682 0.350470
vt 0.573064 0.358085
vt 0.558134 0.303257
vt 0.646758 0.259635
vt 0.660878 0.267953
vt 0.641546 0.253395
vt 0.523127 0.250331
vt 0.578919 0.248780
vt 0.551341 0.255777
vt 0.567852 0.252308
vt 0.382343 0.335317
vt 0.456405 0.223816
vt 0.550210 0.183464
vt 0.546362 0.148753
vt 0.324243 0.380182
vt 0.294721 0.314307
vt 0.306575 0.382490
vt 0.335849 0.307721
vt 0.295040 0.200188
vt 0.363388 0.232287
vt 0.343806 0.172927
vt 0.397771 0.158167
vt 0.452955 0.113087
vt 0.412102 0.146189
vt 0.387140 0.045123
vt 0.410883 0.106669
vt 0.412454 0.131673
vt 0.415735 0.141517
vt 0.429874 0.099578
vt 0.433361 0.089518
vt 0.463232 0.022355
vt 0.446537 0.061367
vt 0.490203 0.049461
vt 0.482268 0.102909
vt 0.475509 0.129498
vt 0.472649 0.165906
vt 0.474656 0.155727
vt 0.475449 0.158521
vt 0.522284 0.133398
vt 0.564853 0.098794
vt 0.551560 0.108735
vt 0.584129 0.145126
vt 0.589192 0.091802
vt 0.594015 0.082899
vt 0.600600 0.084900
vt 0.572161 0.092242
vt 0.362063 0.111685
vt 0.352497 0.158718
vt 0.341554 0.140949
vt 0.336592 0.126318
vt 0.303017 0.066511
vt 0.334457 0.101413
vt 0.306537 0.085213
vt 0.195214 0.205960
vt 0.236620 0.167918
vt 0.167233 0.145603
vt 0.252863 0.139472
vt 0.254030 0.124424
vt 0.235683 0.144111
vt 0.220637 0.050859
vt 0.273179 0.065082
vt 0.287238 0.070279
vt 0.240740 0.041755
vt 0.242478 0.056956
vt 0.186193 0.125816
vt 0.187910 0.109270
vt 0.140746 0.217826
vt 0.145296 0.171783
vt 0.143540 0.170136
vt 0.073730 0.079288
vt 0.139466 0.100510
vt 0.147802 0.105523
vt 0.127133 0.088962
vt 0.077298 0.109594
vt 0.069965 0.102769
vt 0.368675 0.054025
vt 0.370130 0.037740
vt 0.097105 0.280712
vt 0.081093 0.276536
vt 0.097847 0.273988
vt 0.034409 0.313033
vt 0.025209 0.296423
vt 0.101207 0.315731
vt 0.174605 0.294923
vt 0.137976 0.315603
vt 0.146836 0.315702
vt 0.216423 0.323590
vt 0.204780 0.321004
vt 0.116199 0.264264
vt 0.025680 0.112512
vt 0.036448 0.133969
vt 0.020897 0.115074
vt 0.056126 0.118189
vt 0.067911 0.128543
vt 0.079427 0.197242
vt 0.103837 0.216155
vt 0.108272 0.631060
vt 0.000000 0.578026
vt 0.216543 0.741086
vt 0.216543 0.357574
vt 0.054136 0.520839
vt 0.132881 0.329895
vt 0.216543 0.500219
vt 0.108272 0.741086
vt 0.108272 0.552090
vt 0.135591 0.741086
vt 0.135591 0.631429
vt 0.216795 0.629999
vt 0.481540 0.654360
vt 0.410327 0.487251
vt 0.497201 0.411008
vt 0.394759 0.623616
vt 0.335668 0.549383
vt 0.311321 0.461316
vt 0.220950 0.741086
vt 0.000000 0.000000
vt 0.104912 0.382209
vt 0.381682 0.007814
vt 0.373151 0.030947
vt 0.585886 0.007814
vt 0.546673 0.068613
vt 0.688882 0.078664
vt 0.874422 0.371053
vt 0.283761 0.321822
vt 0.549401 0.256880
vt 0.403818 0.396244
vt 0.298055 0.690185
vt 0.391326 0.827952
vt 0.354600 0.457895
vt 0.450806 0.598083
vt 0.502168 0.713801
vt 0.759963 0.762328
vt 0.585506 0.424379
vt 0.603804 0.525727
vt 0.693525 0.626706
vt 0.889224 0.584166
vt 0.746439 0.395245
vt 0.682338 0.604154
vt 0.536866 0.891391
vt 0.686383 0.539393
vt 0.549859 0.705483
vt 0.521061 0.811546
vt 0.673138 0.715161
vt 0.697872 0.916409
vt 0.880903 0.830613
vt 0.668729 0.668106
vt 0.828801 0.864534
vt 0.780572 0.687653
vt 0.866769 0.782637
vt 0.833355 0.708436
vt 0.669050 0.646573
vt 0.666176 0.622539
vt 0.691237 0.634584
vt 0.675731 0.638542
vt 0.723771 0.619247
vt 0.724035 0.644926
vt 0.760897 0.675354
vt 0.746604 0.669659
vt 0.806522 0.682799
vt 0.812096 0.657391
vt 0.823991 0.702211
vt 0.742959 0.640110
vt 0.737098 0.372576
vt 0.839672 0.425468
vt 0.506849 0.414783
vt 0.585989 0.330987
vt 0.672184 0.372122
vt 0.493856 0.052711
vt 0.537488 0.127586
vt 0.778727 0.089092
vt 0.938548 0.112692
vt 0.859768 0.134637
vt 0.813070 0.295006
vt 0.154201 0.930752
vt 0.109250 0.930752
vt 0.088468 0.885826
vt 0.195425 0.889346
vt 0.207841 0.888446
vt 0.090654 0.705192
vt 0.007923 0.626575
vt 0.013201 0.615676
vt 0.162468 0.592538
vt 0.213460 0.686032
vt 0.256438 0.689463
vt 0.303916 0.717282
vt 0.304140 0.625446
vt 0.303909 0.749784
vt 0.303916 0.808890
vt 0.303916 0.907312
vt 0.303777 0.880371
vt 0.200274 0.930752
vt 0.129958 0.966465
vt 0.088738 0.993734
vt 0.047911 0.993734
vt 0.165848 0.993655
vt 0.139593 0.993734
vt 0.258528 0.976614
vt 0.192366 0.993679
vt 0.899100 0.034173
vt 0.878109 0.017136
vt 0.917715 0.044868
vt 0.864497 0.049326
vt 0.861786 0.038398
vt 0.838783 0.032330
vt 0.158872 0.068029
vt 0.121497 0.056021
vt 0.154550 0.078694
vt 0.174722 0.101243
vt 0.051226 0.049090
vt 0.023823 0.103673
vt 0.037897 0.235018
vt 0.087856 0.235488
vt 0.270567 0.765886
vt 0.399059 0.879593
vt 0.216315 0.370284
vt 0.577494 0.933175
vt 0.324689 0.118769
vt 0.268455 0.201657
vt 0.538143 0.285902
vt 0.617555 0.398236
vt 0.898853 0.968589
vt 0.947365 0.980569
vt 0.855231 0.713019
vt 0.553190 0.504817
vt 0.666138 0.539420
vt 0.695369 0.515867
vt 0.122465 0.217811
vt 0.294021 0.161014
vt 0.083619 0.138527
vt 0.055638 0.366207
vt 0.806137 0.816572
vt 0.270783 0.766159
vt 0.420643 0.883608
vt 0.086517 0.923554
vt 0.008195 0.905010
vt 0.001066 0.862910
vt 0.101877 0.861603
vt 0.137536 0.861455
vt 0.137684 0.897114
vt 0.885214 0.860858
vt 0.938696 0.901198
vt 0.861460 0.860933
vt 0.861609 0.896591
vt 0.909703 0.988657
vt 0.862916 0.997402
vt 0.857988 0.085992
vt 0.859144 0.055035
vt 0.881723 0.109221
vt 0.989143 0.095522
vt 0.996273 0.137622
vt 0.884222 0.139018
vt 0.859803 0.139078
vt 0.101877 0.139227
vt 0.089278 0.082613
vt 0.137536 0.139078
vt 0.136080 0.002609
vt 0.093308 0.010138
vt 0.137173 0.079440
vt 0.136877 0.055035
vt 0.001185 0.863730
vt 0.028220 0.862482
vt 0.056547 0.925834
vt 0.883789 0.996622
vt 0.862295 0.957461
vt 0.906686 0.928246
vt 0.972722 0.939970
vt 0.991700 0.901720
vt 0.957654 0.860116
vt 0.996158 0.136783
vt 0.956331 0.138243
vt 0.945868 0.073815
vt 0.968818 0.057131
vt 0.899814 0.008701
vt 0.861774 0.037123
vt 0.132144 0.004968
vt 0.136509 0.029763
vt 0.035167 0.105861
vt 0.056144 0.029528
vt 0.025991 0.060646
vt 0.007296 0.098291
vt 0.028220 0.140105
vt 0.449051 0.543327
vt 0.903329 0.204999
vt 0.975151 0.344739
vt 0.205391 0.096135
vt 0.095067 0.206881
vt 0.024701 0.655042
vt 0.000137 0.500677
vt 0.551175 0.482084
vt 0.346041 0.975746
vt 0.206538 0.904901
vt 0.904822 0.793270
vt 0.975630 0.653768
vt 0.653626 0.024220
vt 0.793125 0.095019
vt 0.024361 0.346289
vt 0.138037 0.933223
vt 0.062832 0.897402
vt 0.137673 0.908449
vt 0.861961 0.932701
vt 0.861705 0.908545
vt 0.922914 0.940765
vt 0.942853 0.970483
vt 0.905016 0.990273
vt 0.999372 0.886567
vt 0.957658 0.860084
vt 0.996011 0.136741
vt 0.911356 0.089953
vt 0.968782 0.057140
vt 0.898845 0.008489
vt 0.858968 0.042550
vt 0.113782 0.139154
vt 0.089924 0.139322
vt 0.096206 0.103738
vt 0.136701 0.042550
vt 0.093980 0.009738
vt 0.091987 0.138927
vt 0.053492 0.139737
vt 0.084502 0.079892
vt 0.931993 0.138575
vt 0.907415 0.138834
vt 0.900123 0.076004
vt 0.053492 0.862114
vt 0.089924 0.861699
vt 0.084693 0.944829
vt 0.097561 0.991826
vt 0.138563 0.970771
vt 0.909072 0.860689
vt 0.933228 0.860432
vt 0.944240 0.899694
vt 0.905824 0.989931
vt 0.862487 0.970248
vt 0.999863 0.499214
vt 0.460820 0.543048
vt 0.024307 0.347063
vt 0.495312 0.498449
vt 0.095780 0.794373
vt 0.939928 0.021615
vt 0.918722 0.039023
vt 0.914730 0.006878
vt 0.896430 0.003298
vt 0.878018 0.004360
vt 0.875828 0.215378
vt 0.878638 0.223618
vt 0.808728 0.200883
vt 0.958750 0.193618
vt 0.972319 0.194070
vt 0.941934 0.211259
vt 0.613114 0.044015
vt 0.643329 0.036589
vt 0.710169 0.070550
vt 0.520780 0.220468
vt 0.538200 0.219108
vt 0.568237 0.219507
vt 0.526291 0.214185
vt 0.538218 0.217289
vt 0.515370 0.217289
vt 0.101000 0.003969
vt 0.119570 0.004579
vt 0.070201 0.045464
vt 0.063169 0.212369
vt 0.030560 0.195394
vt 0.044470 0.194638
vt 0.087520 0.212698
vt 0.073018 0.206598
vt 0.501739 0.010928
vt 0.427022 0.031663
vt 0.471260 0.012140
vt 0.437020 0.216120
vt 0.438068 0.216560
vt 0.433664 0.215155
vt 0.473809 0.217289
vt 0.457940 0.217289
vt 0.466903 0.213973
vt 0.913188 0.321826
vt 0.915300 0.322012
vt 0.914390 0.325105
vt 0.933045 0.340824
vt 0.920454 0.323711
vt 0.944586 0.343374
vt 0.961389 0.296828
vt 0.980154 0.305631
vt 0.973341 0.314180
vt 0.067970 0.908649
vt 0.076898 0.914120
vt 0.068659 0.915728
vt 0.121886 0.900019
vt 0.241121 0.871503
vt 0.250306 0.899420
vt 0.150309 0.864798
vt 0.174777 0.781873
vt 0.140452 0.821962
vt 0.303021 0.792366
vt 0.326377 0.743308
vt 0.126942 0.728164
vt 0.226684 0.693436
vt 0.103896 0.697446
vt 0.062225 0.748240
vt 0.066504 0.829062
vt 0.048784 0.853017
vt 0.078432 0.858752
vt 0.074528 0.851700
vt 0.038538 0.827588
vt 0.039859 0.834860
vt 0.037650 0.819199
vt 0.023338 0.829460
vt 0.024660 0.836830
vt 0.026410 0.843460
vt 0.022590 0.820670
vt 0.010660 0.831399
vt 0.009828 0.821780
vt 0.012020 0.838530
vt 0.010568 0.812179
vt 0.013694 0.845032
vt 0.022709 0.811389
vt 0.011168 0.802708
vt 0.035860 0.862002
vt 0.022988 0.801930
vt 0.011370 0.792370
vt 0.031050 0.869189
vt 0.049780 0.860939
vt 0.060940 0.853060
vt 0.040860 0.868619
vt 0.036129 0.876240
vt 0.044989 0.876450
vt 0.037739 0.886150
vt 0.053300 0.868030
vt 0.063299 0.859950
vt 0.065820 0.867380
vt 0.046378 0.885838
vt 0.037349 0.896148
vt 0.056034 0.720851
vt 0.022980 0.792078
vt 0.022690 0.782158
vt 0.055601 0.707468
vt 0.079620 0.718069
vt 0.059738 0.700658
vt 0.094755 0.678955
vt 0.085868 0.686909
vt 0.075038 0.676989
vt 0.064158 0.683990
vt 0.064360 0.675239
vt 0.084468 0.670638
vt 0.083930 0.663268
vt 0.083597 0.639809
vt 0.188284 0.657701
vt 0.380370 0.703129
vt 0.410608 0.761745
vt 0.509827 0.732288
vt 0.424818 0.681242
vt 0.390145 0.686470
vt 0.412348 0.685549
vt 0.399731 0.682553
vt 0.369860 0.683944
vt 0.314233 0.689877
vt 0.213121 0.671334
vt 0.299035 0.685769
vt 0.246399 0.675670
vt 0.250429 0.675740
vt 0.200429 0.616419
vt 0.209220 0.642889
vt 0.118000 0.592283
vt 0.196834 0.602325
vt 0.203592 0.602596
vt 0.209748 0.602900
vt 0.115800 0.586768
vt 0.125070 0.589800
vt 0.084290 0.583516
vt 0.105659 0.583350
vt 0.085996 0.594279
vt 0.080219 0.591610
vt 0.078418 0.596130
vt 0.083489 0.598640
vt 0.076600 0.601000
vt 0.087771 0.607192
vt 0.073458 0.609408
vt 0.067409 0.619530
vt 0.084218 0.630849
vt 0.062940 0.626730
vt 0.068400 0.629390
vt 0.071970 0.639069
vt 0.064158 0.636138
vt 0.057489 0.633870
vt 0.069140 0.645569
vt 0.060270 0.643158
vt 0.052609 0.641480
vt 0.056889 0.650399
vt 0.066890 0.652440
vt 0.075120 0.661539
vt 0.065350 0.659600
vt 0.058129 0.910179
vt 0.244168 0.906808
vt 0.240810 0.906250
vt 0.249708 0.903828
vt 0.266234 0.900905
vt 0.255710 0.902019
vt 0.236919 0.906040
vt 0.379260 0.905119
vt 0.376454 0.907914
vt 0.358945 0.906480
vt 0.205280 0.945658
vt 0.202590 0.954410
vt 0.193936 0.963994
vt 0.259750 0.678300
vt 0.253690 0.675650
vt 0.388299 0.683954
vt 0.209020 0.607168
vt 0.915678 0.955209
vt 0.924734 0.920353
vt 0.931230 0.948230
vt 0.688288 0.850929
vt 0.740768 0.846939
vt 0.707970 0.858439
vt 0.870793 0.939149
vt 0.824778 0.929068
vt 0.820438 0.926060
vt 0.758889 0.844668
vt 0.747290 0.852078
vt 0.868200 0.233850
vt 0.863510 0.243478
vt 0.774306 0.406442
vt 0.853129 0.284949
vt 0.676862 0.180717
vt 0.880431 0.414753
vt 0.892158 0.428820
vt 0.911870 0.459699
vt 0.914448 0.441020
vt 0.802726 0.562398
vt 0.759010 0.590560
vt 0.751195 0.606518
vt 0.584840 0.611327
vt 0.607286 0.650798
vt 0.539630 0.686449
vt 0.413500 0.679880
vt 0.356756 0.586983
vt 0.433693 0.603540
vt 0.374045 0.667475
vt 0.365064 0.456729
vt 0.228302 0.579920
vt 0.144998 0.450865
vt 0.085170 0.435849
vt 0.086879 0.454180
vt 0.094750 0.429100
vt 0.146320 0.333710
vt 0.184704 0.216683
vt 0.294791 0.388382
vt 0.135848 0.243009
vt 0.143170 0.258264
vt 0.123423 0.218531
vt 0.126598 0.209950
vt 0.262564 0.184466
vt 0.421382 0.130458
vt 0.294039 0.067529
vt 0.255580 0.085050
vt 0.360980 0.034480
vt 0.387452 0.369658
vt 0.482880 0.317269
vt 0.426153 0.420970
vt 0.491805 0.297425
vt 0.539374 0.322254
vt 0.520679 0.312607
vt 0.490948 0.237845
vt 0.549465 0.282034
vt 0.503089 0.436212
vt 0.410160 0.405570
vt 0.392030 0.402399
vt 0.423923 0.409320
vt 0.382160 0.400469
vt 0.363640 0.401039
vt 0.372856 0.400649
vt 0.343196 0.408885
vt 0.335308 0.419351
vt 0.358269 0.411049
vt 0.350474 0.410688
vt 0.396377 0.409778
vt 0.404621 0.410450
vt 0.412759 0.410959
vt 0.617302 0.458846
vt 0.683443 0.395151
vt 0.528697 0.099356
vt 0.532296 0.195386
vt 0.585398 0.210620
vt 0.575030 0.212108
vt 0.639839 0.385906
vt 0.676959 0.397133
vt 0.533911 0.418109
vt 0.576630 0.408255
vt 0.620079 0.388429
vt 0.606378 0.401354
vt 0.615530 0.401850
vt 0.580949 0.408114
vt 0.597320 0.403337
vt 0.575480 0.411576
vt 0.577340 0.410225
vt 0.575416 0.413078
vt 0.585769 0.413726
vt 0.592741 0.417126
vt 0.594403 0.413581
vt 0.602923 0.412650
vt 0.611940 0.411989
vt 0.646438 0.414920
vt 0.661808 0.409958
vt 0.657706 0.406235
vt 0.642620 0.401286
vt 0.634554 0.400348
vt 0.625230 0.401100
vt 0.654047 0.414294
vt 0.617669 0.430326
vt 0.647140 0.412952
vt 0.654821 0.412382
vt 0.639524 0.412778
vt 0.970489 0.077710
vt 0.973435 0.060090
vt 0.910297 0.061281
vt 0.975443 0.164414
vt 0.993639 0.108474
vt 0.942578 0.161160
vt 0.918055 0.205676
vt 0.886615 0.180034
vt 0.883936 0.115645
vt 0.842580 0.145318
vt 0.889509 0.194600
vt 0.871420 0.182199
vt 0.901068 0.203020
vt 0.861338 0.016380
vt 0.864189 0.007980
vt 0.491996 0.226399
vt 0.504090 0.220770
vt 0.568418 0.214478
vt 0.570159 0.209389
vt 0.488380 0.217289
vt 0.442612 0.206895
vt 0.930493 0.278129
vt 0.934125 0.293743
vt 0.915614 0.308044
vt 0.926414 0.264113
vt 0.885883 0.256240
vt 0.906614 0.252983
vt 0.915716 0.310930
vt 0.925104 0.302647
vt 0.866906 0.295625
vt 0.862893 0.286535
vt 0.863774 0.273189
vt 0.876598 0.259381
vt 0.885637 0.254584
vt 0.895966 0.252531
vt 0.024615 0.153554
vt 0.049168 0.170373
vt 0.099977 0.194725
vt 0.057000 0.203198
vt 0.087678 0.207210
vt 0.074552 0.091684
vt 0.005710 0.113304
vt 0.103050 0.202910
vt 0.119442 0.038953
vt 0.160469 0.140828
vt 0.154670 0.035700
vt 0.140478 0.021758
vt 0.137130 0.014418
vt 0.929847 0.320980
vt 0.927338 0.323805
vt 0.919726 0.319339
vt 0.929503 0.326797
vt 0.918447 0.316219
vt 0.931829 0.305860
vt 0.951470 0.296965
vt 0.995000 0.322970
vt 0.993411 0.317179
vt 0.989947 0.339161
vt 0.983090 0.347205
vt 0.977831 0.340342
vt 0.988821 0.338203
vt 0.994174 0.330224
vt 0.952505 0.356919
vt 0.941942 0.349811
vt 0.918762 0.325837
vt 0.916395 0.324030
vt 0.088276 0.891029
vt 0.057339 0.894079
vt 0.077898 0.900438
vt 0.068098 0.892880
vt 0.098554 0.951042
vt 0.080056 0.925991
vt 0.076999 0.907298
vt 0.077480 0.920360
vt 0.080957 0.931855
vt 0.070018 0.922360
vt 0.072048 0.928578
vt 0.074478 0.934480
vt 0.064668 0.931200
vt 0.052600 0.926568
vt 0.056710 0.933780
vt 0.049929 0.935769
vt 0.055259 0.943158
vt 0.060988 0.940800
vt 0.067869 0.937650
vt 0.077030 0.940100
vt 0.067269 0.953759
vt 0.060117 0.952084
vt 0.070710 0.943870
vt 0.091792 0.981303
vt 0.077583 0.977920
vt 0.079998 0.982400
vt 0.074368 0.984610
vt 0.082730 0.986379
vt 0.076480 0.988420
vt 0.104919 0.983340
vt 0.089079 0.992708
vt 0.117480 0.984399
vt 0.108488 0.987020
vt 0.137187 0.963595
vt 0.164356 0.958513
vt 0.189419 0.974749
vt 0.195778 0.974609
vt 0.200650 0.965578
vt 0.185828 0.928489
vt 0.200230 0.934560
vt 0.193858 0.923600
vt 0.057470 0.902440
vt 0.046390 0.903819
vt 0.037691 0.912670
vt 0.049339 0.919160
vt 0.046339 0.895308
vt 0.036910 0.904770
vt 0.317475 0.897015
vt 0.360965 0.902174
vt 0.388751 0.836051
vt 0.440461 0.879549
vt 0.425972 0.780611
vt 0.494523 0.837608
vt 0.531031 0.763044
vt 0.584422 0.793397
vt 0.591629 0.733349
vt 0.620194 0.760445
vt 0.629208 0.774460
vt 0.633609 0.820295
vt 0.626820 0.835020
vt 0.507408 0.867194
vt 0.616625 0.848243
vt 0.537295 0.892075
vt 0.554920 0.886919
vt 0.438336 0.905088
vt 0.401679 0.907480
vt 0.388550 0.909349
vt 0.508584 0.897874
vt 0.074900 0.668980
vt 0.064548 0.667128
vt 0.041710 0.705479
vt 0.034183 0.716715
vt 0.030841 0.703150
vt 0.066248 0.715860
vt 0.052239 0.691919
vt 0.053320 0.682690
vt 0.053399 0.673529
vt 0.037918 0.698180
vt 0.043639 0.691748
vt 0.044550 0.681980
vt 0.044500 0.672339
vt 0.053330 0.665269
vt 0.043600 0.663918
vt 0.054480 0.657679
vt 0.213770 0.631690
vt 0.210690 0.622650
vt 0.843490 0.945218
vt 0.819608 0.920300
vt 0.818660 0.924978
vt 0.822761 0.865372
vt 0.813642 0.911236
vt 0.891592 0.919565
vt 0.964178 0.923340
vt 0.961418 0.919640
vt 0.963030 0.918770
vt 0.946693 0.816795
vt 0.982437 0.818646
vt 0.859922 0.763375
vt 0.907170 0.704816
vt 0.973828 0.781449
vt 0.945500 0.707830
vt 0.936070 0.689540
vt 0.882155 0.662159
vt 0.864119 0.669960
vt 0.862280 0.717229
vt 0.843770 0.690069
vt 0.807120 0.782459
vt 0.739234 0.805840
vt 0.692161 0.807120
vt 0.662338 0.825568
vt 0.659650 0.829890
vt 0.711281 0.699447
vt 0.646855 0.777874
vt 0.680394 0.684004
vt 0.690755 0.674495
vt 0.727595 0.666694
vt 0.739989 0.665405
vt 0.783012 0.696614
vt 0.769292 0.788020
vt 0.779860 0.827269
vt 0.779358 0.831210
vt 0.300396 0.337853
vt 0.216543 0.526154
vt 0.220950 0.549179
vt 0.235354 0.482142
vt 0.216543 0.474283
vt 0.118159 0.318950
vt 0.135339 0.524025
vt 0.506430 0.741086
vt 0.416058 0.622897
vt 0.538873 0.521206
vt 0.596802 0.565058
vt 0.596802 0.600237
vt 0.317318 0.638336
vt 0.216543 0.629896
vt 0.109652 0.526978
vt 0.483837 0.741086
vt 0.517051 0.387884
vt 0.220950 0.474285
vt 0.316393 0.356483
vt 0.156160 0.424979
vt 0.216543 0.553345
vt 0.128411 0.329659
vt 0.000000 0.474283
vt 0.216543 0.526155
vt 0.000000 0.741086
vt 0.343330 0.194165
vt 0.418466 0.626826
vt 0.401693 0.260317
vt 0.401693 0.692980
vt 0.137187 0.280193
vt 0.000000 0.448348
vt 0.162407 0.693837
vt 0.108272 0.422413
vt 0.400131 0.603961
vt 0.505760 0.741086
s 1
f 1/1/1 3/2/2 2/3/3
f 4/4/4 3/2/2 1/5/1
f 5/6/5 4/4/4 1/5/1
f 3/2/2 4/4/4 11/7/6
f 7/8/7 3/2/2 11/7/6
f 2/9/3 3/2/2 7/8/7
f 6/10/8 2/11/3 7/8/7
f 7/8/7 10/12/9 6/13/8
f 10/12/9 8/14/10 6/13/8
f 7/8/7 11/7/6 10/12/9
f 9/15/11 8/16/10 10/12/9
f 10/12/9 11/7/6 9/17/11
f 9/17/11 11/7/6 13/18/12
f 13/18/12 12/19/13 9/20/11
f 13/18/12 11/7/6 14/21/14
f 14/21/14 11/7/6 4/4/4
f 13/18/12 20/22/15 12/23/13
f 14/21/14 20/22/15 13/18/12
f 20/22/15 16/24/16 12/25/13
f 16/24/16 15/26/17 12/25/13
f 16/24/16 18/27/18 15/28/17
f 16/24/16 20/22/15 18/27/18
f 17/29/19 15/30/17 18/27/18
f 17/31/19 18/27/18 20/22/15
f 19/32/20 17/33/19 20/22/15
f 5/34/5 19/35/20 20/22/15
f 5/36/5 20/22/15 21/37/21
f 14/21/14 21/37/21 20/22/15
f 4/4/4 21/37/21 14/21/14
f 21/37/21 4/4/4 5/38/5
f 23/39/22 22/40/23 1/41/1
f 23/39/22 25/42/24 22/40/23
f 22/40/23 5/43/5 1/44/1
f 25/42/24 24/45/25 22/40/23
f 26/46/26 25/42/24 23/47/22
f 26/48/26 28/49/27 25/42/24
f 28/49/27 24/45/25 25/42/24
f 28/49/27 26/48/26 27/50/28
f 28/49/27 27/51/28 29/52/29
f 28/49/27 30/53/30 24/45/25
f 28/49/27 29/54/29 31/55/31
f 24/45/25 30/53/30 22/40/23
f 30/53/30 28/49/27 31/55/31
f 32/56/32 31/55/31 29/57/29
f 33/58/33 31/55/31 32/59/32
f 30/53/30 31/55/31 33/58/33
f 34/60/34 33/58/33 32/61/32
f 30/53/30 35/62/35 22/40/23
f 35/62/35 5/63/5 22/40/23
f 35/62/35 36/64/36 5/65/5
f 30/53/30 36/64/36 35/62/35
f 30/53/30 33/58/33 36/64/36
f 19/66/20 5/67/5 36/64/36
f 36/64/36 39/68/37 19/69/20
f 37/70/38 19/69/20 39/68/37
f 39/68/37 36/64/36 33/58/33
f 39/68/37 38/71/39 37/72/38
f 39/68/37 33/58/33 34/73/34
f 38/74/39 39/68/37 34/75/34
f 43/76/40 41/77/41 40/78/42
f 43/76/40 42/79/43 41/80/41
f 44/81/44 42/82/43 43/76/40
f 19/83/20 45/84/45 42/85/43
f 19/86/20 37/87/38 45/84/45
f 45/84/45 37/88/38 46/89/46
f 41/90/41 42/91/43 45/84/45
f 45/84/45 47/92/47 41/90/41
f 47/92/47 45/84/45 46/89/46
f 41/93/41 47/92/47 40/94/42
f 47/92/47 48/95/48 40/96/42
f 48/95/48 47/92/47 46/97/46
f 15/98/17 17/99/19 49/100/49
f 49/100/49 53/101/50 15/98/17
f 49/102/49 48/103/48 53/101/50
f 48/104/48 50/105/51 53/101/50
f 51/106/52 50/105/51 48/107/48
f 51/108/52 52/109/53 50/105/51
f 50/105/51 52/109/53 56/110/54
f 56/110/54 53/101/50 50/105/51
f 57/111/55 56/110/54 52/109/53
f 54/112/56 15/113/17 53/101/50
f 53/101/50 57/111/55 54/114/56
f 55/115/57 54/116/56 57/111/55
f 57/111/55 53/101/50 56/110/54
f 55/117/57 57/111/55 60/118/58
f 60/118/58 57/111/55 59/119/59
f 60/118/58 58/120/60 55/121/57
f 8/122/10 58/123/60 60/118/58
f 6/124/8 8/125/10 60/118/58
f 6/126/8 60/118/58 61/127/61
f 61/127/61 63/128/62 6/129/8
f 63/128/62 62/130/63 6/131/8
f 63/128/62 61/127/61 67/132/64
f 61/127/61 60/118/58 67/132/64
f 64/133/65 62/134/63 63/128/62
f 63/128/62 67/132/64 66/135/66
f 64/136/65 63/128/62 66/135/66
f 65/137/67 64/138/65 66/135/66
f 66/135/66 52/109/53 65/139/67
f 65/140/67 52/109/53 51/141/52
f 66/135/66 67/132/64 52/109/53
f 59/119/59 57/111/55 52/109/53
f 52/109/53 67/132/64 59/119/59
f 67/132/64 60/118/58 59/119/59
f 68/142/68 44/143/44 69/144/69
f 40/145/42 68/146/68 69/144/69
f 44/147/44 70/148/70 42/149/43
f 42/149/43 70/148/70 19/150/20
f 19/150/20 70/148/70 17/151/19
f 70/148/70 44/152/44 68/153/68
f 70/148/70 71/154/71 17/155/19
f 49/156/49 17/155/19 71/154/71
f 68/157/68 71/154/71 70/148/70
f 68/158/68 72/159/72 71/154/71
f 49/160/49 71/154/71 72/159/72
f 72/159/72 68/161/68 40/162/42
f 72/159/72 48/163/48 49/164/49
f 40/165/42 48/166/48 72/159/72
f 78/167/73 74/168/74 73/169/75
f 73/170/75 75/171/76 78/167/73
f 76/172/77 78/167/73 75/173/76
f 111/174/78 76/172/77 75/175/76
f 111/174/78 75/176/76 65/177/67
f 109/178/79 76/172/77 111/174/78
f 78/167/73 76/172/77 77/179/80
f 80/180/81 78/167/73 77/179/80
f 77/179/80 76/172/77 109/178/79
f 78/167/73 79/181/82 74/182/74
f 78/167/73 80/180/81 79/181/82
f 79/181/82 80/180/81 74/183/74
f 84/184/83 74/183/74 80/180/81
f 81/185/84 74/186/74 84/184/83
f 86/187/85 84/184/83 80/180/81
f 81/188/84 84/184/83 83/189/86
f 82/190/87 81/191/84 83/189/86
f 83/189/86 84/184/83 86/187/85
f 83/189/86 86/187/85 85/192/88
f 105/193/89 85/192/88 86/187/85
f 105/193/89 83/189/86 85/192/88
f 105/193/89 89/194/90 83/189/86
f 89/194/90 87/195/91 83/189/86
f 82/196/87 83/189/86 88/197/92
f 87/195/91 88/197/92 83/189/86
f 89/194/90 88/197/92 87/195/91
f 88/197/92 90/198/93 82/199/87
f 88/197/92 91/200/94 90/201/93
f 91/200/94 88/197/92 89/194/90
f 90/202/93 91/200/94 100/203/95
f 91/200/94 89/194/90 100/203/95
f 100/203/95 92/204/96 90/205/93
f 93/206/97 92/204/96 100/203/95
f 105/193/89 100/203/95 89/194/90
f 93/206/97 100/203/95 96/207/98
f 103/208/99 96/207/98 100/203/95
f 94/209/100 93/210/97 96/207/98
f 96/207/98 95/211/101 94/209/100
f 99/212/102 95/213/101 96/207/98
f 99/212/102 97/214/103 95/213/101
f 98/215/104 97/216/103 99/212/102
f 103/208/99 99/212/102 96/207/98
f 98/217/104 99/212/102 102/218/105
f 98/219/104 102/218/105 90/220/93
f 82/221/87 90/220/93 102/218/105
f 102/218/105 99/212/102 101/222/106
f 103/208/99 101/222/106 99/212/102
f 102/218/105 131/223/107 82/224/87
f 81/225/84 82/224/87 131/223/107
f 101/222/106 132/226/108 102/218/105
f 102/218/105 132/226/108 131/223/107
f 100/203/95 105/193/89 104/227/109
f 104/227/109 103/208/99 100/203/95
f 103/208/99 104/227/109 133/228/110
f 101/222/106 103/208/99 133/228/110
f 104/227/109 105/193/89 135/229/111
f 134/230/112 105/193/89 106/231/113
f 106/231/113 105/193/89 86/187/85
f 135/229/111 105/193/89 134/230/112
f 86/187/85 80/180/81 106/231/113
f 80/180/81 107/232/114 106/231/113
f 80/180/81 77/179/80 107/232/114
f 77/179/80 109/178/79 107/232/114
f 109/178/79 113/233/115 108/234/116
f 111/174/78 110/235/117 109/178/79
f 113/233/115 109/178/79 110/235/117
f 65/236/67 110/235/117 111/174/78
f 65/236/67 112/237/118 110/235/117
f 113/233/115 110/235/117 112/237/118
f 112/238/118 26/239/26 113/233/115
f 114/240/119 113/233/115 26/239/26
f 108/234/116 113/233/115 116/241/120
f 114/240/119 116/241/120 113/233/115
f 115/242/121 116/241/120 114/240/119
f 26/243/26 115/242/121 114/240/119
f 26/244/26 23/245/22 115/242/121
f 23/246/22 119/247/122 115/242/121
f 23/246/22 1/248/1 119/247/122
f 117/249/123 119/247/122 1/250/1
f 117/249/123 1/251/1 118/252/124
f 117/249/123 118/253/124 120/254/125
f 120/254/125 122/255/126 117/249/123
f 121/256/127 117/249/123 122/255/126
f 120/257/125 73/258/75 122/255/126
f 121/256/127 119/247/122 117/249/123
f 123/259/128 121/256/127 122/255/126
f 126/260/129 122/255/126 73/261/75
f 73/262/75 74/263/74 126/260/129
f 122/255/126 126/260/129 123/259/128
f 123/259/128 125/264/130 121/256/127
f 119/247/122 121/256/127 115/242/121
f 124/265/131 115/242/121 121/256/127
f 124/265/131 116/241/120 115/242/121
f 124/265/131 121/256/127 125/264/130
f 125/264/130 123/259/128 126/260/129
f 127/266/132 125/264/130 126/260/129
f 125/264/130 127/266/132 130/267/133
f 126/260/129 128/268/134 127/266/132
f 128/268/134 126/260/129 74/269/74
f 81/270/84 128/268/134 74/271/74
f 127/266/132 128/268/134 130/267/133
f 129/272/135 136/273/136 130/267/133
f 125/264/130 130/267/133 136/273/136
f 136/273/136 124/265/131 125/264/130
f 116/241/120 124/265/131 136/273/136
f 136/273/136 129/272/135 135/229/111
f 132/226/108 129/272/135 130/267/133
f 132/226/108 133/228/110 129/272/135
f 135/229/111 129/272/135 133/228/110
f 130/267/133 128/268/134 132/226/108
f 81/274/84 131/223/107 128/268/134
f 131/223/107 132/226/108 128/268/134
f 133/228/110 132/226/108 101/222/106
f 135/229/111 133/228/110 104/227/109
f 106/231/113 107/232/114 134/230/112
f 107/232/114 109/178/79 134/230/112
f 109/178/79 108/234/116 134/230/112
f 135/229/111 134/230/112 108/234/116
f 116/241/120 135/229/111 108/234/116
f 135/229/111 116/241/120 136/273/136
f 137/275/137 75/276/76 73/277/75
f 138/278/138 75/276/76 137/275/137
f 73/279/75 139/280/139 137/275/137
f 75/281/76 138/278/138 140/282/140
f 65/283/67 75/284/76 140/282/140
f 140/282/140 138/278/138 182/285/141
f 139/286/139 141/287/142 137/275/137
f 146/288/143 137/275/137 141/287/142
f 141/287/142 139/289/139 142/290/144
f 141/287/142 142/291/144 144/292/145
f 146/288/143 141/287/142 143/293/146
f 141/287/142 150/294/147 143/293/146
f 144/295/145 150/294/147 141/287/142
f 145/296/148 146/288/143 143/293/146
f 146/288/143 145/296/148 188/297/149
f 147/298/150 138/278/138 137/275/137
f 137/275/137 146/288/143 147/298/150
f 188/297/149 147/298/150 146/288/143
f 182/285/141 138/278/138 147/298/150
f 140/282/140 184/299/151 65/283/67
f 148/300/152 188/297/149 145/296/148
f 145/296/148 195/301/153 148/300/152
f 188/297/149 148/300/152 149/302/154
f 143/293/146 196/303/155 145/296/148
f 196/303/155 143/293/146 150/294/147
f 152/304/156 150/294/147 144/305/145
f 152/304/156 196/303/155 150/294/147
f 197/306/157 145/296/148 196/303/155
f 144/307/145 151/308/158 152/304/156
f 152/304/156 155/309/159 196/303/155
f 152/304/156 151/310/158 153/311/160
f 152/304/156 153/311/160 154/312/161
f 154/312/161 155/309/159 152/304/156
f 154/313/161 156/314/162 155/309/159
f 154/315/161 157/316/163 156/314/162
f 157/317/163 158/318/164 156/314/162
f 157/319/163 159/320/165 158/318/164
f 157/321/163 160/322/166 159/320/165
f 161/323/167 159/320/165 160/322/166
f 160/324/166 151/325/158 161/323/167
f 151/326/158 144/327/145 161/323/167
f 159/320/165 161/323/167 192/328/168
f 161/323/167 144/329/145 162/330/169
f 162/330/169 192/328/168 161/323/167
f 162/330/169 144/329/145 163/331/170
f 163/331/170 144/332/145 142/333/144
f 163/331/170 164/334/171 162/330/169
f 165/335/172 163/331/170 142/333/144
f 164/334/171 163/331/170 165/335/172
f 165/335/172 142/336/144 139/337/139
f 164/334/171 165/335/172 169/338/173
f 139/339/139 166/340/174 165/335/172
f 139/341/139 73/342/75 166/340/174
f 73/343/75 167/344/175 166/340/174
f 166/340/174 167/344/175 170/345/176
f 73/346/75 120/347/125 167/344/175
f 168/348/177 167/344/175 120/349/125
f 170/345/176 169/338/173 166/340/174
f 167/344/175 168/348/177 170/345/176
f 170/345/176 172/350/178 169/338/173
f 166/340/174 169/338/173 165/335/172
f 172/350/178 171/351/179 169/338/173
f 169/338/173 171/351/179 164/334/171
f 164/334/171 171/351/179 173/352/180
f 171/351/179 175/353/181 173/352/180
f 172/350/178 175/353/181 171/351/179
f 170/345/176 175/353/181 172/350/178
f 179/354/182 189/355/183 175/353/181
f 179/354/182 175/353/181 176/356/184
f 170/345/176 176/356/184 175/353/181
f 170/345/176 168/348/177 176/356/184
f 177/357/185 168/348/177 120/349/125
f 118/358/124 177/357/185 120/359/125
f 177/357/185 118/360/124 178/361/186
f 168/348/177 177/357/185 178/361/186
f 178/361/186 118/362/124 1/363/1
f 178/361/186 1/364/1 2/365/3
f 2/366/3 180/367/187 178/361/186
f 180/367/187 2/368/3 6/369/8
f 179/354/182 168/348/177 178/361/186
f 179/354/182 178/361/186 180/367/187
f 168/348/177 179/354/182 176/356/184
f 189/355/183 179/354/182 180/367/187
f 189/355/183 180/367/187 181/370/188
f 181/370/188 180/367/187 6/369/8
f 181/370/188 6/371/8 62/372/63
f 183/373/189 181/370/188 62/374/63
f 185/375/190 181/370/188 183/373/189
f 183/373/189 62/376/63 64/377/65
f 185/375/190 189/355/183 181/370/188
f 183/373/189 182/285/141 185/375/190
f 184/299/151 183/373/189 64/378/65
f 64/379/65 65/380/67 184/299/151
f 140/282/140 183/373/189 184/299/151
f 140/282/140 182/285/141 183/373/189
f 185/375/190 182/285/141 147/298/150
f 185/375/190 187/381/191 189/355/183
f 185/375/190 147/298/150 186/382/192
f 187/381/191 185/375/190 186/382/192
f 147/298/150 188/297/149 186/382/192
f 186/382/192 188/297/149 187/381/191
f 187/381/191 188/297/149 149/302/154
f 149/302/154 148/300/152 190/383/193
f 190/383/193 148/300/152 195/301/153
f 174/384/194 187/381/191 149/302/154
f 149/302/154 173/352/180 174/384/194
f 175/353/181 174/384/194 173/352/180
f 174/384/194 189/355/183 187/381/191
f 175/353/181 189/355/183 174/384/194
f 149/302/154 190/383/193 173/352/180
f 194/385/195 190/383/193 195/301/153
f 190/383/193 191/386/196 173/352/180
f 194/385/195 191/386/196 190/383/193
f 164/334/171 173/352/180 191/386/196
f 192/328/168 164/334/171 191/386/196
f 162/330/169 164/334/171 192/328/168
f 194/385/195 192/328/168 191/386/196
f 193/387/197 192/328/168 194/385/195
f 192/328/168 193/387/197 159/320/165
f 158/318/164 159/320/165 193/387/197
f 156/314/162 158/318/164 193/387/197
f 197/306/157 156/314/162 193/387/197
f 194/385/195 197/306/157 193/387/197
f 194/385/195 195/301/153 197/306/157
f 195/301/153 145/296/148 197/306/157
f 156/314/162 196/303/155 155/309/159
f 196/303/155 156/314/162 197/306/157
f 90/388/93 94/209/100 95/389/101
f 94/390/100 90/391/93 93/392/97
f 98/393/104 95/394/101 97/216/103
f 160/395/166 157/396/163 151/397/158
f 154/398/161 198/399/198 157/400/163
f 201/401/199 200/402/200 199/403/201
f 204/404/202 203/405/203 202/406/204
f 205/407/205 199/408/201 200/409/200
f 207/410/206 206/411/207 205/412/205
f 95/413/101 98/414/104 90/415/93
f 210/416/208 208/417/209 209/418/210
f 203/419/203 206/420/207 207/421/206
f 206/420/207 203/419/203 204/404/202
f 204/404/202 205/422/205 206/420/207
f 205/423/205 204/404/202 202/424/204
f 202/424/204 201/425/199 205/423/205
f 201/401/199 199/426/201 205/427/205
f 153/428/160 157/429/163 198/430/198
f 157/429/163 153/431/160 151/432/158
f 198/433/198 154/434/161 211/435/211
f 153/436/160 198/433/198 211/435/211
f 211/435/211 154/437/161 153/436/160
f 90/438/93 92/439/96 93/440/97
f 213/441/212 214/442/213 212/443/214
f 215/444/215 214/442/213 213/445/212
f 216/446/216 214/442/213 215/447/215
f 214/442/213 220/448/217 212/449/214
f 212/450/214 220/448/217 217/451/218
f 216/452/216 219/453/219 214/442/213
f 219/453/219 220/448/217 214/442/213
f 218/454/220 219/453/219 216/455/216
f 220/448/217 219/453/219 225/456/221
f 218/457/220 221/458/222 219/453/219
f 225/456/221 219/453/219 235/459/223
f 219/453/219 221/458/222 233/460/224
f 219/453/219 233/460/224 235/459/223
f 220/448/217 225/456/221 222/461/225
f 224/462/226 220/448/217 222/461/225
f 220/448/217 224/462/226 217/463/218
f 224/462/226 223/464/227 217/465/218
f 222/461/225 225/456/221 224/462/226
f 227/466/228 223/467/227 224/462/226
f 227/466/228 224/462/226 225/456/221
f 226/468/229 227/466/228 225/456/221
f 223/469/227 227/466/228 229/470/230
f 223/471/227 229/470/230 228/472/231
f 229/470/230 227/466/228 226/468/229
f 235/459/223 226/468/229 225/456/221
f 230/473/232 228/474/231 229/470/230
f 212/475/214 228/476/231 230/473/232
f 230/473/232 229/470/230 234/477/233
f 212/478/214 230/473/232 231/479/234
f 231/479/234 213/480/212 212/481/214
f 215/482/215 213/483/212 231/479/234
f 231/479/234 232/484/235 215/482/215
f 232/485/235 231/479/234 230/473/232
f 230/473/232 234/477/233 232/486/235
f 221/487/222 232/488/235 234/477/233
f 234/477/233 233/460/224 221/489/222
f 234/477/233 235/459/223 233/460/224
f 229/470/230 235/459/223 234/477/233
f 235/459/223 229/470/230 226/468/229
f 236/490/236 217/491/218 223/492/227
f 228/493/231 236/490/236 223/494/227
f 236/490/236 228/495/231 217/496/218
f 217/497/218 228/495/231 212/498/214
f 221/499/222 218/500/220 237/501/237
f 237/501/237 238/502/238 221/503/222
f 232/504/235 221/505/222 238/502/238
f 232/506/235 238/502/238 239/507/239
f 239/507/239 215/508/215 232/509/235
f 215/510/215 239/507/239 216/511/216
f 216/512/216 239/507/239 240/513/240
f 240/513/240 218/514/220 216/515/216
f 242/516/241 243/517/242 241/518/243
f 242/519/241 247/520/244 243/517/242
f 243/517/242 244/521/245 241/522/243
f 244/523/245 243/517/242 245/524/246
f 243/517/242 251/525/247 245/524/246
f 245/526/246 251/525/247 246/527/248
f 251/525/247 243/517/242 247/520/244
f 247/520/244 242/528/241 248/529/249
f 249/530/250 246/531/248 251/525/247
f 248/529/249 250/532/251 247/520/244
f 258/533/252 247/520/244 250/532/251
f 251/525/247 247/520/244 258/533/252
f 258/533/252 249/530/250 251/525/247
f 248/534/249 252/535/253 250/532/251
f 250/532/251 252/536/253 253/537/254
f 258/533/252 250/532/251 254/538/255
f 253/537/254 254/538/255 250/532/251
f 252/539/253 255/540/256 253/537/254
f 255/541/256 257/542/257 253/537/254
f 255/543/256 242/544/241 257/542/257
f 242/545/241 256/546/258 257/542/257
f 253/537/254 257/542/257 259/547/259
f 259/547/259 254/538/255 253/537/254
f 258/533/252 254/538/255 249/530/250
f 259/547/259 249/530/250 254/538/255
f 246/548/248 249/530/250 259/547/259
f 259/547/259 260/549/260 246/550/248
f 260/549/260 259/547/259 257/542/257
f 257/542/257 261/551/261 260/552/260
f 261/553/261 257/542/257 262/554/262
f 262/554/262 257/542/257 256/546/258
f 263/555/263 261/556/261 262/554/262
f 262/554/262 256/557/258 241/558/243
f 262/554/262 241/559/243 263/555/263
f 244/560/245 261/561/261 263/555/263
f 241/562/243 244/560/245 263/555/263
f 252/563/253 248/564/249 264/565/264
f 264/565/264 255/566/256 252/563/253
f 264/565/264 248/567/249 242/568/241
f 255/569/256 264/565/264 242/570/241
f 242/571/241 265/572/265 256/573/258
f 265/572/265 242/574/241 241/575/243
f 265/572/265 241/576/243 256/577/258
f 246/578/248 260/579/260 266/580/266
f 261/581/261 266/580/266 260/582/260
f 267/583/267 266/580/266 261/581/261
f 261/584/261 244/585/245 267/583/267
f 244/586/245 245/587/246 267/583/267
f 268/588/268 267/583/267 245/589/246
f 245/590/246 246/591/248 268/588/268
f 277/592/269 276/593/270 205/594/205
f 205/595/205 276/593/270 207/596/206
f 205/597/205 278/598/271 277/592/269
f 200/599/200 278/598/271 205/600/205
f 201/601/199 278/598/271 200/602/200
f 270/603/272 207/604/206 276/593/270
f 207/605/206 270/603/272 203/606/203
f 276/593/270 290/607/273 270/603/272
f 203/608/203 270/603/272 273/609/274
f 273/609/274 269/610/275 203/611/203
f 273/609/274 271/612/276 269/613/275
f 270/603/272 272/614/277 273/609/274
f 273/609/274 272/614/277 285/615/278
f 271/616/276 273/609/274 274/617/279
f 275/618/280 271/619/276 274/617/279
f 272/614/277 270/603/272 290/607/273
f 284/620/281 290/607/273 276/593/270
f 281/621/282 277/592/269 278/598/271
f 278/598/271 201/622/199 279/623/283
f 201/624/199 202/625/204 279/623/283
f 203/626/203 279/623/283 202/625/204
f 279/623/283 203/626/203 269/627/275
f 279/623/283 269/628/275 280/629/284
f 280/629/284 281/621/282 279/623/283
f 269/630/275 271/631/276 280/629/284
f 279/623/283 281/621/282 278/598/271
f 277/592/269 281/621/282 283/632/285
f 271/633/276 275/634/280 280/629/284
f 281/621/282 280/629/284 282/635/286
f 302/636/287 280/629/284 275/634/280
f 283/632/285 281/621/282 282/635/286
f 284/620/281 277/592/269 283/632/285
f 276/593/270 277/592/269 284/620/281
f 284/620/281 283/632/285 293/637/288
f 282/635/286 293/637/288 283/632/285
f 290/607/273 285/615/278 272/614/277
f 274/617/279 273/609/274 285/615/278
f 274/617/279 285/615/278 290/607/273
f 274/617/279 287/638/289 275/639/280
f 274/617/279 286/640/290 287/638/289
f 58/641/60 275/642/280 287/638/289
f 287/638/289 55/643/57 58/644/60
f 55/643/57 287/638/289 288/645/291
f 289/646/292 288/645/291 287/638/289
f 287/638/289 286/640/290 289/646/292
f 289/646/292 286/640/290 292/647/293
f 290/607/273 292/647/293 286/640/290
f 286/640/290 274/617/279 290/607/273
f 290/607/273 284/620/281 291/648/294
f 293/637/288 291/648/294 284/620/281
f 291/648/294 292/647/293 290/607/273
f 298/649/295 292/647/293 291/648/294
f 292/647/293 298/649/295 295/650/296
f 289/646/292 292/647/293 295/650/296
f 293/637/288 298/649/295 291/648/294
f 294/651/297 289/646/292 295/650/296
f 288/645/291 289/646/292 294/651/297
f 288/645/291 54/652/56 55/653/57
f 54/654/56 288/645/291 294/651/297
f 54/655/56 294/651/297 296/656/298
f 296/656/298 294/651/297 295/650/296
f 296/656/298 15/657/17 54/658/56
f 15/657/17 296/656/298 297/659/299
f 297/659/299 12/660/13 15/661/17
f 297/659/299 296/656/298 295/650/296
f 297/659/299 295/650/296 298/649/295
f 297/659/299 299/662/300 12/663/13
f 298/649/295 299/662/300 297/659/299
f 12/664/13 299/662/300 9/665/11
f 299/662/300 300/666/301 9/667/11
f 303/668/302 299/662/300 293/637/288
f 8/669/10 9/670/11 300/666/301
f 293/637/288 299/662/300 298/649/295
f 58/671/60 8/672/10 300/666/301
f 58/673/60 300/666/301 275/674/280
f 301/675/303 275/674/280 300/666/301
f 275/674/280 301/675/303 302/636/287
f 299/662/300 303/668/302 300/666/301
f 303/668/302 301/675/303 300/666/301
f 302/636/287 301/675/303 303/668/302
f 293/637/288 282/635/286 303/668/302
f 280/629/284 302/636/287 303/668/302
f 282/635/286 280/629/284 303/668/302
f 326/676/304 304/677/305 209/678/210
f 210/679/208 209/680/210 304/677/305
f 304/677/305 326/676/304 308/681/306
f 305/682/307 210/683/208 304/677/305
f 306/684/308 210/685/208 305/682/307
f 305/682/307 329/686/309 306/687/308
f 307/688/310 305/682/307 304/677/305
f 329/686/309 305/682/307 310/689/311
f 307/688/310 310/689/311 305/682/307
f 304/677/305 309/690/312 307/688/310
f 308/681/306 309/690/312 304/677/305
f 306/691/308 329/686/309 311/692/313
f 311/692/313 313/693/314 306/694/308
f 29/695/29 306/694/308 313/693/314
f 329/686/309 312/696/315 311/692/313
f 313/693/314 32/697/32 29/698/29
f 314/699/316 32/700/32 313/693/314
f 311/692/313 312/696/315 313/693/314
f 312/696/315 314/699/316 313/693/314
f 315/701/317 32/702/32 314/699/316
f 315/701/317 34/703/34 32/704/32
f 337/705/318 315/701/317 314/699/316
f 34/703/34 315/701/317 336/706/319
f 38/707/39 34/708/34 336/706/319
f 336/706/319 317/709/320 38/710/39
f 316/711/321 38/712/39 317/709/320
f 319/713/322 316/714/321 317/709/320
f 316/714/321 319/713/322 318/715/323
f 317/709/320 320/716/324 319/713/322
f 322/717/325 318/718/323 319/713/322
f 322/717/325 319/713/322 334/719/326
f 29/720/29 318/721/323 322/717/325
f 29/722/29 322/717/325 321/723/327
f 321/723/327 306/724/308 29/725/29
f 321/723/327 322/717/325 324/726/328
f 306/727/308 321/723/327 323/728/329
f 323/728/329 324/726/328 327/729/330
f 324/726/328 323/728/329 321/723/327
f 323/728/329 325/730/331 306/731/308
f 210/732/208 306/733/308 325/730/331
f 325/730/331 208/734/209 210/735/208
f 325/730/331 209/736/210 208/737/209
f 326/676/304 209/678/210 325/730/331
f 308/681/306 326/676/304 331/738/332
f 338/739/333 308/681/306 331/738/332
f 325/730/331 327/729/330 326/676/304
f 326/676/304 327/729/330 331/738/332
f 327/729/330 325/730/331 323/728/329
f 309/690/312 310/689/311 307/688/310
f 310/689/311 309/690/312 330/740/334
f 329/686/309 310/689/311 328/741/335
f 328/741/335 312/696/315 329/686/309
f 310/689/311 330/740/334 328/741/335
f 309/690/312 308/681/306 330/740/334
f 330/740/334 308/681/306 338/739/333
f 331/738/332 327/729/330 338/739/333
f 327/729/330 324/726/328 333/742/336
f 338/739/333 327/729/330 333/742/336
f 332/743/337 338/739/333 333/742/336
f 322/717/325 333/742/336 324/726/328
f 333/742/336 322/717/325 334/719/326
f 334/719/326 332/743/337 333/742/336
f 319/713/322 320/716/324 334/719/326
f 334/719/326 320/716/324 332/743/337
f 335/744/338 320/716/324 317/709/320
f 332/743/337 320/716/324 338/739/333
f 335/744/338 317/709/320 336/706/319
f 315/701/317 337/705/318 336/706/319
f 337/705/318 335/744/338 336/706/319
f 320/716/324 335/744/338 337/705/318
f 330/740/334 337/705/318 314/699/316
f 328/741/335 330/740/334 314/699/316
f 338/739/333 337/705/318 330/740/334
f 337/705/318 338/739/333 320/716/324
f 314/699/316 312/696/315 328/741/335
f 65/745/67 352/746/339 112/747/118
f 351/748/340 112/747/118 352/746/339
f 352/746/339 65/749/67 51/750/52
f 344/751/341 352/746/339 51/752/52
f 345/753/342 352/746/339 344/751/341
f 343/754/343 344/751/341 51/755/52
f 343/754/343 51/756/52 48/757/48
f 46/758/46 343/754/343 48/757/48
f 46/759/46 339/760/344 343/754/343
f 339/760/344 46/761/46 37/762/38
f 37/763/38 38/764/39 339/760/344
f 339/760/344 38/765/39 340/766/345
f 340/766/345 341/767/346 339/760/344
f 339/760/344 341/767/346 343/754/343
f 38/768/39 316/769/321 340/766/345
f 342/770/347 341/767/346 340/766/345
f 316/771/321 342/770/347 340/766/345
f 316/772/321 346/773/348 342/770/347
f 346/773/348 316/772/321 318/774/323
f 343/754/343 341/767/346 342/770/347
f 342/770/347 344/751/341 343/754/343
f 346/773/348 344/751/341 342/770/347
f 344/751/341 346/773/348 345/753/342
f 346/773/348 318/774/323 347/775/349
f 318/776/323 29/777/29 347/775/349
f 347/775/349 345/753/342 346/773/348
f 347/775/349 348/778/350 345/753/342
f 348/778/350 349/779/351 345/753/342
f 348/778/350 347/775/349 29/780/29
f 29/780/29 27/781/28 348/778/350
f 27/782/28 350/783/352 348/778/350
f 349/779/351 348/778/350 350/783/352
f 350/783/352 27/784/28 26/785/26
f 351/748/340 350/783/352 26/786/26
f 349/779/351 350/783/352 351/748/340
f 26/787/26 112/788/118 351/748/340
f 352/746/339 349/779/351 351/748/340
f 349/779/351 352/746/339 345/753/342
f 354/789/353 353/790/354 357/791/355
f 355/792/356 356/793/357 353/790/358
f 353/790/358 356/793/357 354/789/359
f 356/794/357 358/795/360 354/789/359
f 354/789/359 362/796/361 359/797/362
f 362/796/361 354/789/359 358/795/360
f 356/798/357 360/799/363 358/795/360
f 361/800/364 358/795/360 360/801/363
f 358/795/360 361/802/364 363/803/365
f 363/803/365 362/796/361 358/795/360
f 362/796/361 363/803/365 359/797/362
f 361/804/364 355/805/356 363/803/365
f 364/806/366 360/807/363 356/808/357
f 360/809/363 364/806/366 367/810/367
f 365/811/368 367/810/367 364/806/366
f 364/806/366 356/812/357 366/813/369
f 407/814/370 364/806/366 366/813/369
f 365/811/368 401/815/371 367/810/367
f 360/816/363 367/810/367 368/817/372
f 361/818/364 360/819/363 368/817/372
f 361/820/364 368/817/372 355/821/356
f 394/822/373 355/823/356 368/817/372
f 394/822/373 356/824/357 355/825/356
f 367/810/367 401/815/371 368/817/372
f 368/817/372 401/815/371 396/826/374
f 394/822/373 368/817/372 369/827/375
f 368/817/372 396/826/374 369/827/375
f 356/828/357 394/822/373 395/829/376
f 395/829/376 366/830/369 356/831/357
f 370/832/377 395/829/376 375/833/378
f 395/829/376 372/834/379 366/835/369
f 371/836/380 372/834/379 395/829/376
f 372/834/379 373/837/381 366/838/369
f 372/834/379 371/836/380 373/839/381
f 374/840/382 373/841/381 371/836/380
f 370/832/377 371/836/380 395/829/376
f 371/836/380 375/833/378 374/842/382
f 375/833/378 371/836/380 370/832/377
f 380/843/383 379/844/384 375/833/378
f 375/833/378 379/844/384 374/845/382
f 376/846/385 374/847/382 379/844/384
f 379/844/384 377/848/386 376/849/385
f 377/850/386 379/844/384 378/851/387
f 378/852/387 379/844/384 381/853/388
f 381/853/388 379/844/384 380/843/383
f 381/853/388 380/843/383 386/854/389
f 381/853/388 385/855/390 378/856/387
f 385/855/390 382/857/391 378/858/387
f 382/859/391 385/855/390 383/860/392
f 385/855/390 384/861/393 383/862/392
f 384/863/393 385/855/390 386/854/389
f 381/853/388 386/854/389 385/855/390
f 386/854/389 389/864/394 384/865/393
f 387/866/395 384/867/393 389/864/394
f 387/868/395 389/864/394 388/869/396
f 388/870/396 389/864/394 391/871/397
f 388/872/396 391/871/397 390/873/398
f 386/854/389 391/871/397 389/864/394
f 386/854/389 369/827/375 391/871/397
f 391/871/397 393/874/399 390/875/398
f 393/874/399 392/876/400 390/877/398
f 393/874/399 391/871/397 369/827/375
f 375/833/378 394/822/373 380/843/383
f 375/833/378 395/829/376 394/822/373
f 386/854/389 380/843/383 394/822/373
f 394/822/373 369/827/375 386/854/389
f 396/826/374 393/874/399 369/827/375
f 401/815/371 398/878/401 396/826/374
f 398/878/401 397/879/402 396/826/374
f 397/879/402 393/874/399 396/826/374
f 397/879/402 392/880/400 393/874/399
f 392/881/400 397/879/402 390/882/398
f 390/883/398 397/879/402 398/878/401
f 390/884/398 398/878/401 399/885/403
f 399/885/403 388/886/396 390/887/398
f 399/885/403 387/888/395 388/889/396
f 387/890/395 399/885/403 398/878/401
f 398/878/401 384/891/393 387/892/395
f 400/893/404 384/894/393 398/878/401
f 398/878/401 401/815/371 400/893/404
f 383/895/392 384/896/393 400/893/404
f 400/893/404 382/897/391 383/898/392
f 382/899/391 400/893/404 409/900/405
f 409/900/405 378/901/387 382/902/391
f 401/815/371 409/900/405 400/893/404
f 402/903/406 378/904/387 409/900/405
f 402/903/406 377/905/386 378/904/387
f 402/903/406 409/900/405 404/906/407
f 377/907/386 402/903/406 403/908/408
f 376/909/385 377/910/386 403/908/408
f 403/908/408 402/903/406 404/906/407
f 376/911/385 403/908/408 408/912/409
f 408/912/409 374/913/382 376/911/385
f 404/906/407 408/912/409 403/908/408
f 405/914/410 374/915/382 408/912/409
f 374/916/382 405/914/410 406/917/411
f 406/917/411 373/918/381 374/916/382
f 406/917/411 366/919/369 373/920/381
f 366/921/369 406/917/411 407/814/370
f 365/811/368 407/814/370 406/917/411
f 407/814/370 365/811/368 364/806/366
f 365/811/368 406/917/411 405/914/410
f 365/811/368 405/914/410 401/815/371
f 401/815/371 405/914/410 408/912/409
f 408/912/409 404/906/407 409/900/405
f 409/900/405 401/815/371 408/912/409
f 410/922/412 412/923/413 411/924/414
f 414/925/415 412/926/413 410/922/412
f 414/925/415 413/927/416 412/928/413
f 413/929/416 414/925/415 417/930/417
f 417/930/417 419/931/418 415/932/419
f 417/930/417 416/933/420 413/934/416
f 416/935/420 417/930/417 415/932/419
f 415/932/419 418/936/421 416/935/420
f 418/936/421 415/932/419 419/931/418
f 418/936/421 411/937/414 416/938/420
f 411/939/414 418/936/421 419/931/418
f 412/940/413 413/808/416 421/941/422
f 413/942/416 424/943/423 421/941/422
f 424/943/423 423/944/424 421/941/422
f 424/943/423 413/945/416 416/946/420
f 420/947/425 412/948/413 421/941/422
f 420/949/425 421/941/422 426/950/426
f 426/950/426 422/951/427 420/952/425
f 421/941/422 423/944/424 426/950/426
f 423/944/424 425/953/428 426/950/426
f 423/944/424 424/943/423 425/953/428
f 427/954/429 422/955/427 426/950/426
f 427/954/429 426/950/426 428/956/430
f 431/957/431 422/958/427 427/954/429
f 429/959/432 422/960/427 431/957/431
f 433/961/433 425/953/428 424/943/423
f 431/957/431 425/953/428 432/962/434
f 429/913/432 431/957/431 430/963/435
f 431/957/431 446/964/436 430/963/435
f 431/957/431 432/962/434 446/964/436
f 425/953/428 433/961/433 432/962/434
f 416/816/420 433/961/433 424/943/423
f 416/820/420 411/821/414 433/961/433
f 411/965/414 434/966/437 433/961/433
f 411/967/414 412/823/413 434/966/437
f 434/966/437 436/968/438 433/961/433
f 434/966/437 435/969/439 436/968/438
f 452/970/440 433/961/433 436/968/438
f 452/970/440 451/971/441 448/972/442
f 452/970/440 432/962/434 433/961/433
f 452/970/440 442/973/443 432/962/434
f 437/974/444 448/972/442 460/975/445
f 438/976/446 437/977/444 460/975/445
f 437/978/444 442/973/443 448/972/442
f 442/973/443 452/970/440 448/972/442
f 442/973/443 437/979/444 439/980/447
f 440/981/448 442/973/443 439/982/447
f 440/981/448 439/983/447 441/899/449
f 440/981/448 441/984/449 442/973/443
f 441/985/449 444/986/450 442/973/443
f 432/962/434 442/973/443 444/986/450
f 441/987/449 443/988/451 444/986/450
f 446/964/436 432/962/434 444/986/450
f 444/986/450 443/989/451 446/964/436
f 445/990/452 446/964/436 443/991/451
f 430/992/435 446/964/436 447/993/453
f 445/994/452 430/995/435 447/993/453
f 445/996/452 447/993/453 446/964/436
f 449/997/454 460/975/445 448/972/442
f 448/972/442 451/971/441 449/998/454
f 449/999/454 451/971/441 450/1000/455
f 456/1001/456 450/1002/455 451/971/441
f 452/970/440 455/1003/457 451/971/441
f 452/970/440 436/968/438 435/969/439
f 455/1003/457 452/970/440 435/969/439
f 435/969/439 434/966/437 464/1004/458
f 453/1005/459 464/1004/458 458/1006/460
f 453/1005/459 449/1007/454 450/1008/455
f 453/1005/459 435/969/439 464/1004/458
f 449/1009/454 453/1005/459 457/1010/461
f 453/1005/459 450/1011/455 454/1012/462
f 453/1005/459 454/1012/462 435/969/439
f 454/1012/462 455/1003/457 435/969/439
f 455/1003/457 454/1012/462 450/880/455
f 451/971/441 455/1003/457 456/1001/456
f 455/1003/457 450/880/455 456/1001/456
f 457/1010/461 453/1005/459 458/1006/460
f 457/1010/461 438/1013/446 449/1014/454
f 438/867/446 457/1010/461 458/1006/460
f 458/1006/460 437/1015/444 438/1016/446
f 458/1006/460 464/1004/458 465/1017/463
f 458/1006/460 465/1017/463 443/1018/451
f 458/1006/460 443/1018/451 441/1019/449
f 458/1006/460 441/856/449 459/1020/464
f 439/1021/447 437/1022/444 458/1006/460
f 439/1023/447 458/1006/460 459/1020/464
f 459/1020/464 441/1024/449 439/1025/447
f 449/1026/454 438/1027/446 460/975/445
f 431/957/431 427/954/429 425/953/428
f 427/954/429 428/956/430 425/953/428
f 426/950/426 425/953/428 428/956/430
f 461/1028/465 422/1029/427 429/1030/432
f 462/1031/466 422/1032/427 461/1028/465
f 422/1033/427 462/1031/466 463/1034/467
f 462/1031/466 461/1028/465 463/1034/467
f 422/1035/427 463/1034/467 420/1036/425
f 463/1034/467 412/1037/413 420/1038/425
f 463/1034/467 461/1028/465 465/1017/463
f 465/1017/463 461/1028/465 429/1039/432
f 464/1004/458 463/1034/467 465/1017/463
f 434/966/437 463/1034/467 464/1004/458
f 463/1034/467 434/966/437 412/1037/413
f 445/1040/452 466/1041/468 430/1042/435
f 466/1041/468 445/1043/452 443/1044/451
f 443/1044/451 465/1017/463 466/1041/468
f 466/1041/468 429/847/432 430/1045/435
f 429/1046/432 466/1041/468 465/1017/463
f 477/1047/469 476/1048/470 478/1049/471
f 486/1050/472 487/1051/473 488/1052/474
f 512/1053/475 511/1054/476 510/1055/477
f 531/1056/478 530/1057/479 532/1058/480
f 547/1059/481 545/1060/482 546/1061/483
f 553/1062/484 551/1063/485 550/1064/486
f 552/1065/487 550/1064/486 551/1063/485
f 551/1063/485 553/1062/484 552/1065/487
f 514/1066/488 513/1066/488 469/1066/488 524/1066/488
f 585/1067/489 586/1068/490 593/1069/491
f 588/1070/492 593/1069/491 586/1068/490
f 593/1069/491 588/1070/492 587/1071/493
f 589/1072/494 587/1071/493 588/1070/492
f 588/1070/492 605/1073/495 589/1072/494
f 587/1071/493 589/1072/494 605/1073/495
f 587/1071/493 591/1074/496 593/1069/491
f 591/1074/496 587/1071/493 590/1075/497
f 585/1067/489 593/1069/491 591/1074/496
f 592/1076/498 591/1074/496 590/1075/497
f 591/1074/496 596/1077/499 585/1067/489
f 585/1067/489 596/1077/499 595/1078/500
f 594/1079/501 596/1077/499 591/1074/496
f 594/1079/501 591/1074/496 592/1076/498
f 597/1080/502 596/1077/499 594/1079/501
f 596/1077/499 599/1081/503 595/1078/500
f 594/1079/501 592/1076/498 597/1080/502
f 597/1080/502 599/1081/503 596/1077/499
f 599/1081/503 598/1082/504 595/1078/500
f 600/1083/505 597/1080/502 592/1076/498
f 601/1084/506 597/1080/502 600/1083/505
f 600/1083/505 592/1076/498 590/1075/497
f 601/1084/506 602/1085/507 597/1080/502
f 599/1081/503 597/1080/502 602/1085/507
f 599/1081/503 602/1085/507 598/1082/504
f 604/1086/508 598/1082/504 602/1085/507
f 601/1084/506 600/1083/505 603/1087/509
f 603/1087/509 602/1085/507 601/1084/506
f 600/1083/505 590/1075/497 603/1087/509
f 603/1087/509 590/1075/497 587/1071/493
f 587/1071/493 605/1073/495 603/1087/509
f 604/1086/508 603/1087/509 605/1073/495
f 604/1086/508 602/1085/507 603/1087/509
f 604/1086/508 605/1073/495 598/1082/504
f 630/1088/510 610/1089/511 611/1090/512
f 612/1091/513 610/1089/511 630/1088/510
f 612/1091/513 613/1092/514 610/1089/511
f 610/1089/511 613/1092/514 615/1093/515
f 614/1094/516 610/1089/511 615/1093/515
f 610/1089/511 614/1094/516 607/1095/517
f 615/1093/515 607/1095/517 614/1094/516
f 615/1093/515 613/1092/514 621/1096/518
f 607/1095/517 615/1093/515 616/1097/519
f 616/1097/519 618/1098/520 629/1099/521
f 629/1099/521 618/1098/520 617/1100/522
f 616/1097/519 615/1093/515 618/1098/520
f 612/1091/513 619/1101/523 621/1096/518
f 622/1102/524 612/1091/513 630/1088/510
f 630/1088/510 609/1103/525 622/1102/524
f 622/1102/524 609/1103/525 620/1104/526
f 612/1091/513 622/1102/524 619/1101/523
f 619/1101/523 622/1102/524 620/1104/526
f 621/1096/518 619/1101/523 609/1103/525
f 620/1104/526 609/1103/525 619/1101/523
f 606/1105/527 621/1096/518 609/1103/525
f 623/1106/528 621/1096/518 606/1105/527
f 623/1106/528 615/1093/515 621/1096/518
f 623/1106/528 625/1107/529 615/1093/515
f 624/1108/530 625/1107/529 623/1106/528
f 615/1093/515 625/1107/529 618/1098/520
f 628/1109/531 618/1098/520 627/1110/532
f 628/1109/531 617/1100/522 618/1098/520
f 617/1100/533 628/1109/534 626/1111/535
f 631/1112/536 618/1098/520 625/1107/529
f 631/1112/536 625/1107/529 624/1108/530
f 628/1109/531 627/1110/532 617/1100/522
f 631/1112/536 627/1110/532 618/1098/520
f 607/1095/517 629/1099/521 627/1110/532
f 611/1090/512 607/1095/517 627/1110/532
f 611/1090/512 627/1110/532 630/1088/510
f 607/1095/517 616/1097/519 629/1099/521
f 629/1099/521 617/1100/522 627/1110/532
f 621/1096/518 613/1092/514 612/1091/513
f 609/1103/525 630/1088/510 606/1105/527
f 623/1106/528 606/1105/527 630/1088/510
f 630/1088/510 627/1110/532 623/1106/528
f 623/1106/528 627/1110/532 631/1112/536
f 623/1106/528 631/1112/536 624/1108/530
f 608/1113/537 632/1114/538 634/1115/539
f 633/1116/540 639/1117/541 608/1113/537
f 634/1115/539 633/1116/540 608/1113/537
f 634/1115/539 635/1118/542 633/1116/540
f 635/1118/542 638/1119/543 633/1116/540
f 635/1118/542 653/1120/544 638/1119/543
f 635/1118/542 636/1121/545 653/1120/544
f 636/1121/545 654/1122/546 653/1120/544
f 636/1121/545 632/1114/538 654/1122/546
f 637/1123/547 654/1122/546 632/1114/538
f 608/1113/537 637/1123/547 632/1114/538
f 608/1113/537 639/1117/541 637/1123/547
f 653/1120/544 637/1123/547 639/1117/541
f 638/1119/543 653/1120/544 639/1117/541
f 637/1123/547 653/1120/544 654/1122/546
f 633/1116/540 638/1119/543 639/1117/541
f 642/1124/548 641/1125/549 640/1126/550
f 642/1124/548 640/1126/550 650/1127/551
f 650/1127/551 647/1128/552 642/1124/548
f 650/1127/551 640/1126/550 643/1129/553
f 641/1130/549 643/1129/553 640/1126/550
f 643/1129/553 641/1131/549 645/1132/554
f 645/1132/554 644/1133/555 643/1129/553
f 643/1129/553 644/1133/555 650/1127/551
f 644/1133/555 646/1134/556 650/1127/551
f 646/1134/556 648/1135/557 647/1128/552
f 644/1133/555 648/1136/557 646/1134/556
f 644/1133/555 645/1132/554 648/1136/557
f 647/1128/552 648/1137/557 649/1138/558
f 650/1127/551 646/1134/556 647/1128/552
f 641/1139/549 647/1128/552 649/1140/558
f 641/1141/549 642/1124/548 647/1128/552
f 651/1142/559 649/1143/558 648/1144/557
f 641/1145/549 649/1146/558 651/1142/559
f 652/1147/560 641/1148/549 651/1142/559
f 656/1149/561 657/1150/562 655/1151/563
f 659/1152/564 656/1149/561 655/1151/563
f 659/1152/564 657/1150/562 656/1149/561
f 658/1153/565 657/1150/562 659/1152/564
f 660/1154/566 658/1153/565 659/1152/564
f 657/1150/562 658/1153/565 660/1154/566
f 663/1155/567 661/1156/568 662/1157/569
f 664/1158/570 662/1157/569 661/1156/568
f 664/1158/570 663/1155/567 662/1157/569
f 672/1159/571 666/1160/572 665/1161/573
f 665/1161/573 667/1162/574 672/1159/571
f 667/1162/574 665/1161/573 668/1163/575
f 669/1164/576 667/1162/574 668/1163/575
f 670/1165/577 672/1159/571 667/1162/574
f 667/1162/574 669/1164/576 670/1165/577
f 670/1165/577 669/1164/576 671/1166/578
f 674/1167/579 672/1159/580 673/1168/581
f 674/1167/579 673/1168/581 670/1165/582
f 676/1169/583 670/1165/584 675/1170/583
f 671/1171/578 677/1172/585 670/1165/577
f 680/1173/586 679/1174/587 678/1175/588
f 678/1175/588 681/1176/589 680/1173/586
f 685/1177/590 678/1175/588 679/1174/587
f 683/1178/591 678/1175/588 685/1177/590
f 681/1176/589 678/1175/588 683/1178/591
f 683/1178/591 682/1167/592 681/1176/589
f 682/1167/592 683/1178/591 685/1177/590
f 684/1179/593 685/1177/590 679/1174/587
f 686/1180/594 685/1177/590 684/1179/593
f 679/1174/587 689/1181/595 684/1179/593
f 684/1179/593 689/1181/595 686/1180/594
f 686/1180/594 689/1181/595 687/1182/596
f 687/1182/596 689/1181/595 688/1183/597
f 688/1183/597 689/1181/595 679/1174/587
f 680/1173/586 688/1183/597 679/1174/587
f 690/1184/598 691/1185/599 692/1186/600
f 692/1187/600 693/1188/601 690/1184/598
f 693/1188/601 691/1189/599 690/1184/598
f 695/1190/602 694/1191/603 693/1192/601
f 693/1192/601 694/1191/603 691/1193/599
f 694/1191/603 695/1194/602 691/1195/599
f 693/1196/601 696/1197/604 697/1198/605
f 697/1198/605 696/1199/604 695/1200/602
f 697/1198/605 695/1201/602 693/1202/601
f 692/1203/600 698/1204/606 693/1205/601
f 696/1206/604 698/1204/606 692/1207/600
f 693/1208/601 698/1204/606 696/1209/604
f 700/1210/607 699/1211/607 701/1212/607
f 700/1213/608 699/1214/609 702/1215/610
f 700/1216/608 702/1215/610 703/1217/611
f 703/1217/611 702/1215/610 699/1218/609
f 703/1219/611 699/1220/609 704/1221/612
f 703/1199/611 704/1221/612 705/1222/613
f 705/1223/613 704/1221/612 699/1224/609
f 705/1225/613 699/1226/609 706/1227/614
f 705/1228/613 706/1227/614 700/1229/608
f 700/1230/608 706/1227/614 699/1231/609
f 707/1232/615 705/1233/613 700/1234/608
f 705/1235/613 707/1232/615 703/1236/611
f 707/1232/615 700/1237/608 703/1238/611
f 708/1239/616 691/1240/599 695/1241/602
f 691/1242/599 708/1239/616 692/1243/600
f 696/1244/604 692/1245/600 708/1239/616
f 696/1236/604 708/1239/616 695/1246/602
f 710/1247/617 711/1248/617 709/1249/617
f 710/1250/618 709/1251/619 712/1252/620
f 712/1252/620 713/1253/621 710/1254/618
f 713/1255/621 712/1252/620 709/1256/619
f 713/1257/621 709/1220/619 714/1258/622
f 714/1258/622 715/1259/623 713/1199/621
f 715/1260/623 714/1258/622 709/1261/619
f 709/1262/619 710/1263/618 716/1264/624
f 715/1206/623 709/1265/619 716/1264/624
f 716/1264/624 710/1266/618 715/1206/623
f 717/1267/625 718/1268/625 719/1269/626
f 721/1270/627 717/1271/627 720/1272/628
f 718/1273/629 717/1274/630 722/1275/631
f 723/1189/632 722/1275/631 717/1188/630
f 718/1276/629 722/1275/631 723/1277/632
f 717/1278/630 721/1279/633 724/1280/634
f 717/1192/630 724/1280/634 723/1193/632
f 724/1280/634 721/1281/633 718/1195/629
f 718/1195/629 723/1282/632 724/1280/634
f 718/1283/629 725/1284/635 717/1234/636
f 721/1241/633 725/1284/635 718/1240/629
f 725/1284/635 721/1285/633 717/1236/636
f 715/1244/623 710/1245/618 726/1286/637
f 726/1286/637 713/1236/621 715/1235/623
f 713/1287/621 726/1286/637 710/1241/618
f 728/1288/638 888/1289/639 727/1290/640
f 727/1291/640 888/1289/639 729/1292/641
f 731/1293/642 730/1294/643 839/1295/644
f 733/1296/645 728/1297/638 732/1298/646
f 869/1299/647 734/1300/648 731/1301/642
f 736/1302/649 735/1303/650 898/1304/651
f 900/1305/652 735/1306/650 737/1307/653
f 739/1308/654 738/1309/655 911/1310/656
f 741/1311/657 739/1312/654 740/1313/658
f 743/1314/659 741/1311/657 742/1315/660
f 734/1316/648 852/1317/661 744/1318/662
f 745/1319/663 736/1320/649 904/1321/664
f 737/1322/653 745/1323/663 902/1324/665
f 746/1325/666 677/1326/667 671/1327/668
f 671/1328/669 916/1329/670 747/1330/671
f 676/1331/672 674/1332/673 920/1333/674
f 750/1334/675 749/1335/676 748/1336/677
f 925/1337/678 962/1338/679 751/1339/680
f 925/1337/678 752/1340/681 962/1338/679
f 752/1340/681 755/1341/682 962/1338/679
f 752/1340/681 753/1342/683 755/1341/682
f 754/1343/684 755/1341/682 803/1344/685
f 755/1341/682 753/1342/683 757/1345/686
f 802/1346/687 755/1341/682 757/1345/686
f 756/1347/688 757/1345/686 792/1348/689
f 792/1348/689 757/1345/686 753/1342/683
f 753/1342/683 758/1349/690 792/1348/689
f 758/1349/690 753/1342/683 776/1350/691
f 776/1350/691 753/1342/683 922/1351/692
f 759/1352/693 776/1350/691 922/1351/692
f 761/1353/694 758/1349/690 760/1354/695
f 762/1355/696 758/1349/690 761/1353/694
f 763/1356/697 761/1353/694 760/1354/695
f 760/1354/695 758/1349/690 764/1357/698
f 763/1356/697 760/1354/695 764/1357/698
f 758/1349/690 776/1350/691 765/1358/699
f 758/1349/690 765/1358/699 764/1357/698
f 762/1355/696 761/1353/694 766/1359/700
f 766/1359/700 761/1353/694 763/1356/697
f 763/1356/697 764/1357/698 767/1360/701
f 768/1361/702 763/1356/697 767/1360/701
f 766/1359/700 763/1356/697 768/1361/702
f 769/1362/703 767/1360/701 764/1357/698
f 769/1362/703 764/1357/698 765/1358/699
f 770/1363/704 766/1359/700 768/1361/702
f 769/1362/703 765/1358/699 771/1364/705
f 772/1365/706 766/1359/700 770/1363/704
f 772/1365/706 762/1355/696 766/1359/700
f 773/1366/707 772/1365/706 770/1363/704
f 777/1367/708 771/1364/705 765/1358/699
f 765/1358/699 776/1350/691 777/1367/708
f 758/1349/690 762/1355/696 772/1365/706
f 774/1368/709 772/1365/706 773/1366/707
f 774/1368/709 758/1349/690 772/1365/706
f 774/1368/709 773/1366/707 775/1369/710
f 771/1364/705 777/1367/708 778/1370/711
f 776/1350/691 779/1371/712 777/1367/708
f 759/1372/693 779/1371/712 776/1350/691
f 777/1367/708 780/1373/713 778/1370/711
f 777/1367/708 779/1371/712 780/1373/713
f 778/1370/711 780/1373/713 781/1374/714
f 782/1375/715 781/1374/714 780/1373/713
f 781/1374/714 782/1375/715 783/1376/716
f 779/1371/712 784/1377/717 780/1373/713
f 780/1373/713 784/1377/717 782/1375/715
f 779/1371/712 785/1378/718 784/1377/717
f 759/1372/693 785/1378/718 779/1371/712
f 785/1378/718 786/1379/719 784/1377/717
f 784/1377/717 786/1379/719 782/1375/715
f 787/1380/720 783/1376/716 782/1375/715
f 783/1376/716 787/1380/720 788/1381/721
f 792/1348/689 758/1349/690 791/1382/722
f 791/1382/722 758/1349/690 789/1383/723
f 789/1383/723 758/1349/690 774/1368/709
f 775/1369/710 789/1383/723 774/1368/709
f 790/1384/724 789/1383/723 775/1369/710
f 791/1382/722 789/1383/723 790/1384/724
f 792/1348/689 791/1382/722 756/1347/688
f 791/1382/722 795/1385/725 756/1347/688
f 795/1385/725 791/1382/722 793/1386/726
f 757/1345/686 756/1347/688 802/1346/687
f 794/1387/727 756/1347/688 795/1385/725
f 797/1388/728 756/1347/688 796/1389/729
f 798/1390/730 797/1388/728 796/1389/729
f 796/1389/729 756/1347/688 799/1391/731
f 796/1389/729 799/1391/731 798/1392/730
f 797/1388/728 798/1390/730 800/1393/732
f 801/1394/733 797/1388/728 800/1393/732
f 756/1347/688 828/1395/734 802/1346/687
f 802/1346/687 828/1395/734 812/1396/735
f 755/1341/682 802/1346/687 803/1344/685
f 807/1397/736 804/1398/737 803/1344/685
f 804/1398/737 754/1343/684 803/1344/685
f 804/1398/737 807/1397/736 965/1399/738
f 805/1400/739 965/1399/738 807/1397/736
f 807/1397/736 806/1401/740 805/1402/739
f 806/1401/740 741/1403/657 805/1402/739
f 807/1397/736 739/1404/654 806/1401/740
f 739/1404/654 807/1397/736 808/1405/741
f 808/1405/741 807/1397/736 803/1344/685
f 802/1346/687 808/1405/741 803/1344/685
f 802/1346/687 810/1406/742 808/1405/741
f 810/1406/742 739/1407/654 808/1405/741
f 810/1406/742 809/1408/743 738/1409/655
f 812/1396/735 810/1406/742 802/1346/687
f 810/1406/742 812/1396/735 811/1410/744
f 811/1410/744 809/1411/743 810/1406/742
f 828/1395/734 811/1410/744 812/1396/735
f 828/1395/734 821/1412/745 811/1410/744
f 811/1410/744 821/1412/745 813/1413/746
f 811/1410/744 813/1414/746 734/1415/648
f 821/1412/745 814/1416/747 813/1417/746
f 821/1412/745 815/1418/748 814/1419/747
f 815/1418/748 817/1420/749 816/1421/750
f 817/1420/749 815/1418/748 821/1412/745
f 816/1421/750 817/1420/749 818/1422/751
f 819/1423/752 818/1422/751 817/1420/749
f 818/1422/751 819/1423/752 820/1424/753
f 819/1423/752 817/1420/749 821/1412/745
f 819/1423/752 821/1412/745 820/1424/753
f 822/1425/754 820/1424/753 821/1412/745
f 822/1425/754 823/1426/755 820/1424/753
f 828/1395/734 822/1425/754 821/1412/745
f 823/1426/755 822/1425/754 824/1427/756
f 827/1428/757 824/1427/756 822/1425/754
f 825/1429/758 824/1427/756 827/1428/757
f 827/1428/757 822/1425/754 828/1395/734
f 826/1430/759 825/1429/758 827/1428/757
f 826/1430/759 827/1428/757 828/1395/734
f 829/1431/760 826/1430/759 828/1395/734
f 829/1431/760 830/1432/761 826/1430/759
f 825/1429/758 826/1430/759 830/1432/761
f 830/1432/761 831/1433/762 825/1429/758
f 828/1395/734 756/1347/688 797/1388/728
f 828/1395/734 832/1434/763 829/1431/760
f 830/1432/761 829/1431/760 832/1434/763
f 832/1434/763 828/1395/734 797/1388/728
f 831/1433/762 830/1432/761 833/1435/764
f 832/1434/763 833/1435/764 830/1432/761
f 833/1435/764 834/1436/765 831/1433/762
f 834/1436/765 833/1435/764 835/1437/766
f 797/1388/728 836/1438/767 832/1434/763
f 833/1435/764 832/1434/763 836/1438/767
f 836/1438/767 835/1437/766 833/1435/764
f 836/1438/767 797/1388/728 801/1439/733
f 835/1437/766 836/1438/767 801/1440/733
f 750/1334/675 748/1336/677 837/1441/768
f 729/1442/641 730/1443/643 751/1339/680
f 751/1339/680 727/1444/640 729/1442/641
f 728/1445/638 727/1446/640 751/1339/680
f 751/1339/680 730/1443/643 731/1447/642
f 838/1448/769 732/1449/646 728/1450/638
f 731/1451/642 734/1452/648 952/1453/770
f 739/1454/654 810/1406/742 738/1455/655
f 741/1456/657 806/1401/740 739/1404/654
f 734/1415/648 744/1457/662 811/1410/744
f 736/1458/649 987/1459/771 735/1460/650
f 735/1461/650 1000/1462/772 737/1463/653
f 986/1464/773 736/1465/649 745/1466/663
f 1000/1462/772 745/1467/663 737/1468/653
f 730/1469/643 840/1470/774 839/1295/644
f 841/1471/775 839/1295/644 840/1472/774
f 839/1295/644 841/1471/775 870/1473/776
f 841/1471/775 840/1474/774 732/1475/646
f 842/1476/777 841/1471/775 732/1477/646
f 841/1471/775 842/1478/777 843/1479/778
f 843/1480/778 868/1481/779 841/1471/775
f 843/1482/778 844/1483/780 868/1481/779
f 844/1484/780 846/1485/781 868/1481/779
f 845/1486/782 868/1481/779 846/1485/781
f 844/1484/780 805/1487/739 846/1485/781
f 867/1488/783 846/1485/781 805/1489/739
f 847/1490/784 867/1488/783 805/1489/739
f 741/1491/657 847/1490/784 805/1492/739
f 741/1491/657 743/1493/659 847/1490/784
f 847/1490/784 743/1494/659 850/1495/785
f 847/1490/784 850/1495/785 848/1496/786
f 738/1497/655 850/1495/785 743/1498/659
f 850/1495/785 738/1499/655 809/1500/743
f 850/1495/785 849/1501/787 848/1496/786
f 872/1502/788 848/1496/786 849/1501/787
f 849/1501/787 850/1495/785 851/1503/789
f 851/1503/789 850/1495/785 809/1504/743
f 851/1503/789 852/1317/661 849/1501/787
f 851/1503/789 744/1505/662 852/1317/661
f 852/1317/661 872/1502/788 849/1501/787
f 853/1506/790 848/1496/786 854/1507/791
f 865/1508/792 853/1506/790 854/1507/791
f 855/1509/793 854/1507/791 848/1496/786
f 857/1510/794 855/1509/793 856/1511/795
f 855/1509/793 857/1510/796 854/1507/791
f 897/1512/797 858/1513/798 855/1509/793
f 855/1509/793 858/1513/798 857/1510/796
f 854/1507/791 857/1510/796 866/1514/799
f 866/1514/799 857/1510/796 858/1513/798
f 865/1508/792 854/1507/791 866/1514/799
f 853/1506/790 859/1515/800 860/1516/801
f 865/1508/792 859/1517/800 853/1506/790
f 853/1506/790 860/1516/801 861/1518/802
f 862/1519/803 853/1506/790 861/1520/802
f 853/1506/790 862/1521/803 848/1496/786
f 848/1496/786 862/1521/803 864/1522/804
f 863/1523/805 864/1522/804 862/1524/803
f 864/1522/804 863/1525/805 865/1508/792
f 865/1508/792 863/1526/805 859/1527/800
f 865/1508/792 867/1488/783 864/1522/804
f 866/1514/799 867/1488/783 865/1508/792
f 864/1522/804 867/1488/783 848/1496/786
f 847/1490/784 848/1496/786 867/1488/783
f 846/1485/781 867/1488/783 845/1486/782
f 868/1481/779 845/1486/782 867/1488/783
f 867/1488/783 883/1528/806 868/1481/779
f 841/1471/775 868/1481/779 883/1528/806
f 841/1471/775 883/1528/806 875/1529/807
f 875/1529/807 870/1473/776 841/1471/775
f 839/1295/644 870/1473/776 869/1299/647
f 839/1295/644 869/1299/647 731/1301/642
f 871/1530/808 869/1299/647 870/1473/776
f 852/1317/661 869/1299/647 871/1530/808
f 852/1317/661 734/1316/648 869/1299/647
f 872/1502/788 852/1317/661 871/1530/808
f 870/1473/776 901/1531/809 871/1530/808
f 871/1530/808 901/1531/809 872/1502/788
f 873/1532/810 901/1531/809 870/1473/776
f 858/1513/798 873/1532/810 870/1473/776
f 858/1513/798 870/1473/776 875/1529/807
f 858/1513/798 898/1304/651 873/1532/810
f 873/1532/810 898/1304/651 874/1533/811
f 875/1529/807 877/1534/812 858/1513/798
f 876/1535/813 877/1534/812 875/1529/807
f 858/1513/798 878/1536/814 866/1514/799
f 858/1513/798 880/1537/815 878/1536/814
f 877/1534/812 879/1538/816 675/1539/817
f 675/1539/817 879/1538/816 676/1540/672
f 677/1541/667 877/1534/812 675/1542/817
f 880/1537/815 877/1534/812 677/1541/667
f 880/1537/815 858/1513/798 877/1534/812
f 746/1543/666 880/1537/815 677/1544/667
f 671/1545/668 880/1537/815 746/1543/666
f 671/1545/668 878/1536/814 880/1537/815
f 878/1536/814 671/1546/668 881/1547/818
f 881/1547/818 671/1546/668 669/1548/819
f 881/1547/818 669/1549/819 882/1550/820
f 866/1514/799 883/1528/806 867/1488/783
f 866/1514/799 878/1536/814 883/1528/806
f 886/1551/821 876/1535/813 875/1529/807
f 875/1529/807 883/1528/806 886/1551/821
f 876/1535/813 886/1551/821 666/1552/822
f 666/1552/822 674/1553/673 876/1535/813
f 674/1553/673 884/1554/823 876/1535/813
f 876/1535/813 884/1554/823 877/1534/812
f 674/1555/673 877/1534/812 884/1554/823
f 877/1534/812 674/1555/673 879/1538/816
f 676/1556/672 879/1538/816 674/1555/673
f 666/1552/822 886/1551/821 885/1557/824
f 887/1558/825 886/1551/821 883/1528/806
f 886/1551/821 665/1559/826 885/1557/824
f 666/1560/822 885/1557/824 665/1559/826
f 882/1561/820 665/1559/826 886/1551/821
f 887/1558/825 882/1561/820 886/1551/821
f 882/1550/820 887/1558/825 881/1547/818
f 878/1536/814 881/1547/818 883/1528/806
f 881/1547/818 887/1558/825 883/1528/806
f 889/1562/827 888/1289/639 728/1563/638
f 894/1564/828 888/1289/639 889/1562/827
f 894/1564/828 889/1562/827 891/1565/829
f 728/1566/638 891/1565/829 889/1562/827
f 890/1567/830 894/1564/828 891/1565/829
f 890/1567/830 891/1565/829 733/1296/645
f 891/1565/829 728/1297/638 733/1296/645
f 733/1296/645 892/1568/831 890/1567/830
f 732/1298/646 892/1568/831 733/1296/645
f 890/1567/830 895/1569/832 894/1564/828
f 894/1564/828 895/1569/832 893/1570/833
f 840/1571/774 888/1289/639 893/1570/833
f 840/1571/774 893/1570/833 895/1569/832
f 895/1569/832 732/1572/646 840/1573/774
f 732/1574/646 895/1569/832 890/1567/830
f 890/1567/830 892/1568/831 732/1574/646
f 893/1570/833 888/1289/639 894/1564/828
f 888/1289/639 840/1575/774 730/1576/643
f 729/1292/641 888/1289/639 730/1576/643
f 896/1577/834 898/1304/651 897/1512/797
f 896/1577/834 736/1578/649 898/1304/651
f 897/1512/797 898/1304/651 858/1513/798
f 900/1305/652 898/1304/651 735/1579/650
f 900/1305/652 899/1580/835 898/1304/651
f 899/1580/835 874/1533/811 898/1304/651
f 900/1305/652 901/1531/809 899/1580/835
f 901/1531/809 873/1532/810 899/1580/835
f 899/1580/835 873/1532/810 874/1533/811
f 901/1531/809 900/1305/652 902/1324/665
f 900/1305/652 737/1581/653 902/1324/665
f 902/1324/665 903/1582/836 901/1531/809
f 903/1582/836 872/1502/788 901/1531/809
f 903/1582/836 902/1324/665 904/1321/664
f 904/1321/664 902/1324/665 745/1323/663
f 848/1496/786 872/1502/788 903/1582/836
f 896/1577/834 903/1582/836 904/1321/664
f 896/1577/834 904/1321/664 736/1320/649
f 848/1496/786 903/1582/836 897/1512/797
f 897/1512/797 855/1509/793 848/1496/786
f 897/1512/797 903/1582/836 896/1577/834
f 907/1583/837 859/1584/800 905/1585/838
f 859/1586/800 907/1583/837 906/1587/839
f 860/1588/801 859/1586/800 906/1587/839
f 863/1589/805 905/1585/838 859/1590/800
f 863/1591/805 907/1583/837 905/1585/838
f 907/1583/837 863/1591/805 862/1592/803
f 906/1587/839 907/1583/837 862/1593/803
f 906/1587/839 862/1594/803 861/1595/802
f 860/1588/801 906/1587/839 861/1596/802
f 908/1597/840 912/1598/841 740/1313/658
f 739/1312/654 908/1597/840 740/1313/658
f 912/1598/841 913/1599/842 740/1313/658
f 909/1600/843 740/1313/658 913/1599/842
f 740/1313/658 909/1600/843 741/1311/657
f 913/1599/842 742/1315/660 909/1600/843
f 741/1311/657 909/1600/843 742/1315/660
f 913/1599/842 910/1601/844 742/1315/660
f 742/1315/660 910/1601/844 743/1314/659
f 915/1602/845 912/1598/841 908/1597/840
f 908/1597/840 911/1310/656 915/1602/845
f 908/1597/840 739/1603/654 911/1310/656
f 915/1602/845 913/1599/842 912/1598/841
f 743/1604/659 910/1601/844 913/1599/842
f 914/1605/846 743/1606/659 913/1599/842
f 743/1607/659 914/1605/846 738/1608/655
f 738/1609/655 914/1605/846 911/1310/656
f 914/1605/846 915/1602/845 911/1310/656
f 913/1599/842 915/1602/845 914/1605/846
f 916/1329/670 918/1610/847 917/1611/848
f 916/1329/670 677/1612/667 918/1610/847
f 919/1613/849 917/1611/848 918/1610/847
f 916/1329/670 917/1611/848 919/1613/849
f 677/1614/667 675/1615/817 920/1333/674
f 920/1333/674 918/1610/847 677/1612/667
f 675/1616/817 676/1331/672 920/1333/674
f 666/1617/822 920/1333/674 674/1618/673
f 665/1619/826 882/1620/820 921/1621/850
f 921/1621/850 920/1333/674 665/1622/826
f 666/1623/822 665/1622/826 920/1333/674
f 921/1621/850 882/1624/820 669/1625/819
f 921/1621/850 669/1625/819 747/1330/671
f 671/1328/669 747/1330/671 669/1625/819
f 671/1626/669 677/1627/667 916/1329/670
f 759/1352/693 922/1351/692 785/1378/718
f 785/1378/718 922/1351/692 786/1379/719
f 922/1351/692 925/1337/678 786/1379/719
f 786/1379/719 925/1337/678 782/1375/715
f 787/1380/720 782/1375/715 925/1337/678
f 925/1337/678 922/1351/692 753/1342/683
f 753/1342/683 752/1340/681 925/1337/678
f 925/1337/678 924/1628/851 787/1380/720
f 923/1629/852 787/1380/720 924/1628/851
f 925/1337/678 955/1630/853 924/1628/851
f 923/1631/852 924/1628/851 955/1630/853
f 925/1337/678 943/1632/854 927/1633/855
f 955/1630/853 925/1337/678 927/1633/855
f 955/1630/853 927/1633/855 749/1335/676
f 750/1634/675 955/1630/853 749/1335/676
f 749/1335/676 927/1633/855 926/1635/856
f 748/1336/677 749/1335/676 926/1635/856
f 943/1632/854 928/1636/857 927/1633/855
f 929/1637/858 926/1635/856 927/1633/855
f 748/1336/677 926/1635/856 929/1637/858
f 930/1638/859 927/1633/855 928/1636/857
f 929/1637/858 927/1633/855 930/1638/859
f 930/1638/859 928/1636/857 931/1639/860
f 929/1637/858 930/1638/859 932/1640/861
f 932/1640/861 930/1638/859 931/1639/860
f 932/1640/861 933/1641/862 929/1637/858
f 748/1336/677 929/1637/858 933/1641/862
f 934/1642/863 933/1641/862 932/1640/861
f 933/1641/862 934/1642/863 935/1643/864
f 936/1644/865 935/1643/864 934/1642/863
f 937/1645/866 934/1642/863 932/1640/861
f 934/1642/863 937/1645/866 936/1644/865
f 931/1639/860 938/1646/867 932/1640/861
f 932/1640/861 938/1646/867 937/1645/866
f 928/1636/857 939/1647/868 931/1639/860
f 938/1646/867 931/1639/860 939/1647/868
f 936/1644/865 937/1645/866 942/1648/869
f 936/1644/865 942/1648/869 940/1649/870
f 937/1645/866 938/1646/867 941/1650/871
f 938/1646/867 939/1647/868 941/1650/871
f 941/1650/871 942/1648/869 937/1645/866
f 943/1632/854 939/1647/868 928/1636/857
f 941/1650/871 939/1647/868 943/1632/854
f 943/1632/854 942/1648/869 941/1650/871
f 942/1648/869 943/1632/854 940/1649/870
f 940/1649/870 943/1632/854 949/1651/872
f 940/1649/870 949/1651/872 944/1652/873
f 940/1649/870 944/1652/873 945/1653/874
f 945/1653/874 946/1654/875 940/1649/870
f 945/1653/874 944/1652/873 949/1651/872
f 946/1654/875 945/1653/874 947/1655/876
f 947/1655/876 948/1656/877 946/1654/875
f 947/1655/876 945/1653/874 949/1651/872
f 948/1656/877 947/1655/876 950/1657/878
f 814/1658/747 948/1656/877 950/1657/878
f 947/1655/876 949/1651/872 950/1657/878
f 813/1659/746 814/1660/747 950/1657/878
f 950/1657/878 951/1661/879 813/1659/746
f 951/1661/879 950/1657/878 949/1651/872
f 951/1661/879 949/1651/872 943/1632/854
f 943/1632/854 953/1662/880 951/1661/879
f 813/1663/746 951/1661/879 953/1662/880
f 953/1662/880 952/1453/770 813/1663/746
f 813/1664/746 952/1453/770 734/1665/648
f 953/1662/880 943/1632/854 925/1337/678
f 953/1662/880 954/1666/881 952/1453/770
f 925/1337/678 954/1666/881 953/1662/880
f 925/1337/678 751/1339/680 954/1666/881
f 731/1667/642 952/1453/770 954/1666/881
f 751/1339/680 731/1668/642 954/1666/881
f 837/1441/768 956/1669/882 750/1334/675
f 957/1670/883 956/1669/882 837/1441/768
f 837/1441/768 960/1671/884 957/1670/883
f 748/1672/677 960/1671/884 837/1441/768
f 958/1673/885 956/1669/882 957/1670/883
f 923/1629/852 956/1669/882 958/1673/885
f 957/1670/883 960/1671/884 959/1674/886
f 788/1381/721 957/1670/883 959/1674/886
f 958/1673/885 957/1670/883 788/1381/721
f 958/1673/885 788/1381/721 787/1380/720
f 787/1380/720 923/1629/852 958/1673/885
f 955/1630/853 750/1334/675 956/1669/882
f 955/1630/853 956/1669/882 923/1629/852
f 962/1338/679 961/1675/887 751/1339/680
f 751/1339/680 961/1675/887 728/1445/638
f 963/1676/888 961/1675/887 962/1338/679
f 961/1675/887 963/1676/888 728/1450/638
f 962/1338/679 755/1341/682 754/1343/684
f 754/1343/684 970/1677/889 962/1338/679
f 970/1677/889 963/1676/888 962/1338/679
f 838/1448/769 728/1450/638 963/1676/888
f 971/1678/890 963/1676/888 970/1677/889
f 754/1343/684 964/1679/891 970/1677/889
f 804/1398/737 964/1679/891 754/1343/684
f 970/1677/889 964/1679/891 969/1680/892
f 804/1398/737 965/1399/738 964/1679/891
f 964/1679/891 966/1681/893 967/1682/894
f 964/1679/891 967/1682/894 969/1680/892
f 966/1681/893 964/1679/891 965/1399/738
f 967/1682/894 965/1399/738 805/1683/739
f 967/1682/894 966/1681/893 965/1399/738
f 967/1682/894 805/1684/739 844/1685/780
f 967/1682/894 844/1686/780 843/1687/778
f 968/1688/895 967/1682/894 843/1689/778
f 967/1682/894 968/1688/895 969/1680/892
f 842/1690/777 968/1688/895 843/1691/778
f 969/1680/892 971/1678/890 970/1677/889
f 963/1676/888 971/1678/890 842/1692/777
f 838/1448/769 963/1676/888 842/1693/777
f 842/1693/777 732/1694/646 838/1448/769
f 968/1688/895 842/1695/777 971/1678/890
f 968/1688/895 971/1678/890 969/1680/892
f 800/1393/732 972/1696/896 801/1394/733
f 972/1696/896 800/1393/732 798/1390/730
f 801/1439/733 972/1696/896 973/1697/897
f 973/1697/897 972/1696/896 798/1392/730
f 975/1698/898 974/1699/899 979/1700/900
f 795/1385/725 974/1699/899 975/1698/898
f 795/1385/725 793/1701/726 974/1699/899
f 795/1385/725 975/1698/898 794/1387/727
f 756/1347/688 794/1387/727 976/1702/901
f 976/1702/901 977/1703/902 756/1347/688
f 756/1347/688 977/1703/902 799/1391/731
f 799/1391/731 977/1703/902 978/1704/903
f 978/1704/903 798/1392/730 799/1391/731
f 980/1705/904 975/1698/898 979/1700/900
f 975/1698/898 980/1705/904 794/1387/727
f 981/1706/905 794/1387/727 980/1705/904
f 794/1387/727 981/1706/905 976/1702/901
f 976/1702/901 981/1706/905 982/1707/906
f 982/1707/906 977/1703/902 976/1702/901
f 977/1703/902 982/1707/906 983/1708/907
f 983/1708/907 978/1704/903 977/1703/902
f 984/1709/908 978/1704/903 983/1708/907
f 973/1697/897 798/1392/730 978/1704/903
f 978/1704/903 984/1709/908 973/1697/897
f 973/1697/897 984/1709/908 801/1440/733
f 983/1708/907 985/1710/909 984/1709/908
f 801/1711/733 984/1709/908 985/1710/909
f 974/1699/899 793/1701/726 791/1382/722
f 811/1410/744 851/1712/789 809/1411/743
f 811/1410/744 744/1713/662 851/1712/789
f 986/1464/773 987/1459/771 736/1714/649
f 988/1715/910 986/1464/773 745/1716/663
f 989/1717/911 986/1464/773 988/1718/910
f 989/1717/911 990/1719/912 986/1464/773
f 987/1459/771 986/1464/773 990/1719/912
f 735/1720/650 987/1459/771 991/1721/913
f 992/1722/914 991/1721/913 987/1459/771
f 735/1720/650 991/1721/913 992/1722/914
f 987/1459/771 993/1723/915 992/1724/914
f 993/1723/915 987/1459/771 990/1719/912
f 997/1725/916 993/1723/915 990/1719/912
f 993/1723/915 995/1726/917 992/1727/914
f 997/1725/916 995/1726/917 993/1723/915
f 992/1728/914 995/1726/917 994/1729/918
f 994/1730/918 995/1726/917 988/1731/910
f 995/1726/917 996/1732/919 988/1733/910
f 988/1734/910 996/1732/919 989/1717/911
f 989/1717/911 996/1732/919 997/1725/916
f 989/1717/911 997/1725/916 990/1719/912
f 996/1732/919 995/1726/917 997/1725/916
f 998/1735/920 1000/1462/772 999/1736/921
f 1000/1462/772 992/1737/914 999/1736/921
f 992/1737/914 1000/1462/772 735/1738/650
f 1001/1739/922 999/1736/921 992/1740/914
f 992/1741/914 994/1742/918 1001/1739/922
f 994/1743/918 988/1744/910 1001/1739/922
f 999/1736/921 1001/1739/922 998/1735/920
f 988/1745/910 1002/1746/923 1001/1739/922
f 1001/1739/922 1002/1746/923 998/1735/920
f 998/1735/920 1002/1746/923 1000/1462/772
f 988/1747/910 1000/1462/772 1002/1746/923
f 745/1748/663 1000/1462/772 988/1747/910
f 546/1066/483 553/1062/484 550/1064/486
f 513/1066/924 511/1066/924 503/1066/924 584/1066/924
f 554/1066/925 549/1749/926 548/1066/927 556/1066/925
f 538/1066/928 547/1066/928 550/1064/929
f 547/1059/481 546/1061/483 550/1064/486
f 545/1060/482 553/1062/484 546/1066/483
f 584/1066/930 502/1066/930 508/1066/930 525/1066/930
f 545/1060/931 579/1066/932 553/1062/933
f 578/1066/934 558/1066/934 552/1065/935
f 471/1066/936 480/1750/937 481/1066/938 476/1048/939
f 476/1048/470 477/1047/469 479/1066/940 473/1066/941
f 554/1066/942 467/1066/942 549/1749/943
f 467/1066/944 479/1066/944 549/1749/945
f 479/1066/946 478/1066/946 549/1749/947
f 479/1066/940 477/1047/469 478/1049/471
f 476/1048/470 482/1066/948 478/1049/471
f 527/1066/949 523/1066/949 571/1066/949 522/1066/949
f 582/1066/950 538/1066/950 478/1066/950
f 582/1066/951 535/1066/951 538/1066/951
f 535/1066/952 547/1066/952 538/1066/952
f 535/1066/953 545/1060/482 547/1059/481
f 535/1066/954 537/1066/954 545/1060/955
f 537/1066/956 531/1066/956 545/1060/957
f 531/1066/958 519/1066/958 545/1060/959
f 519/1066/960 569/1066/960 545/1060/961
f 569/1751/962 568/1752/963 545/1060/964
f 568/1752/965 579/1066/966 545/1060/967
f 521/1066/968 541/1066/968 578/1066/968
f 541/1066/969 580/1066/969 578/1066/969
f 483/1753/970 526/1066/971 516/1754/971 517/1755/971
f 579/1066/972 568/1752/973 578/1066/972
f 568/1752/974 518/1066/975 578/1066/975
f 518/1066/976 521/1066/976 578/1066/976
f 557/1756/977 556/1757/978 558/1066/979
f 581/1758/980 539/1066/981 558/1066/981
f 539/1066/982 557/1756/983 558/1066/982
f 557/1756/977 559/1066/984 556/1757/978
f 559/1066/985 555/1066/985 556/1757/986
f 555/1066/987 554/1066/987 556/1066/987
f 555/1066/988 544/1066/988 554/1066/988
f 581/1758/989 580/1759/990 541/1066/991 539/1066/991
f 543/1760/992 479/1066/993 467/1066/993
f 573/1761/994 524/1066/995 469/1066/995 528/1066/995
f 529/1066/996 533/1066/996 530/1057/997 534/1066/996
f 481/1066/998 482/1066/998 476/1048/999
f 473/1066/1000 474/1066/1000 476/1066/1000
f 474/1066/1001 471/1066/1001 476/1066/1001
f 496/1066/1002 582/1066/1002 478/1049/1003 495/1066/1002
f 481/1066/1004 485/1066/1004 482/1066/1004
f 485/1066/1005 507/1066/1005 495/1066/1005
f 507/1049/1006 506/1047/1007 495/1066/1008
f 506/1047/1009 508/1066/1010 495/1066/1010
f 508/1066/1011 499/1066/1011 495/1066/1011
f 499/1066/1012 509/1066/1013 495/1066/1014
f 509/1066/1013 500/1066/1015 495/1066/1014
f 500/1066/1016 498/1066/1016 495/1066/1016
f 498/1066/1017 496/1066/1017 495/1066/1017
f 496/1066/1018 493/1066/1018 582/1066/1018
f 483/1066/1019 480/1750/1020 474/1066/1019 470/1066/1019
f 536/1047/1021 537/1762/1022 582/1066/1023
f 537/1066/1024 535/1066/1024 582/1066/1024
f 536/1047/1021 531/1066/1025 537/1066/1022
f 534/1066/1026 530/1057/479 531/1056/478
f 532/1058/480 519/1066/1027 531/1066/478
f 520/1066/1028 577/1066/1028 541/1066/1028 521/1066/1028
f 487/1051/473 486/1050/472 531/1066/1029
f 486/1050/1030 534/1066/1031 531/1056/1032
f 532/1058/1033 569/1066/1034 519/1066/1034
f 518/1066/1035 568/1752/963 569/1751/962
f 532/1058/1036 518/1066/1037 569/1751/1038
f 514/1055/1039 575/1066/1040 486/1050/1041 488/1052/1042
f 533/1066/1043 520/1066/1043 521/1066/1043
f 509/1066/1044 499/1066/1044 508/1763/1045 502/1066/1044
f 478/1066/1046 538/1066/1046 550/1064/1047 549/1749/1048
f 577/1066/1049 562/1066/1049 541/1066/1049
f 562/1066/1050 539/1066/1050 541/1066/1050
f 540/1066/1051 562/1066/1051 557/1066/1051
f 562/1066/1052 560/1066/1052 557/1066/1052
f 560/1764/1053 559/1765/984 557/1756/977
f 539/1766/1054 540/1767/1055 557/1066/1056
f 562/1066/1057 540/1066/1055 539/1766/1054
f 542/1066/1058 555/1066/1058 559/1066/1058
f 560/1066/1053 562/1066/1059 559/1765/984
f 562/1066/1060 563/1066/1060 559/1765/1061
f 563/1066/1062 468/1066/1063 559/1765/1064
f 468/1066/1065 470/1066/1065 559/1765/1066
f 485/1066/1067 495/1066/1067 478/1049/1068 482/1066/1067
f 544/1066/1069 542/1066/1069 559/1066/1069
f 542/1066/1070 544/1066/1070 555/1066/1070
f 475/1066/1071 473/1066/1071 544/1066/1071
f 475/1768/1072 474/1769/1073 473/1066/1074
f 484/1066/1075 485/1066/1075 481/1066/1075
f 480/1750/937 484/1066/1076 481/1066/938
f 480/1750/1077 471/1066/1078 474/1066/1078
f 475/1066/1072 470/1066/1079 474/1769/1073
f 529/1066/1080 576/1066/1080 577/1066/1080 520/1066/1080
f 484/1066/1081 507/1066/1081 485/1066/1081
f 484/1066/1082 517/1066/1082 507/1066/1082
f 517/1755/1083 516/1754/1084 507/1066/1006
f 516/1754/1084 506/1047/1007 507/1049/1006
f 504/1770/1085 505/1771/1086 506/1066/1087
f 505/1771/1088 508/1066/1089 506/1047/1090
f 516/1754/1091 504/1770/1092 506/1066/1091
f 492/1772/1093 536/1066/1094 582/1066/1094 493/1054/1095
f 505/1771/1086 504/1770/1085 508/1066/1096
f 504/1770/1097 525/1066/1098 508/1066/1098
f 573/1761/1099 528/1066/1100 574/1066/1100 572/1066/1100
f 502/1066/1101 498/1066/1101 509/1773/1102
f 498/1066/1103 500/1066/1103 509/1066/1103
f 501/1066/1104 497/1773/1105 498/1049/1106
f 497/1773/1105 496/1066/1107 498/1066/1106
f 502/1066/1108 503/1066/1108 498/1066/1108
f 503/1066/1109 511/1066/1109 498/1066/1109
f 511/1066/1110 501/1066/1110 498/1049/1111
f 497/1773/1112 494/1066/1113 496/1066/1113
f 494/1066/1114 493/1066/1114 496/1066/1114
f 494/1066/1115 490/1066/1115 493/1066/1115
f 490/1066/1116 488/1066/1116 493/1066/1116
f 488/1052/474 487/1051/473 493/1066/1117
f 487/1066/473 492/1772/1118 493/1054/1117
f 575/1066/1119 529/1066/1119 534/1066/1119
f 579/1066/1120 578/1066/1120 552/1065/1121 553/1062/1122
f 486/1050/1123 575/1066/1124 534/1066/1124
f 533/1066/1125 532/1058/480 530/1057/479
f 526/1066/1126 472/1066/1126 470/1066/1126 566/1774/1127
f 529/1066/1128 520/1066/1128 533/1066/1128
f 544/1775/1129 543/1760/1130 467/1066/1131 554/1066/1131
f 532/1058/1132 533/1066/1133 521/1066/1133 518/1066/1133
f 567/1066/1134 563/1066/1134 562/1066/1134
f 572/1066/1135 574/1066/1135 562/1066/1135
f 558/1066/1136 556/1066/1136 548/1066/1136 552/1065/1137
f 564/1776/1138 566/1774/1139 562/1066/1140
f 566/1774/1141 567/1066/1142 562/1066/1142
f 567/1066/1143 566/1774/1144 563/1066/1143
f 566/1774/1145 470/1066/1146 563/1066/1146
f 470/1066/1147 468/1066/1063 563/1066/1062
f 548/1777/927 549/1749/926 550/1064/486 552/1065/487
f 472/1066/1148 483/1066/1148 470/1066/1148
f 480/1750/937 483/1066/1149 484/1049/1076
f 483/1753/1149 517/1066/1150 484/1066/1076
f 492/1772/1151 487/1066/1152 531/1066/1152 536/1066/1152
f 526/1066/1153 527/1066/1153 516/1754/1153
f 527/1066/1154 525/1066/1154 516/1754/1154
f 525/1066/1155 504/1770/1156 516/1754/1155
f 584/1066/1157 503/1066/1157 502/1066/1157
f 527/1066/1158 583/1066/1158 525/1066/1158
f 583/1778/1159 584/1779/1160 525/1066/1161
f 469/1066/1162 513/1066/1162 584/1066/1162
f 470/1066/1163 475/1066/1163 544/1066/1163 559/1765/1164
f 583/1778/1159 469/1066/1165 584/1066/1160
f 511/1066/1166 497/1773/1167 501/1066/1166
f 561/1066/1168 527/1066/1168 526/1066/1168 566/1774/1169
f 513/1066/1170 510/1055/477 511/1054/476
f 512/1053/475 491/1066/1171 511/1054/476
f 491/1066/1172 490/1066/1172 511/1054/1173
f 491/1066/1174 512/1053/1175 490/1066/1174
f 512/1053/1176 514/1066/1177 490/1066/1177
f 514/1055/1178 515/1780/1179 490/1066/1180
f 515/1780/1179 489/1781/1181 490/1048/1180
f 489/1781/1181 488/1066/1182 490/1066/1180
f 489/1781/1183 515/1780/1184 488/1066/1185
f 515/1780/1179 514/1055/1178 488/1066/1186
f 573/1761/1187 572/1782/1188 575/1066/1189
f 572/1066/1188 576/1066/1190 575/1783/1189
f 576/1066/1190 529/1066/1191 575/1066/1189
f 514/1055/1192 573/1761/1193 575/1066/1194
f 581/1758/1195 558/1066/1196 578/1066/1196 580/1759/1197
f 528/1066/1198 565/1066/1199 574/1066/1200
f 565/1066/1201 522/1066/1201 574/1066/1201
f 522/1066/1202 571/1066/1202 574/1066/1202
f 523/1066/1203 561/1066/1204 571/1066/1205
f 561/1066/1204 564/1066/1206 571/1066/1205
f 543/1760/1130 544/1775/1129 473/1066/941 479/1066/940
f 561/1066/1207 566/1774/1139 564/1776/1138
f 571/1066/1208 564/1066/1208 562/1066/1208 574/1066/1208
f 483/1066/1209 472/1066/1209 526/1066/1209
f 522/1066/1210 583/1066/1210 527/1066/1210
f 561/1066/1211 523/1066/1211 527/1066/1211
f 522/1066/1212 570/1066/1212 583/1066/1212
f 570/1066/1213 469/1066/1213 583/1778/1213
f 570/1066/1214 528/1066/1214 469/1066/1214
f 572/1066/1215 562/1066/1215 577/1066/1215 576/1066/1215
f 490/1066/1216 494/1066/1216 497/1773/1217 511/1066/1216
f 514/1066/1218 512/1053/1219 513/1066/1218
f 512/1053/475 510/1055/477 513/1066/1170
f 524/1066/1220 573/1761/1221 514/1055/1222
f 570/1066/1223 565/1066/1199 528/1066/1198
f 570/1066/1224 522/1066/1224 565/1066/1224
